entity_id_encoded,entity_type_encoded,source_ip_encoded,resource_accessed_encoded,auth_method_encoded,command_sequence_encoded,device_fingerprint_encoded,session_duration_scaled,hour_of_day_scaled,day_of_week_scaled,label,timestamp
48,0,2428,3,3,3,0,-0.1481767659199155,1.3392524895663893,0.41173258205095886,normal,2026-06-26 21:51:36.915579
3,1,3337,3,2,3,1,-0.8370026905990487,1.482607177993088,0.41173258205095886,normal,2026-06-26 22:13:36.915579
6,2,4349,3,2,3,0,-0.5735039711733934,1.482607177993088,0.41173258205095886,normal,2026-06-26 22:14:36.915579
5,1,4120,0,0,3,1,1.4364006326090581,1.482607177993088,0.41173258205095886,normal,2026-06-26 22:15:36.915579
0,2,801,3,2,4,0,0.6350915595280117,1.482607177993088,0.41173258205095886,normal,2026-06-26 22:20:36.915579
22,0,4364,1,1,4,0,-1.2374842205027063,1.482607177993088,0.41173258205095886,normal,2026-06-26 22:21:36.915579
14,0,2239,0,0,4,1,0.8955242168892211,1.482607177993088,0.41173258205095886,normal,2026-06-26 22:31:36.915579
47,0,3718,3,1,4,4,-1.2703650929869366,1.6259618664197868,0.41173258205095886,normal,2026-06-26 23:00:36.915579
45,0,2933,1,0,3,1,1.3737626185839988,1.6259618664197868,0.41173258205095886,normal,2026-06-26 23:08:36.915579
45,1,3129,3,1,4,4,-0.2230790282027582,1.6259618664197868,0.41173258205095886,normal,2026-06-26 23:29:36.915579
24,0,3650,0,2,3,4,0.325496182857584,1.6259618664197868,0.41173258205095886,normal,2026-06-26 23:29:36.915579
11,0,2610,2,2,3,0,-1.0842003402400637,1.6259618664197868,0.41173258205095886,normal,2026-06-26 23:36:36.915579
35,0,515,0,3,4,0,1.482497289853831,1.6259618664197868,0.41173258205095886,normal,2026-06-26 23:44:36.915579
18,1,2132,1,2,3,1,0.46007612337912424,1.6259618664197868,0.41173258205095886,normal,2026-06-26 23:46:36.915579
28,2,181,0,1,4,4,1.7289644670280813,1.6259618664197868,0.41173258205095886,normal,2026-06-26 23:49:36.915579
10,1,2090,2,1,4,4,1.488071948152823,-1.6711959673942849,0.9071044659743056,normal,2026-06-27 00:00:36.915579
47,1,633,2,2,4,1,1.1586865345209718,-1.6711959673942849,0.9071044659743056,normal,2026-06-27 00:24:36.915579
9,0,639,0,2,4,0,-0.03103204980246578,-1.6711959673942849,0.9071044659743056,normal,2026-06-27 00:34:36.915579
27,1,158,2,0,4,1,1.7202660777856875,-1.6711959673942849,0.9071044659743056,normal,2026-06-27 00:41:36.915579
35,2,2674,1,1,3,0,0.15695888411131848,-1.6711959673942849,0.9071044659743056,normal,2026-06-27 00:54:36.915579
3,1,2657,0,2,3,0,-0.10711652410388775,-1.6711959673942849,0.9071044659743056,normal,2026-06-27 00:57:36.915579
3,1,4064,2,0,4,1,-1.165311618490405,-1.6711959673942849,0.9071044659743056,normal,2026-06-27 00:59:36.915579
18,0,933,1,3,4,4,0.0255122860130051,-1.527841278967586,0.9071044659743056,normal,2026-06-27 01:02:36.915579
34,2,2421,2,0,4,4,-1.2945475762287733,-1.527841278967586,0.9071044659743056,normal,2026-06-27 01:15:36.915579
12,1,2408,1,1,4,1,1.434545617002669,-1.527841278967586,0.9071044659743056,normal,2026-06-27 01:22:36.915579
1,1,4952,3,1,3,1,-1.5324317019185403,-1.527841278967586,0.9071044659743056,normal,2026-06-27 01:25:36.915579
10,2,166,3,1,4,4,1.0049797491459918,-1.527841278967586,0.9071044659743056,normal,2026-06-27 01:41:36.915579
12,2,1063,3,3,3,1,0.6830047864598697,-1.3844865905408872,0.9071044659743056,normal,2026-06-27 02:09:36.915579
38,1,4144,1,3,4,0,-0.2857362651874691,-1.3844865905408872,0.9071044659743056,normal,2026-06-27 02:19:36.915579
19,2,4307,2,2,3,4,-0.9388459308337468,-1.3844865905408872,0.9071044659743056,normal,2026-06-27 02:21:36.915579
27,2,4859,1,2,4,1,1.7020331005560518,-1.3844865905408872,0.9071044659743056,normal,2026-06-27 02:23:36.915579
23,2,1856,3,1,4,1,-0.7812080502099942,-1.3844865905408872,0.9071044659743056,normal,2026-06-27 02:24:36.915579
33,2,3040,1,1,4,4,-0.7666947156729621,-1.3844865905408872,0.9071044659743056,normal,2026-06-27 02:35:36.915579
22,1,591,3,3,4,1,-1.3073212329173267,-1.3844865905408872,0.9071044659743056,normal,2026-06-27 02:38:36.915579
7,1,7,3,1,4,1,1.6880868433287444,-1.3844865905408872,0.9071044659743056,normal,2026-06-27 02:49:36.915579
30,1,3957,3,3,3,0,-1.0167854207415576,-1.2411319021141884,0.9071044659743056,normal,2026-06-27 03:02:36.915579
9,2,2967,2,2,4,0,0.660254413712085,-1.2411319021141884,0.9071044659743056,normal,2026-06-27 03:03:36.915579
49,2,3099,1,0,4,0,-0.29949990429808504,-1.2411319021141884,0.9071044659743056,normal,2026-06-27 03:16:36.915579
28,1,1801,2,3,4,1,-0.5568280536755452,-1.2411319021141884,0.9071044659743056,normal,2026-06-27 03:17:36.915579
43,2,2623,3,0,4,4,0.542609900643691,-1.2411319021141884,0.9071044659743056,normal,2026-06-27 03:18:36.915579
7,0,3374,0,3,4,1,1.7411422119674322,-1.2411319021141884,0.9071044659743056,normal,2026-06-27 03:37:36.915579
0,2,4370,3,0,4,0,0.8518880984798657,-1.0977772136874897,0.9071044659743056,normal,2026-06-27 04:04:36.915579
43,2,1179,2,2,4,0,0.23100572468966055,-1.0977772136874897,0.9071044659743056,normal,2026-06-27 04:05:36.915579
7,0,3046,1,2,3,0,0.7084271505992411,-1.0977772136874897,0.9071044659743056,normal,2026-06-27 04:05:36.915579
21,1,2528,3,3,3,1,0.24347181402378695,-1.0977772136874897,0.9071044659743056,normal,2026-06-27 04:19:36.915579
29,0,868,0,1,4,4,1.6468343719162002,-1.0977772136874897,0.9071044659743056,normal,2026-06-27 04:28:36.915579
42,0,616,2,3,4,1,1.0361305552615687,-1.0977772136874897,0.9071044659743056,normal,2026-06-27 04:35:36.915579
42,2,3840,2,3,3,0,1.197920595170088,-1.0977772136874897,0.9071044659743056,normal,2026-06-27 04:37:36.915579
1,1,2575,3,3,4,1,0.12452975117890334,-1.0977772136874897,0.9071044659743056,normal,2026-06-27 04:48:36.915579
13,2,4983,0,1,3,4,1.5625609168031542,-1.0977772136874897,0.9071044659743056,normal,2026-06-27 04:59:36.915579
41,1,2844,0,3,3,4,1.035025235081596,-1.0977772136874897,0.9071044659743056,normal,2026-06-27 04:59:36.915579
34,0,3042,2,2,3,4,1.1779671630516253,-0.954422525260791,0.9071044659743056,normal,2026-06-27 05:17:36.915579
41,1,1597,2,0,4,0,0.7581377242585329,-0.954422525260791,0.9071044659743056,normal,2026-06-27 05:20:36.915579
3,0,1756,0,1,4,4,1.6570705979307292,-0.954422525260791,0.9071044659743056,normal,2026-06-27 05:25:36.915579
42,1,2896,0,1,3,0,0.4296173438110081,-0.954422525260791,0.9071044659743056,normal,2026-06-27 05:33:36.915579
37,2,550,0,1,3,1,-0.6820175784072308,-0.954422525260791,0.9071044659743056,normal,2026-06-27 05:40:36.915579
40,0,4335,3,1,3,1,-1.6014517385479632,-0.954422525260791,0.9071044659743056,normal,2026-06-27 05:55:36.915579
30,1,3805,3,1,3,4,-1.5919652079598503,-0.954422525260791,0.9071044659743056,normal,2026-06-27 05:58:36.915579
20,2,1181,1,1,4,0,1.4082678311587975,-0.8110678368340922,0.9071044659743056,normal,2026-06-27 06:04:36.915579
7,0,33,0,3,4,0,-0.9688818052895254,-0.8110678368340922,0.9071044659743056,normal,2026-06-27 06:17:36.915579
27,2,371,1,3,4,1,-0.5006585655732825,-0.8110678368340922,0.9071044659743056,normal,2026-06-27 06:19:36.915579
38,0,2291,2,0,3,4,-0.7131491615631561,-0.8110678368340922,0.9071044659743056,normal,2026-06-27 06:25:36.915579
27,1,2218,3,1,4,4,0.6558331329921941,-0.8110678368340922,0.9071044659743056,normal,2026-06-27 06:28:36.915579
18,2,4928,2,3,3,4,-0.10207049719531694,-0.8110678368340922,0.9071044659743056,normal,2026-06-27 06:45:36.915579
29,1,2935,1,3,3,4,-0.4023042925153679,-0.8110678368340922,0.9071044659743056,normal,2026-06-27 06:50:36.915579
49,0,204,1,0,3,1,-0.43321481163529874,-0.8110678368340922,0.9071044659743056,normal,2026-06-27 06:51:36.915579
50,0,1855,3,0,3,0,-0.01108822916382873,-0.8110678368340922,0.9071044659743056,normal,2026-06-27 06:55:36.915579
34,1,2576,0,1,4,4,1.127997079437035,-0.8110678368340922,0.9071044659743056,normal,2026-06-27 06:58:36.915579
13,1,4747,0,1,3,4,0.3826172074626055,-0.6677131484073935,0.9071044659743056,normal,2026-06-27 07:10:36.915579
49,0,1850,2,3,4,1,0.5235311131893805,-0.6677131484073935,0.9071044659743056,normal,2026-06-27 07:22:36.915579
35,1,518,0,0,3,4,1.1570141370312739,-0.6677131484073935,0.9071044659743056,normal,2026-06-27 07:36:36.915579
29,1,1532,3,1,4,1,0.016515940896010144,-0.6677131484073935,0.9071044659743056,normal,2026-06-27 07:36:36.915579
11,1,1276,0,3,3,4,-0.8827245001306133,-0.6677131484073935,0.9071044659743056,normal,2026-06-27 07:38:36.915579
29,2,4510,0,2,4,4,0.94389879485272,-0.6677131484073935,0.9071044659743056,normal,2026-06-27 07:38:36.915579
3,0,3830,3,2,3,4,0.013824726544772417,-0.6677131484073935,0.9071044659743056,normal,2026-06-27 07:58:36.915579
22,0,1350,0,2,3,0,0.9089995116050616,-0.5243584599806946,0.9071044659743056,normal,2026-06-27 08:07:36.915579
19,0,4884,2,1,3,0,-0.5391525422758084,-0.5243584599806946,0.9071044659743056,normal,2026-06-27 08:13:36.915579
4,2,2199,0,0,3,1,0.30165971288947785,-0.5243584599806946,0.9071044659743056,normal,2026-06-27 08:16:36.915579
9,1,2491,3,0,4,0,0.012921247441142541,-0.5243584599806946,0.9071044659743056,normal,2026-06-27 08:17:36.915579
40,0,4407,0,3,4,1,-0.4621357544312791,-0.5243584599806946,0.9071044659743056,normal,2026-06-27 08:21:36.915579
3,0,3868,3,2,4,0,1.2819729862471392,-0.5243584599806946,0.9071044659743056,normal,2026-06-27 08:27:36.915579
11,1,926,3,2,3,4,-1.3083592727385185,-0.5243584599806946,0.9071044659743056,normal,2026-06-27 08:43:36.915579
2,2,3008,1,1,3,4,-0.75229671889384,-0.5243584599806946,0.9071044659743056,normal,2026-06-27 08:44:36.915579
26,0,4453,2,0,4,1,-0.4102337633716935,-0.5243584599806946,0.9071044659743056,normal,2026-06-27 08:49:36.915579
19,1,4775,2,0,4,1,0.12773037396091105,-0.5243584599806946,0.9071044659743056,normal,2026-06-27 08:51:36.915579
19,0,4777,1,2,3,1,1.4658886527147632,-0.5243584599806946,0.9071044659743056,normal,2026-06-27 08:52:36.915579
3,0,3926,0,3,3,4,0.8106836844664503,-0.3810037715539959,0.9071044659743056,normal,2026-06-27 09:01:36.915579
6,1,2063,0,2,3,4,0.9529816432881477,-0.3810037715539959,0.9071044659743056,normal,2026-06-27 09:02:36.915579
1,1,3262,0,0,3,4,1.2709966762860194,-0.3810037715539959,0.9071044659743056,normal,2026-06-27 09:06:36.915579
9,1,4384,1,3,3,1,-0.5251101702502429,-0.3810037715539959,0.9071044659743056,normal,2026-06-27 09:10:36.915579
28,2,3474,2,3,4,4,-0.8870016086531162,-0.3810037715539959,0.9071044659743056,normal,2026-06-27 09:11:36.915579
22,2,986,3,0,4,1,0.9111332601264004,-0.3810037715539959,0.9071044659743056,normal,2026-06-27 09:12:36.915579
34,0,4223,3,2,4,4,0.6707405382020863,-0.3810037715539959,0.9071044659743056,normal,2026-06-27 09:12:36.915579
35,1,2181,2,3,4,0,-0.055983451430370285,-0.3810037715539959,0.9071044659743056,normal,2026-06-27 09:19:36.915579
31,1,4468,3,1,4,0,-1.0404392725929725,-0.3810037715539959,0.9071044659743056,normal,2026-06-27 09:20:36.915579
25,2,819,0,2,3,0,0.7368194620047995,-0.3810037715539959,0.9071044659743056,normal,2026-06-27 09:22:36.915579
28,0,1485,3,1,4,4,1.3071166174715605,-0.3810037715539959,0.9071044659743056,normal,2026-06-27 09:25:36.915579
37,2,4706,3,2,4,1,0.33346409963321294,-0.3810037715539959,0.9071044659743056,normal,2026-06-27 09:36:36.915579
13,0,1778,0,3,4,1,0.19292504161964596,-0.3810037715539959,0.9071044659743056,normal,2026-06-27 09:38:36.915579
40,1,3754,3,0,3,0,1.1222974719003067,-0.23764908312729716,0.9071044659743056,normal,2026-06-27 10:02:36.915579
8,1,4995,0,3,3,4,-1.5211958820021225,-0.23764908312729716,0.9071044659743056,normal,2026-06-27 10:03:36.915579
45,1,455,2,0,3,0,-0.20949800720883321,-0.23764908312729716,0.9071044659743056,normal,2026-06-27 10:14:36.915579
43,1,723,2,0,3,4,-0.2536243110893069,-0.23764908312729716,0.9071044659743056,normal,2026-06-27 10:18:36.915579
8,2,4447,1,2,4,0,-1.215791110535765,-0.23764908312729716,0.9071044659743056,normal,2026-06-27 10:19:36.915579
2,1,2315,2,2,4,4,1.71197137069598,-0.23764908312729716,0.9071044659743056,normal,2026-06-27 10:25:36.915579
49,0,3481,1,1,3,4,0.25080537313091,-0.09429439470059839,0.9071044659743056,normal,2026-06-27 11:07:36.915579
34,1,648,3,3,4,4,1.332202579817027,-0.09429439470059839,0.9071044659743056,normal,2026-06-27 11:09:36.915579
30,0,1119,0,1,4,1,-0.6088742169325185,-0.09429439470059839,0.9071044659743056,normal,2026-06-27 11:22:36.915579
11,0,2397,1,3,3,4,1.0264421835971127,-0.09429439470059839,0.9071044659743056,normal,2026-06-27 11:32:36.915579
29,2,3951,2,0,3,4,-0.5590867514346196,-0.09429439470059839,0.9071044659743056,normal,2026-06-27 11:33:36.915579
15,1,2900,1,1,3,0,1.5518729512368101,-0.09429439470059839,0.9071044659743056,normal,2026-06-27 11:41:36.915579
26,1,301,0,3,3,0,-0.5434392622781372,-0.09429439470059839,0.9071044659743056,normal,2026-06-27 11:48:36.915579
21,0,2089,1,0,3,4,1.173968787444072,0.04906029372610037,0.9071044659743056,normal,2026-06-27 12:03:36.915579
50,0,793,0,2,4,1,-1.1747116457600855,0.04906029372610037,0.9071044659743056,normal,2026-06-27 12:04:36.915579
44,1,189,2,0,3,1,-0.8974588987036402,0.04906029372610037,0.9071044659743056,normal,2026-06-27 12:08:36.915579
40,0,1133,1,2,4,0,0.16071697272322538,0.04906029372610037,0.9071044659743056,normal,2026-06-27 12:23:36.915579
37,2,1583,0,3,3,4,-1.5757314185339908,0.04906029372610037,0.9071044659743056,normal,2026-06-27 12:42:36.915579
36,0,3747,1,1,3,4,-1.0762420349442607,0.04906029372610037,0.9071044659743056,normal,2026-06-27 12:50:36.915579
22,0,4575,3,1,4,4,-0.7313917502726179,0.19241498215279915,0.9071044659743056,normal,2026-06-27 13:04:36.915579
36,2,397,2,0,3,1,1.1450959020472207,0.19241498215279915,0.9071044659743056,normal,2026-06-27 13:04:36.915579
16,2,4174,0,1,3,4,-0.24970282732036048,0.19241498215279915,0.9071044659743056,normal,2026-06-27 13:19:36.915579
5,1,3521,3,2,3,0,0.5091331164102584,0.19241498215279915,0.9071044659743056,normal,2026-06-27 13:28:36.915579
28,0,5,0,0,3,0,-1.7038716675722123,0.19241498215279915,0.9071044659743056,normal,2026-06-27 13:35:36.915579
40,2,3452,2,2,3,0,0.18290987964111127,0.19241498215279915,0.9071044659743056,normal,2026-06-27 13:47:36.915579
36,2,2051,3,2,3,1,-1.4486292093169613,0.19241498215279915,0.9071044659743056,normal,2026-06-27 13:55:36.915579
20,2,1495,2,1,3,1,-1.6719519430705672,0.3357696705794979,0.9071044659743056,normal,2026-06-27 14:01:36.915579
17,2,4053,1,3,4,4,0.16126482707329895,0.3357696705794979,0.9071044659743056,normal,2026-06-27 14:18:36.915579
29,2,813,2,3,4,4,1.087090621298221,0.3357696705794979,0.9071044659743056,normal,2026-06-27 14:41:36.915579
11,1,4530,3,3,4,4,0.8859319600230235,0.3357696705794979,0.9071044659743056,normal,2026-06-27 14:45:36.915579
37,1,3385,3,1,4,0,-1.5322971412009785,0.3357696705794979,0.9071044659743056,normal,2026-06-27 14:53:36.915579
10,1,2618,1,3,4,0,0.2971230944116768,0.47912435900619665,0.9071044659743056,normal,2026-06-27 15:02:36.915579
12,2,930,2,2,3,1,1.7049742133827617,0.47912435900619665,0.9071044659743056,normal,2026-06-27 15:10:36.915579
50,0,3445,3,3,3,4,1.369408618222889,0.47912435900619665,0.9071044659743056,normal,2026-06-27 15:18:36.915579
47,2,1025,0,0,3,1,-0.6933591246017328,0.47912435900619665,0.9071044659743056,normal,2026-06-27 15:21:36.915579
23,1,1081,0,2,4,0,-0.5219479933875385,0.47912435900619665,0.9071044659743056,normal,2026-06-27 15:23:36.915579
14,1,3423,1,2,3,0,-1.0829124019434002,0.47912435900619665,0.9071044659743056,normal,2026-06-27 15:26:36.915579
34,1,1434,3,1,4,4,-0.033502200117708957,0.47912435900619665,0.9071044659743056,normal,2026-06-27 15:36:36.915579
24,0,3810,2,1,4,4,-0.4365019377357392,0.47912435900619665,0.9071044659743056,normal,2026-06-27 15:44:36.915579
14,0,669,3,3,3,1,-1.6510950318484745,0.47912435900619665,0.9071044659743056,normal,2026-06-27 15:50:36.915579
23,1,1848,0,3,3,1,-0.7176761685611311,0.47912435900619665,0.9071044659743056,normal,2026-06-27 15:50:36.915579
17,1,3094,2,0,3,1,-0.18369118387642824,0.6224790474328954,0.9071044659743056,normal,2026-06-27 16:01:36.915579
22,1,1562,1,1,4,0,-1.412076751539257,0.6224790474328954,0.9071044659743056,normal,2026-06-27 16:39:36.915579
33,0,2989,3,1,3,1,-0.43358965934850696,0.6224790474328954,0.9071044659743056,normal,2026-06-27 16:43:36.915579
41,0,1770,1,1,4,0,-1.1220791822337357,0.7658337358595942,0.9071044659743056,normal,2026-06-27 17:12:36.915579
19,2,4657,3,1,4,1,1.067915719045652,0.7658337358595942,0.9071044659743056,normal,2026-06-27 17:29:36.915579
3,2,4249,2,3,4,4,1.0276916759744734,0.7658337358595942,0.9071044659743056,normal,2026-06-27 17:30:36.915579
44,0,2411,2,2,3,1,-0.8306591139139883,0.7658337358595942,0.9071044659743056,normal,2026-06-27 17:44:36.915579
41,2,519,3,2,4,0,-1.540918638604765,0.909188424286293,0.9071044659743056,normal,2026-06-27 18:08:36.915579
36,1,4975,0,2,4,1,-1.2283725376278016,0.909188424286293,0.9071044659743056,normal,2026-06-27 18:13:36.915579
34,2,4922,0,3,4,0,-0.865798684157293,0.909188424286293,0.9071044659743056,normal,2026-06-27 18:22:36.915579
48,2,4413,2,3,4,4,0.07077274451292881,0.909188424286293,0.9071044659743056,normal,2026-06-27 18:39:36.915579
26,0,1569,2,1,4,4,-0.1931392685452379,0.909188424286293,0.9071044659743056,normal,2026-06-27 18:53:36.915579
49,1,2188,3,3,3,4,0.5742701151900382,0.909188424286293,0.9071044659743056,normal,2026-06-27 18:55:36.915579
14,0,4932,0,1,4,0,-1.0516174236304352,1.0525431127129916,0.9071044659743056,normal,2026-06-27 19:15:36.915579
4,1,3015,3,0,4,4,-1.0430632065854295,1.0525431127129916,0.9071044659743056,normal,2026-06-27 19:21:36.915579
46,1,2625,1,2,3,1,-0.6287026998132453,1.0525431127129916,0.9071044659743056,normal,2026-06-27 19:23:36.915579
30,2,1713,0,0,3,1,0.30763805334115585,1.0525431127129916,0.9071044659743056,normal,2026-06-27 19:26:36.915579
21,1,1744,2,0,4,4,1.1829747440408926,1.1958978011396906,0.9071044659743056,normal,2026-06-27 20:16:36.915579
19,0,4334,2,1,4,0,1.1077649144036228,1.3392524895663893,0.9071044659743056,normal,2026-06-27 21:25:36.915579
13,0,4758,3,2,4,1,-0.4466516604318359,1.3392524895663893,0.9071044659743056,normal,2026-06-27 21:35:36.915579
49,0,2699,3,1,3,4,1.4186578408505406,1.3392524895663893,0.9071044659743056,normal,2026-06-27 21:36:36.915579
44,0,4273,2,2,3,4,-1.4196313746823745,1.3392524895663893,0.9071044659743056,normal,2026-06-27 21:57:36.915579
15,2,778,1,3,4,4,-0.2219833195026113,1.3392524895663893,0.9071044659743056,normal,2026-06-27 21:58:36.915579
17,0,3679,3,2,4,0,0.5816517316962903,1.482607177993088,0.9071044659743056,normal,2026-06-27 22:03:36.915579
27,0,3081,2,3,4,0,-1.2641945229387415,1.482607177993088,0.9071044659743056,normal,2026-06-27 22:05:36.915579
27,1,1124,3,1,4,1,0.7799942293825141,1.482607177993088,0.9071044659743056,normal,2026-06-27 22:05:36.915579
26,0,1821,0,2,3,4,1.391342015185477,1.482607177993088,0.9071044659743056,normal,2026-06-27 22:06:36.915579
25,0,950,3,3,4,1,-1.0559329780722413,1.482607177993088,0.9071044659743056,normal,2026-06-27 22:12:36.915579
16,2,3397,2,0,3,0,-0.09886026293348339,1.482607177993088,0.9071044659743056,normal,2026-06-27 22:15:36.915579
34,1,546,3,1,3,0,1.4734048299385774,1.482607177993088,0.9071044659743056,normal,2026-06-27 22:16:36.915579
46,2,4285,2,2,4,0,1.457670837463662,1.482607177993088,0.9071044659743056,normal,2026-06-27 22:40:36.915579
3,2,3613,2,1,3,1,-0.8423562848620467,1.482607177993088,0.9071044659743056,normal,2026-06-27 22:42:36.915579
10,0,4732,2,1,3,1,-1.197692694023691,1.482607177993088,0.9071044659743056,normal,2026-06-27 22:43:36.915579
14,2,4539,3,2,3,0,1.6525820368520574,1.482607177993088,0.9071044659743056,normal,2026-06-27 22:44:36.915579
48,1,4956,0,3,3,0,1.3335770214321236,1.482607177993088,0.9071044659743056,normal,2026-06-27 22:48:36.915579
2,2,4253,0,3,3,1,-0.8528327978722224,1.482607177993088,0.9071044659743056,normal,2026-06-27 22:50:36.915579
19,1,2757,1,0,4,1,0.0331245780350775,1.482607177993088,0.9071044659743056,normal,2026-06-27 22:57:36.915579
27,0,2541,0,1,3,0,-0.12767547945137925,1.6259618664197868,0.9071044659743056,normal,2026-06-27 23:14:36.915579
17,0,3102,2,1,3,1,1.4165433152888534,1.6259618664197868,0.9071044659743056,normal,2026-06-27 23:15:36.915579
14,0,4768,0,3,3,1,-0.21942666586893556,1.6259618664197868,0.9071044659743056,normal,2026-06-27 23:18:36.915579
4,2,861,1,1,4,0,1.4409276396070332,1.6259618664197868,0.9071044659743056,normal,2026-06-27 23:24:36.915579
38,0,3758,2,0,4,1,-0.4463633160370605,1.6259618664197868,0.9071044659743056,normal,2026-06-27 23:30:36.915579
49,2,474,2,0,4,4,0.3127129146892044,1.6259618664197868,0.9071044659743056,normal,2026-06-27 23:31:36.915579
12,2,4566,1,2,4,1,1.529497426202233,1.6259618664197868,0.9071044659743056,normal,2026-06-27 23:32:36.915579
3,1,4760,3,0,3,0,1.6898457441368753,1.6259618664197868,0.9071044659743056,normal,2026-06-27 23:42:36.915579
38,2,2824,0,0,4,1,-0.7460973144061672,1.6259618664197868,0.9071044659743056,normal,2026-06-27 23:53:36.915579
38,1,1199,3,1,3,1,-0.7809965976538257,-1.6711959673942849,1.4024763498976525,normal,2026-06-28 00:20:36.915579
8,1,3375,2,3,3,4,1.5155223345354483,-1.6711959673942849,1.4024763498976525,normal,2026-06-28 00:24:36.915579
0,2,2997,0,3,4,4,-0.6812006026220336,-1.6711959673942849,1.4024763498976525,normal,2026-06-28 00:42:36.915579
45,2,314,1,0,4,0,-1.0854306096577726,-1.6711959673942849,1.4024763498976525,normal,2026-06-28 00:43:36.915579
40,0,2099,1,2,4,0,-1.538583049007084,-1.6711959673942849,1.4024763498976525,normal,2026-06-28 00:53:36.915579
41,0,4361,3,0,4,0,0.2158003636051672,-1.6711959673942849,1.4024763498976525,normal,2026-06-28 00:53:36.915579
40,2,3644,0,3,4,0,-0.9420849995350578,-1.6711959673942849,1.4024763498976525,normal,2026-06-28 00:58:36.915579
33,2,4000,2,3,3,4,-1.5299903860427748,-1.527841278967586,1.4024763498976525,normal,2026-06-28 01:15:36.915579
41,0,1395,2,1,4,1,1.3111438275185914,-1.527841278967586,1.4024763498976525,normal,2026-06-28 01:18:36.915579
35,0,4690,1,2,4,1,-1.0544624216588865,-1.527841278967586,1.4024763498976525,normal,2026-06-28 01:26:36.915579
39,1,2694,0,0,3,4,0.05474079616341232,-1.527841278967586,1.4024763498976525,normal,2026-06-28 01:38:36.915579
46,2,64,1,1,4,1,1.5728836461361164,-1.527841278967586,1.4024763498976525,normal,2026-06-28 01:41:36.915579
0,1,1746,0,3,4,4,-0.7395038392456347,-1.527841278967586,1.4024763498976525,normal,2026-06-28 01:48:36.915579
25,1,3954,0,0,3,0,1.3064822598030548,-1.527841278967586,1.4024763498976525,normal,2026-06-28 01:55:36.915579
47,2,531,3,1,3,0,1.0004815765874944,-1.527841278967586,1.4024763498976525,normal,2026-06-28 01:57:36.915579
5,2,587,3,1,4,4,1.0374953853968394,-1.3844865905408872,1.4024763498976525,normal,2026-06-28 02:23:36.915579
16,0,3272,1,3,4,0,1.0994221499147854,-1.3844865905408872,1.4024763498976525,normal,2026-06-28 02:25:36.915579
1,2,3363,3,0,4,0,0.6429825844650339,-1.3844865905408872,1.4024763498976525,normal,2026-06-28 02:26:36.915579
47,2,1644,3,0,4,1,1.1837244394673088,-1.3844865905408872,1.4024763498976525,normal,2026-06-28 02:28:36.915579
7,1,1651,0,3,4,1,1.630235346256958,-1.3844865905408872,1.4024763498976525,normal,2026-06-28 02:33:36.915579
4,2,2274,3,2,4,4,1.1247387877760724,-1.3844865905408872,1.4024763498976525,normal,2026-06-28 02:35:36.915579
6,1,4916,3,3,4,1,-0.46876767551111487,-1.3844865905408872,1.4024763498976525,normal,2026-06-28 02:36:36.915579
0,0,756,0,3,4,4,-1.2902512447466186,-1.3844865905408872,1.4024763498976525,normal,2026-06-28 02:45:36.915579
15,1,807,2,0,3,4,0.3448537032268441,-1.3844865905408872,1.4024763498976525,normal,2026-06-28 02:52:36.915579
11,0,857,3,0,3,0,0.9959449581096933,-1.3844865905408872,1.4024763498976525,normal,2026-06-28 02:54:36.915579
26,1,773,2,3,3,0,-1.4938992792967112,-1.3844865905408872,1.4024763498976525,normal,2026-06-28 02:54:36.915579
44,2,3698,3,0,4,4,0.5278562791110126,-1.3844865905408872,1.4024763498976525,normal,2026-06-28 02:56:36.915579
38,1,73,0,3,4,0,0.07564576478463429,-1.3844865905408872,1.4024763498976525,normal,2026-06-28 02:56:36.915579
16,1,3310,3,0,3,0,1.0672525269376685,-1.2411319021141884,1.4024763498976525,normal,2026-06-28 03:07:36.915579
15,2,2368,2,0,4,1,0.513996525202138,-1.2411319021141884,1.4024763498976525,normal,2026-06-28 03:11:36.915579
39,0,3095,0,2,4,1,-1.041179356539563,-1.2411319021141884,1.4024763498976525,normal,2026-06-28 03:12:36.915579
13,1,1921,3,0,4,1,-1.2879637125480665,-1.2411319021141884,1.4024763498976525,normal,2026-06-28 03:27:36.915579
43,1,4044,2,2,4,1,1.6133287532432898,-1.2411319021141884,1.4024763498976525,normal,2026-06-28 03:29:36.915579
34,1,3039,3,2,4,1,-0.9231696072377866,-1.2411319021141884,1.4024763498976525,normal,2026-06-28 03:35:36.915579
19,0,2189,1,3,3,1,-1.3687482004843288,-1.2411319021141884,1.4024763498976525,normal,2026-06-28 03:44:36.915579
49,1,2545,3,1,4,1,-0.36308945482590327,-1.2411319021141884,1.4024763498976525,normal,2026-06-28 03:52:36.915579
4,1,4047,1,2,4,1,-1.1021834189942274,-1.2411319021141884,1.4024763498976525,normal,2026-06-28 03:57:36.915579
8,2,4680,1,1,3,1,0.573645369001358,-1.0977772136874897,1.4024763498976525,normal,2026-06-28 04:07:36.915579
46,1,654,0,3,3,0,-0.4178652783534178,-1.0977772136874897,1.4024763498976525,normal,2026-06-28 04:19:36.915579
20,2,4214,1,3,3,0,1.1785342403613506,-1.0977772136874897,1.4024763498976525,normal,2026-06-28 04:23:36.915579
15,0,2635,1,0,4,4,-1.23752266642201,-1.0977772136874897,1.4024763498976525,normal,2026-06-28 04:51:36.915579
11,1,1471,2,0,3,0,-0.4972272672754544,-1.0977772136874897,1.4024763498976525,normal,2026-06-28 04:52:36.915579
50,1,3691,1,3,4,1,1.7159793577833586,-1.0977772136874897,1.4024763498976525,normal,2026-06-28 04:57:36.915579
24,1,4113,2,1,3,4,-1.0850365389849126,-1.0977772136874897,1.4024763498976525,normal,2026-06-28 04:59:36.915579
17,2,85,0,1,3,1,0.5625729442419798,-0.954422525260791,1.4024763498976525,normal,2026-06-28 05:28:36.915579
20,1,2538,0,3,3,0,0.26456901224152574,-0.954422525260791,1.4024763498976525,normal,2026-06-28 05:29:36.915579
21,0,1486,2,1,4,1,0.9403617702768076,-0.954422525260791,1.4024763498976525,normal,2026-06-28 05:31:36.915579
29,2,2937,2,2,3,1,0.8511576260131014,-0.954422525260791,1.4024763498976525,normal,2026-06-28 05:37:36.915579
46,2,4298,0,0,3,0,-0.7735669237484442,-0.954422525260791,1.4024763498976525,normal,2026-06-28 05:42:36.915579
18,1,115,0,0,4,4,-0.6515203529198113,-0.954422525260791,1.4024763498976525,normal,2026-06-28 05:45:36.915579
38,0,2984,3,1,3,1,-1.3413458715008328,-0.954422525260791,1.4024763498976525,normal,2026-06-28 05:49:36.915579
12,0,477,1,3,3,1,-0.9659406924628156,-0.954422525260791,1.4024763498976525,normal,2026-06-28 05:55:36.915579
36,1,3366,2,2,4,0,0.32744731326223114,-0.8110678368340922,1.4024763498976525,normal,2026-06-28 06:14:36.915579
43,0,2141,3,1,3,0,-1.672980371411933,-0.8110678368340922,1.4024763498976525,normal,2026-06-28 06:15:36.915579
23,1,3228,2,0,4,4,0.18932073668495253,-0.8110678368340922,1.4024763498976525,normal,2026-06-28 06:16:36.915579
19,1,196,0,0,3,0,0.526549117854697,-0.8110678368340922,1.4024763498976525,normal,2026-06-28 06:24:36.915579
4,1,1577,1,3,3,0,-0.7093141811126425,-0.8110678368340922,1.4024763498976525,normal,2026-06-28 06:26:36.915579
9,0,730,1,0,3,4,0.7380785658619857,-0.8110678368340922,1.4024763498976525,normal,2026-06-28 06:33:36.915579
16,0,4147,0,3,3,0,-1.3604246589551434,-0.8110678368340922,1.4024763498976525,normal,2026-06-28 06:41:36.915579
44,2,3212,1,1,4,0,-1.1434839478059018,-0.8110678368340922,1.4024763498976525,normal,2026-06-28 06:47:36.915579
0,1,1900,0,2,3,1,-0.015970860915360045,-0.8110678368340922,1.4024763498976525,normal,2026-06-28 06:53:36.915579
47,0,3513,1,3,3,1,-0.41347283207300456,-0.6677131484073935,1.4024763498976525,normal,2026-06-28 07:08:36.915579
17,2,4807,3,1,4,4,-0.8679997130374124,-0.6677131484073935,1.4024763498976525,normal,2026-06-28 07:18:36.915579
10,1,2506,0,0,4,1,0.7621553228257381,-0.6677131484073935,1.4024763498976525,normal,2026-06-28 07:39:36.915579
0,2,2253,1,3,4,4,1.2429119322348883,-0.6677131484073935,1.4024763498976525,normal,2026-06-28 07:41:36.915579
7,1,191,3,0,3,4,0.7130598838753001,-0.6677131484073935,1.4024763498976525,normal,2026-06-28 07:42:36.915579
29,0,674,2,3,4,1,-0.0758503802304004,-0.6677131484073935,1.4024763498976525,normal,2026-06-28 07:47:36.915579
15,1,3631,1,1,3,0,0.820285552812474,-0.6677131484073935,1.4024763498976525,normal,2026-06-28 07:55:36.915579
47,1,4783,3,3,4,4,1.5635989566243458,-0.5243584599806946,1.4024763498976525,normal,2026-06-28 08:10:36.915579
45,1,4461,0,0,4,4,-1.4134319701947018,-0.5243584599806946,1.4024763498976525,normal,2026-06-28 08:11:36.915579
30,1,2790,2,3,4,1,1.016494301977359,-0.5243584599806946,1.4024763498976525,normal,2026-06-28 08:12:36.915579
23,1,2305,0,2,4,1,1.201380727907394,-0.5243584599806946,1.4024763498976525,normal,2026-06-28 08:18:36.915579
49,2,4327,0,3,4,0,-0.3625800463951333,-0.5243584599806946,1.4024763498976525,normal,2026-06-28 08:22:36.915579
4,2,3864,1,0,3,1,1.185425671396484,-0.5243584599806946,1.4024763498976525,normal,2026-06-28 08:32:36.915579
13,0,1327,0,0,4,0,-1.359242446936564,-0.5243584599806946,1.4024763498976525,normal,2026-06-28 08:56:36.915579
0,0,3519,2,0,3,4,1.265729585341454,-0.5243584599806946,1.4024763498976525,normal,2026-06-28 08:57:36.915579
15,0,4134,0,1,4,0,0.16017872985297787,-0.3810037715539959,1.4024763498976525,normal,2026-06-28 09:13:36.915579
26,1,3736,0,3,4,4,-0.1813171483594435,-0.3810037715539959,1.4024763498976525,normal,2026-06-28 09:23:36.915579
28,0,1458,0,3,4,0,0.510872794258737,-0.3810037715539959,1.4024763498976525,normal,2026-06-28 09:24:36.915579
12,2,1473,1,0,3,1,-1.3024289896859695,-0.3810037715539959,1.4024763498976525,normal,2026-06-28 09:28:36.915579
43,2,3682,0,3,3,4,-0.9922953701452939,-0.3810037715539959,1.4024763498976525,normal,2026-06-28 09:35:36.915579
28,1,2146,3,2,3,0,1.0035380271721144,-0.3810037715539959,1.4024763498976525,normal,2026-06-28 09:42:36.915579
45,2,2679,2,1,4,0,-0.8363587214507168,-0.3810037715539959,1.4024763498976525,normal,2026-06-28 09:42:36.915579
3,2,2897,2,2,4,4,1.4587473232041575,-0.3810037715539959,1.4024763498976525,normal,2026-06-28 09:46:36.915579
40,2,2488,2,3,4,1,-0.5903721182677589,-0.3810037715539959,1.4024763498976525,normal,2026-06-28 09:54:36.915579
6,2,1014,3,2,3,0,-0.47094948143158283,-0.3810037715539959,1.4024763498976525,normal,2026-06-28 09:57:36.915579
50,1,22,0,3,3,0,-1.4019078058835086,-0.23764908312729716,1.4024763498976525,normal,2026-06-28 10:05:36.915579
24,1,1620,2,2,4,1,-0.4511498329903334,-0.23764908312729716,1.4024763498976525,normal,2026-06-28 10:06:36.915579
37,2,3189,1,1,3,0,0.18264075820598752,-0.23764908312729716,1.4024763498976525,normal,2026-06-28 10:06:36.915579
38,1,1026,0,0,4,0,-0.337109624856633,-0.23764908312729716,1.4024763498976525,normal,2026-06-28 10:16:36.915579
40,0,3210,0,2,3,4,1.0289123339123563,-0.23764908312729716,1.4024763498976525,normal,2026-06-28 10:20:36.915579
9,0,1691,3,3,3,4,-0.34239593876085006,-0.23764908312729716,1.4024763498976525,normal,2026-06-28 10:54:36.915579
37,0,1341,2,2,4,1,1.0308538528371778,-0.09429439470059839,1.4024763498976525,normal,2026-06-28 11:01:36.915579
9,0,774,0,1,4,4,0.022532727266991723,-0.09429439470059839,1.4024763498976525,normal,2026-06-28 11:09:36.915579
5,2,4328,2,3,3,0,-1.1596408453931542,-0.09429439470059839,1.4024763498976525,normal,2026-06-28 11:27:36.915579
21,0,437,2,3,3,4,0.6788141812557998,-0.09429439470059839,1.4024763498976525,normal,2026-06-28 11:35:36.915579
32,1,3032,2,0,3,4,-1.3967079952977242,-0.09429439470059839,1.4024763498976525,normal,2026-06-28 11:36:36.915579
5,0,2391,0,0,3,4,-0.11759303711406345,-0.09429439470059839,1.4024763498976525,normal,2026-06-28 11:42:36.915579
26,2,359,1,0,3,1,1.5999591848055332,-0.09429439470059839,1.4024763498976525,normal,2026-06-28 11:50:36.915579
49,0,1635,3,1,4,0,1.5592257333035848,0.04906029372610037,1.4024763498976525,normal,2026-06-28 12:00:36.915579
22,0,2709,2,1,4,0,1.7186897950942484,0.04906029372610037,1.4024763498976525,normal,2026-06-28 12:04:36.915579
18,2,856,0,3,4,1,-0.1355280584690981,0.04906029372610037,1.4024763498976525,normal,2026-06-28 12:05:36.915579
16,0,3199,2,0,4,4,0.10710413825463867,0.04906029372610037,1.4024763498976525,normal,2026-06-28 12:13:36.915579
30,1,3807,3,0,3,0,-1.1764417121287385,0.04906029372610037,1.4024763498976525,normal,2026-06-28 12:29:36.915579
36,0,2521,0,1,3,1,0.4913518787324374,0.04906029372610037,1.4024763498976525,normal,2026-06-28 12:40:36.915579
32,1,3428,2,2,3,0,-0.48001310690735843,0.04906029372610037,1.4024763498976525,normal,2026-06-28 12:45:36.915579
9,0,4931,0,3,3,4,-0.22829806174819436,0.19241498215279915,1.4024763498976525,normal,2026-06-28 13:00:36.915579
18,0,4725,3,3,4,0,-0.4952665253909812,0.19241498215279915,1.4024763498976525,normal,2026-06-28 13:01:36.915579
15,2,2567,1,2,4,1,0.01949549964202352,0.19241498215279915,1.4024763498976525,normal,2026-06-28 13:03:36.915579
35,1,1106,1,2,3,0,-1.178575460650077,0.19241498215279915,1.4024763498976525,normal,2026-06-28 13:04:36.915579
48,0,4042,1,3,3,0,1.5102936895101862,0.19241498215279915,1.4024763498976525,normal,2026-06-28 13:08:36.915579
5,0,1509,1,2,4,0,1.7297141624544972,0.19241498215279915,1.4024763498976525,normal,2026-06-28 13:11:36.915579
31,2,4806,3,2,3,4,0.35914597372788176,0.19241498215279915,1.4024763498976525,normal,2026-06-28 13:25:36.915579
29,2,1956,0,2,3,1,-0.1876703365243299,0.19241498215279915,1.4024763498976525,normal,2026-06-28 13:42:36.915579
48,0,4206,2,2,3,4,-0.6265881742515584,0.19241498215279915,1.4024763498976525,normal,2026-06-28 13:43:36.915579
43,2,1438,2,3,3,0,0.14544433127995116,0.19241498215279915,1.4024763498976525,normal,2026-06-28 13:46:36.915579
2,2,1315,1,0,3,1,-1.321007980189336,0.19241498215279915,1.4024763498976525,normal,2026-06-28 13:47:36.915579
26,0,3714,0,2,3,0,-1.3354444228877613,0.19241498215279915,1.4024763498976525,normal,2026-06-28 13:48:36.915579
48,2,1017,0,0,4,0,-1.6134756998101005,0.19241498215279915,1.4024763498976525,normal,2026-06-28 13:51:36.915579
9,1,1984,3,1,4,4,1.291747861230028,0.3357696705794979,1.4024763498976525,normal,2026-06-28 14:05:36.915579
27,0,3132,3,3,4,4,1.2263225180554724,0.3357696705794979,1.4024763498976525,normal,2026-06-28 14:26:36.915579
38,2,279,2,0,4,1,0.4217359303538115,0.3357696705794979,1.4024763498976525,normal,2026-06-28 14:34:36.915579
16,2,3367,0,3,3,1,1.1942105639573104,0.3357696705794979,1.4024763498976525,normal,2026-06-28 14:39:36.915579
23,2,1130,3,2,4,0,-0.8657025693590344,0.3357696705794979,1.4024763498976525,normal,2026-06-28 14:41:36.915579
39,0,3031,3,0,3,4,0.4014845423607476,0.3357696705794979,1.4024763498976525,normal,2026-06-28 14:44:36.915579
48,0,3991,1,2,3,4,-1.4415936060844399,0.47912435900619665,1.4024763498976525,normal,2026-06-28 15:05:36.915579
50,2,4393,3,0,4,1,-0.042200589360102424,0.47912435900619665,1.4024763498976525,normal,2026-06-28 15:18:36.915579
7,1,4818,3,2,3,0,-0.6771061122162217,0.47912435900619665,1.4024763498976525,normal,2026-06-28 15:38:36.915579
35,0,4124,0,1,3,4,1.2244002220903025,0.47912435900619665,1.4024763498976525,normal,2026-06-28 15:40:36.915579
19,1,502,0,0,4,1,-1.7086389615658333,0.47912435900619665,1.4024763498976525,normal,2026-06-28 15:45:36.915579
41,2,4826,3,0,4,4,1.2347902317820454,0.47912435900619665,1.4024763498976525,normal,2026-06-28 15:52:36.915579
19,0,1678,2,3,3,0,-1.5171206145559626,0.6224790474328954,1.4024763498976525,normal,2026-06-28 16:11:36.915579
29,0,2494,1,1,4,4,0.5198306934564282,0.6224790474328954,1.4024763498976525,normal,2026-06-28 16:20:36.915579
32,0,4528,2,2,4,1,0.8432666010760792,0.6224790474328954,1.4024763498976525,normal,2026-06-28 16:33:36.915579
11,0,2096,2,3,3,1,-0.6806527482719601,0.6224790474328954,1.4024763498976525,normal,2026-06-28 16:36:36.915579
34,0,2416,3,1,3,4,1.5853112895509394,0.6224790474328954,1.4024763498976525,normal,2026-06-28 16:44:36.915579
50,1,4225,3,3,4,1,-0.9653447807136128,0.6224790474328954,1.4024763498976525,normal,2026-06-28 16:50:36.915579
26,1,2703,0,0,4,0,1.231397379403521,0.7658337358595942,1.4024763498976525,normal,2026-06-28 17:11:36.915579
18,1,1112,0,0,4,0,0.7628281264135474,0.7658337358595942,1.4024763498976525,normal,2026-06-28 17:14:36.915579
49,0,4281,0,1,3,4,-0.3544775689019424,0.7658337358595942,1.4024763498976525,normal,2026-06-28 17:17:36.915579
49,1,1810,3,2,3,4,-0.511461868897537,0.7658337358595942,1.4024763498976525,normal,2026-06-28 17:23:36.915579
41,0,3192,1,1,4,1,0.2696534850693999,0.7658337358595942,1.4024763498976525,normal,2026-06-28 17:49:36.915579
0,1,3203,1,0,3,1,-1.5640150246262807,0.7658337358595942,1.4024763498976525,normal,2026-06-28 17:56:36.915579
17,0,1559,1,3,3,1,-0.060260559952873,0.7658337358595942,1.4024763498976525,normal,2026-06-28 17:57:36.915579
26,1,2650,2,3,4,1,-1.0403527692745398,0.909188424286293,1.4024763498976525,normal,2026-06-28 18:05:36.915579
5,1,782,2,1,4,1,1.5534972913273786,0.909188424286293,1.4024763498976525,normal,2026-06-28 18:11:36.915579
14,1,3489,3,3,3,4,0.5931566730478316,0.909188424286293,1.4024763498976525,normal,2026-06-28 18:11:36.915579
27,1,1591,2,2,4,0,1.623180520064785,0.909188424286293,1.4024763498976525,normal,2026-06-28 18:14:36.915579
47,2,4984,0,1,3,4,0.21969301293463608,0.909188424286293,1.4024763498976525,normal,2026-06-28 18:22:36.915579
21,1,2407,2,1,3,0,-1.3234589075449277,0.909188424286293,1.4024763498976525,normal,2026-06-28 18:24:36.915579
5,0,2475,1,3,3,4,1.6055530660641777,0.909188424286293,1.4024763498976525,normal,2026-06-28 18:29:36.915579
28,0,1780,3,3,3,1,0.7914511133349263,0.909188424286293,1.4024763498976525,normal,2026-06-28 18:29:36.915579
34,1,1716,2,0,3,4,-0.7978070758692358,0.909188424286293,1.4024763498976525,normal,2026-06-28 18:35:36.915579
21,0,2599,1,2,4,0,-1.5562585604068204,0.909188424286293,1.4024763498976525,normal,2026-06-28 18:38:36.915579
24,0,1926,2,2,3,1,0.5501837467464603,0.909188424286293,1.4024763498976525,normal,2026-06-28 18:42:36.915579
12,1,4878,0,2,4,0,1.4538358570131484,1.0525431127129916,1.4024763498976525,normal,2026-06-28 19:04:36.915579
23,0,2578,2,3,3,0,1.7066466108724592,1.0525431127129916,1.4024763498976525,normal,2026-06-28 19:05:36.915579
9,2,4493,1,0,4,4,0.14268583656993233,1.0525431127129916,1.4024763498976525,normal,2026-06-28 19:16:36.915579
24,0,2266,1,0,3,4,-1.5300865008410331,1.0525431127129916,1.4024763498976525,normal,2026-06-28 19:23:36.915579
11,1,4507,1,3,4,0,1.3427559846658093,1.0525431127129916,1.4024763498976525,normal,2026-06-28 19:39:36.915579
10,0,4007,1,1,3,4,-0.05054335384893957,1.0525431127129916,1.4024763498976525,normal,2026-06-28 19:43:36.915579
6,1,2197,2,3,4,0,1.465388855763819,1.0525431127129916,1.4024763498976525,normal,2026-06-28 19:44:36.915579
19,1,682,2,3,4,0,-0.4903742821596238,1.0525431127129916,1.4024763498976525,normal,2026-06-28 19:47:36.915579
43,0,2464,2,3,4,0,0.617348767769494,1.0525431127129916,1.4024763498976525,normal,2026-06-28 19:54:36.915579
43,2,154,2,3,4,4,0.2562454707123405,1.1958978011396906,1.4024763498976525,normal,2026-06-28 20:09:36.915579
16,0,4942,1,3,4,1,0.7044960553504687,1.1958978011396906,1.4024763498976525,normal,2026-06-28 20:15:36.915579
46,1,846,2,1,4,4,0.7199224804709567,1.1958978011396906,1.4024763498976525,normal,2026-06-28 20:47:36.915579
8,2,2095,2,1,3,1,-1.4841147928339966,1.3392524895663893,1.4024763498976525,normal,2026-06-28 21:02:36.915579
6,0,3867,2,1,3,0,1.139098338635891,1.3392524895663893,1.4024763498976525,normal,2026-06-28 21:06:36.915579
11,2,2178,0,1,3,4,0.20883204073142653,1.3392524895663893,1.4024763498976525,normal,2026-06-28 21:28:36.915579
28,1,4419,2,2,4,1,0.9299237031859353,1.3392524895663893,1.4024763498976525,normal,2026-06-28 21:31:36.915579
44,2,1888,1,0,4,4,0.7359255943809957,1.3392524895663893,1.4024763498976525,normal,2026-06-28 21:33:36.915579
48,1,2584,1,3,3,4,-1.0297993644257575,1.3392524895663893,1.4024763498976525,normal,2026-06-28 21:36:36.915579
1,1,2080,0,2,4,1,-1.1138421440229826,1.3392524895663893,1.4024763498976525,normal,2026-06-28 21:37:36.915579
46,2,1402,2,2,3,0,1.1049006934155199,1.3392524895663893,1.4024763498976525,normal,2026-06-28 21:43:36.915579
0,1,394,1,1,3,0,-0.10013858975032126,1.3392524895663893,1.4024763498976525,normal,2026-06-28 21:44:36.915579
0,2,2263,1,2,4,1,1.0414457036052636,1.3392524895663893,1.4024763498976525,normal,2026-06-28 21:50:36.915579
29,2,2171,1,2,4,4,0.5742028348312572,1.3392524895663893,1.4024763498976525,normal,2026-06-28 21:52:36.915579
15,0,4473,2,0,3,1,-0.9036294687518353,1.3392524895663893,1.4024763498976525,normal,2026-06-28 21:58:36.915579
10,1,897,0,3,3,0,1.4374675068697271,1.482607177993088,1.4024763498976525,normal,2026-06-28 22:22:36.915579
36,2,4020,3,3,3,4,-0.37570932783724315,1.482607177993088,1.4024763498976525,normal,2026-06-28 22:29:36.915579
23,1,4696,3,3,4,4,0.3555320573133627,1.482607177993088,1.4024763498976525,normal,2026-06-28 22:32:36.915579
31,1,451,2,2,4,1,0.6433958780975456,1.482607177993088,1.4024763498976525,normal,2026-06-28 22:42:36.915579
50,1,3270,0,1,3,1,-0.8445861481816438,1.482607177993088,1.4024763498976525,normal,2026-06-28 22:50:36.915579
9,2,3610,2,1,4,0,-0.3544295115028132,1.482607177993088,1.4024763498976525,normal,2026-06-28 22:53:36.915579
30,2,117,1,1,4,1,1.1730941427799195,1.482607177993088,1.4024763498976525,normal,2026-06-28 22:59:36.915579
41,1,3541,3,3,3,0,-1.1005206329843555,1.6259618664197868,1.4024763498976525,normal,2026-06-28 23:12:36.915579
37,2,2595,0,2,4,0,-0.8748334751935912,1.6259618664197868,1.4024763498976525,normal,2026-06-28 23:14:36.915579
22,1,3465,0,1,3,4,1.123566187237319,1.6259618664197868,1.4024763498976525,normal,2026-06-28 23:16:36.915579
42,0,1309,1,1,3,4,0.03001045857150236,1.6259618664197868,1.4024763498976525,normal,2026-06-28 23:21:36.915579
5,1,4343,3,1,3,0,1.6470073785530652,1.6259618664197868,1.4024763498976525,normal,2026-06-28 23:23:36.915579
14,0,1498,2,2,4,4,1.3169395498535788,1.6259618664197868,1.4024763498976525,normal,2026-06-28 23:48:36.915579
29,1,3689,1,0,3,1,0.5720018059511377,-1.6711959673942849,-1.5697549536424282,normal,2026-06-29 00:07:36.915579
36,2,3417,1,3,4,1,0.1860720565038156,-1.6711959673942849,-1.5697549536424282,normal,2026-06-29 00:08:36.915579
30,1,3217,1,1,4,0,-1.3566761818230624,-1.6711959673942849,-1.5697549536424282,normal,2026-06-29 00:22:36.915579
30,1,3265,1,1,4,1,1.3940716754560183,-1.6711959673942849,-1.5697549536424282,normal,2026-06-29 00:30:36.915579
45,2,3537,3,1,4,0,-0.12924215066299255,-1.6711959673942849,-1.5697549536424282,normal,2026-06-29 00:37:36.915579
21,1,932,0,3,4,0,1.2354534238900292,-1.6711959673942849,-1.5697549536424282,normal,2026-06-29 00:37:36.915579
34,1,1047,3,3,4,4,1.102968785970524,-1.6711959673942849,-1.5697549536424282,normal,2026-06-29 00:54:36.915579
18,0,540,2,0,4,0,-0.2739718138806297,-1.6711959673942849,-1.5697549536424282,normal,2026-06-29 00:57:36.915579
21,0,4771,0,3,3,0,1.0520952232523044,-1.527841278967586,-1.5697549536424282,normal,2026-06-29 01:02:36.915579
31,0,1369,2,1,3,0,0.6931352861963151,-1.527841278967586,-1.5697549536424282,normal,2026-06-29 01:03:36.915579
2,2,1619,2,3,4,0,-0.9550893317394318,-1.527841278967586,-1.5697549536424282,normal,2026-06-29 01:04:36.915579
31,2,3945,1,3,4,4,0.4546840831968227,-1.527841278967586,-1.5697549536424282,normal,2026-06-29 01:06:36.915579
21,0,785,0,1,4,1,1.0530179253155858,-1.527841278967586,-1.5697549536424282,normal,2026-06-29 01:26:36.915579
1,0,3177,0,2,3,1,1.0622737803878788,-1.527841278967586,-1.5697549536424282,normal,2026-06-29 01:31:36.915579
31,0,555,2,0,4,4,-1.4453036372972177,-1.527841278967586,-1.5697549536424282,normal,2026-06-29 01:31:36.915579
30,1,1355,3,2,3,4,0.9441871392474956,-1.527841278967586,-1.5697549536424282,normal,2026-06-29 01:44:36.915579
22,2,4630,1,0,4,4,-0.6837957021750127,-1.527841278967586,-1.5697549536424282,normal,2026-06-29 01:47:36.915579
3,0,2693,1,2,4,4,1.5683374161784898,-1.527841278967586,-1.5697549536424282,normal,2026-06-29 01:47:36.915579
42,0,1607,0,3,4,0,1.6870584149873789,-1.3844865905408872,-1.5697549536424282,normal,2026-06-29 02:04:36.915579
35,1,4353,1,2,4,1,1.3937448851419394,-1.3844865905408872,-1.5697549536424282,normal,2026-06-29 02:09:36.915579
44,1,4292,3,3,3,0,0.08642984514923709,-1.3844865905408872,-1.5697549536424282,normal,2026-06-29 02:46:36.915579
37,1,226,1,1,4,0,-0.0033317649443682833,-1.3844865905408872,-1.5697549536424282,normal,2026-06-29 02:47:36.915579
38,2,4819,2,3,3,1,1.4960302534486263,-1.3844865905408872,-1.5697549536424282,normal,2026-06-29 02:48:36.915579
40,2,725,0,2,3,4,0.3647110205470484,-1.0977772136874897,-1.5697549536424282,normal,2026-06-29 04:05:36.915579
13,1,2439,1,2,3,4,-1.3392025114996684,-1.0977772136874897,-1.5697549536424282,normal,2026-06-29 04:10:36.915579
42,0,2260,0,2,3,1,0.32129596617368755,-1.0977772136874897,-1.5697549536424282,normal,2026-06-29 04:17:36.915579
46,2,4795,3,3,4,0,-0.03547255348200799,-1.0977772136874897,-1.5697549536424282,normal,2026-06-29 04:19:36.915579
33,1,784,3,2,4,0,-0.13612397021830064,-1.0977772136874897,-1.5697549536424282,normal,2026-06-29 04:30:36.915579
42,2,3186,2,0,4,1,1.612915459610778,-1.0977772136874897,-1.5697549536424282,normal,2026-06-29 04:43:36.915579
39,0,2518,3,2,4,0,1.4775185433040408,-1.0977772136874897,-1.5697549536424282,normal,2026-06-29 04:53:36.915579
30,2,3969,0,2,4,1,0.3178069989969047,-1.0977772136874897,-1.5697549536424282,normal,2026-06-29 04:53:36.915579
34,1,4297,3,2,4,1,-0.08680746723186855,-0.954422525260791,-1.5697549536424282,normal,2026-06-29 05:03:36.915579
46,2,686,2,3,4,0,-0.7445979235533348,-0.954422525260791,-1.5697549536424282,normal,2026-06-29 05:30:36.915579
36,2,2536,2,2,3,0,1.1035839206793785,-0.954422525260791,-1.5697549536424282,normal,2026-06-29 05:37:36.915579
41,2,3159,1,0,3,4,-1.0997709375579396,-0.954422525260791,-1.5697549536424282,normal,2026-06-29 05:44:36.915579
21,2,1196,0,0,3,4,-1.3191433531031211,-0.954422525260791,-1.5697549536424282,normal,2026-06-29 05:46:36.915579
10,1,4313,2,1,4,4,1.111820958890131,-0.954422525260791,-1.5697549536424282,normal,2026-06-29 05:51:36.915579
26,2,3343,3,0,3,4,-0.968266670580671,-0.8110678368340922,-1.5697549536424282,normal,2026-06-29 06:01:36.915579
27,0,4828,0,2,3,4,-0.7830150084172539,-0.8110678368340922,-1.5697549536424282,normal,2026-06-29 06:04:36.915579
11,1,4792,1,3,4,4,1.1634153825952898,-0.8110678368340922,-1.5697549536424282,normal,2026-06-29 06:11:36.915579
33,0,3216,1,0,3,0,0.534315193553983,-0.8110678368340922,-1.5697549536424282,normal,2026-06-29 06:14:36.915579
13,0,2961,0,0,4,4,1.2194118640606868,-0.8110678368340922,-1.5697549536424282,normal,2026-06-29 06:15:36.915579
4,2,1475,3,3,3,0,-1.2794959988214933,-0.8110678368340922,-1.5697549536424282,normal,2026-06-29 06:33:36.915579
35,2,3205,0,3,3,0,-0.08612505216423322,-0.8110678368340922,-1.5697549536424282,normal,2026-06-29 06:34:36.915579
2,0,1899,3,0,3,4,1.3023973808770688,-0.8110678368340922,-1.5697549536424282,normal,2026-06-29 06:37:36.915579
29,1,2656,1,3,3,1,-0.7502110277716306,-0.8110678368340922,-1.5697549536424282,normal,2026-06-29 06:52:36.915579
2,2,4018,3,3,3,1,1.0007795324620956,-0.8110678368340922,-1.5697549536424282,normal,2026-06-29 06:56:36.915579
35,2,2206,3,0,3,1,-1.566860022654732,-0.8110678368340922,-1.5697549536424282,normal,2026-06-29 06:58:36.915579
34,2,1972,0,2,4,1,-1.3304848992976233,-0.8110678368340922,-1.5697549536424282,normal,2026-06-29 06:59:36.915579
16,0,4805,0,3,3,0,0.5025492527295513,-0.8110678368340922,-1.5697549536424282,normal,2026-06-29 06:59:36.915579
25,2,568,3,3,4,4,-1.525963175995744,-0.6677131484073935,-1.5697549536424282,normal,2026-06-29 07:18:36.915579
27,1,3138,1,0,4,0,-1.6832550433457658,-0.6677131484073935,-1.5697549536424282,normal,2026-06-29 07:23:36.915579
22,2,1858,0,1,4,4,-0.2637932567450552,-0.6677131484073935,-1.5697549536424282,normal,2026-06-29 07:25:36.915579
43,0,3142,3,3,4,1,0.22871819249110834,-0.6677131484073935,-1.5697549536424282,normal,2026-06-29 07:33:36.915579
20,0,4340,1,1,4,4,-1.0116144445952506,-0.5243584599806946,-1.5697549536424282,normal,2026-06-29 08:24:36.915579
15,1,2216,3,3,3,1,0.9112389864044844,-0.5243584599806946,-1.5697549536424282,normal,2026-06-29 08:24:36.915579
30,0,3979,1,0,4,1,0.09718509107436238,-0.5243584599806946,-1.5697549536424282,normal,2026-06-29 08:26:36.915579
25,1,3321,0,2,3,0,1.435429873146647,-0.5243584599806946,-1.5697549536424282,normal,2026-06-29 08:27:36.915579
7,2,2779,2,3,4,0,0.8805399198407221,-0.5243584599806946,-1.5697549536424282,normal,2026-06-29 08:53:36.915579
5,2,4654,3,1,4,1,0.2150122222594474,-0.5243584599806946,-1.5697549536424282,normal,2026-06-29 08:55:36.915579
47,1,584,2,0,4,0,0.9598826858031072,-0.5243584599806946,-1.5697549536424282,normal,2026-06-29 08:59:36.915579
7,1,135,3,0,3,1,0.4663043623062745,-0.3810037715539959,-1.5697549536424282,normal,2026-06-29 09:04:36.915579
5,2,156,3,3,4,1,1.2884703466094132,-0.3810037715539959,-1.5697549536424282,normal,2026-06-29 09:13:36.915579
35,0,1232,1,3,3,4,0.03355709462724076,-0.3810037715539959,-1.5697549536424282,normal,2026-06-29 09:15:36.915579
24,2,1394,0,0,3,1,-1.0404873299921018,-0.3810037715539959,-1.5697549536424282,normal,2026-06-29 09:21:36.915579
2,0,1425,3,1,3,0,0.19651012359468772,-0.3810037715539959,-1.5697549536424282,normal,2026-06-29 09:22:36.915579
49,0,1764,1,3,3,0,1.5580819672043087,-0.3810037715539959,-1.5697549536424282,normal,2026-06-29 09:51:36.915579
0,1,1825,2,1,3,4,0.5180717926482978,-0.23764908312729716,-1.5697549536424282,normal,2026-06-29 10:03:36.915579
29,2,1173,0,2,4,4,-0.4979481282623931,-0.23764908312729716,-1.5697549536424282,normal,2026-06-29 10:07:36.915579
5,2,2662,1,1,3,0,-0.24782858875431985,-0.23764908312729716,-1.5697549536424282,normal,2026-06-29 10:08:36.915579
33,2,2226,0,2,3,1,0.9878905380156316,-0.23764908312729716,-1.5697549536424282,normal,2026-06-29 10:14:36.915579
44,2,2384,0,0,4,4,-0.2792100703857175,-0.23764908312729716,-1.5697549536424282,normal,2026-06-29 10:19:36.915579
6,0,4444,1,1,3,0,1.2234390741077177,-0.23764908312729716,-1.5697549536424282,normal,2026-06-29 10:35:36.915579
22,0,2059,2,3,4,0,0.9818064712858692,-0.23764908312729716,-1.5697549536424282,normal,2026-06-29 10:35:36.915579
9,2,4462,0,2,3,0,-1.6400706644882252,-0.23764908312729716,-1.5697549536424282,normal,2026-06-29 10:40:36.915579
34,2,3737,2,3,4,1,-0.8678555408400247,-0.23764908312729716,-1.5697549536424282,normal,2026-06-29 10:47:36.915579
0,0,1007,2,3,4,4,-1.1427054179400078,-0.09429439470059839,-1.5697549536424282,normal,2026-06-29 11:13:36.915579
26,1,573,3,3,3,1,-0.9026490978095987,-0.09429439470059839,-1.5697549536424282,normal,2026-06-29 11:18:36.915579
4,2,1950,2,1,3,4,-1.3688347038027615,-0.09429439470059839,-1.5697549536424282,normal,2026-06-29 11:28:36.915579
33,2,4503,1,3,3,1,-1.4765890041303567,-0.09429439470059839,-1.5697549536424282,normal,2026-06-29 11:46:36.915579
39,0,2154,0,3,3,4,1.499615335423668,-0.09429439470059839,-1.5697549536424282,normal,2026-06-29 11:46:36.915579
45,1,34,0,2,4,0,1.1030745122486083,-0.09429439470059839,-1.5697549536424282,normal,2026-06-29 11:56:36.915579
27,0,3241,1,0,4,4,1.5777566664078218,0.04906029372610037,-1.5697549536424282,normal,2026-06-29 12:02:36.915579
41,2,2480,3,1,3,4,0.3868270356263276,0.04906029372610037,-1.5697549536424282,normal,2026-06-29 12:06:36.915579
41,1,146,1,3,3,0,1.7019081513183156,0.04906029372610037,-1.5697549536424282,normal,2026-06-29 12:10:36.915579
4,1,8,0,2,4,4,-1.1196378663579698,0.04906029372610037,-1.5697549536424282,normal,2026-06-29 12:24:36.915579
1,2,1923,0,0,3,4,-0.28006549209021797,0.04906029372610037,-1.5697549536424282,normal,2026-06-29 12:32:36.915579
39,0,2078,0,2,4,0,1.454056921049143,0.04906029372610037,-1.5697549536424282,normal,2026-06-29 12:52:36.915579
24,2,4156,3,3,4,1,-1.4974555268322751,0.19241498215279915,-1.5697549536424282,normal,2026-06-29 13:29:36.915579
41,2,1288,1,2,3,4,0.5096329133612025,0.3357696705794979,-1.5697549536424282,normal,2026-06-29 14:31:36.915579
20,1,3917,1,2,3,1,-1.0755500083967995,0.3357696705794979,-1.5697549536424282,normal,2026-06-29 14:49:36.915579
5,2,4778,3,1,4,4,0.30772455665958864,0.47912435900619665,-1.5697549536424282,normal,2026-06-29 15:06:36.915579
40,0,4913,2,0,3,4,-0.6762410790318953,0.47912435900619665,-1.5697549536424282,normal,2026-06-29 15:49:36.915579
7,2,4799,1,0,4,1,-0.6308652827740614,0.47912435900619665,-1.5697549536424282,normal,2026-06-29 15:56:36.915579
7,2,2313,2,3,3,4,-0.956415715955399,0.6224790474328954,-1.5697549536424282,normal,2026-06-29 16:05:36.915579
14,0,4611,2,0,4,4,1.6232093545042625,0.6224790474328954,-1.5697549536424282,normal,2026-06-29 16:15:36.915579
48,2,2995,3,0,3,1,1.6554847037594644,0.6224790474328954,-1.5697549536424282,normal,2026-06-29 16:17:36.915579
30,0,68,2,0,3,1,-0.8980644219326686,0.6224790474328954,-1.5697549536424282,normal,2026-06-29 16:22:36.915579
18,2,1384,0,0,4,4,-0.7092565122336872,0.6224790474328954,-1.5697549536424282,normal,2026-06-29 16:45:36.915579
17,1,2836,1,3,4,0,-0.5350484403901709,0.6224790474328954,-1.5697549536424282,normal,2026-06-29 16:48:36.915579
39,0,3350,0,2,4,4,-0.7123514087376107,0.6224790474328954,-1.5697549536424282,normal,2026-06-29 16:51:36.915579
39,2,1829,2,1,4,1,-0.24211936973776538,0.6224790474328954,-1.5697549536424282,normal,2026-06-29 16:54:36.915579
7,2,4189,3,3,3,0,-1.0287324901650883,0.7658337358595942,-1.5697549536424282,normal,2026-06-29 17:00:36.915579
46,0,4240,0,0,4,0,-1.5911482321746528,0.7658337358595942,-1.5697549536424282,normal,2026-06-29 17:03:36.915579
50,2,4457,2,2,4,1,-0.6716660146347911,0.7658337358595942,-1.5697549536424282,normal,2026-06-29 17:22:36.915579
25,0,1718,2,0,4,1,0.6866763717533443,0.7658337358595942,-1.5697549536424282,normal,2026-06-29 17:32:36.915579
17,0,3391,1,3,3,1,-0.44941015514185473,0.7658337358595942,-1.5697549536424282,normal,2026-06-29 17:59:36.915579
15,1,3605,2,1,4,4,1.2287446109715863,0.909188424286293,-1.5697549536424282,normal,2026-06-29 18:05:36.915579
23,2,2664,0,1,4,1,1.5638104091805147,0.909188424286293,-1.5697549536424282,normal,2026-06-29 18:11:36.915579
37,1,3932,2,0,4,0,-0.03948054056938718,0.909188424286293,-1.5697549536424282,normal,2026-06-29 18:23:36.915579
43,0,1560,3,2,4,1,1.0402827145463358,0.909188424286293,-1.5697549536424282,normal,2026-06-29 18:39:36.915579
31,2,4337,3,0,3,1,-0.759812896117654,0.909188424286293,-1.5697549536424282,normal,2026-06-29 18:45:36.915579
30,2,2196,2,3,4,0,-1.0280885210167563,0.909188424286293,-1.5697549536424282,normal,2026-06-29 18:48:36.915579
50,2,1023,3,3,4,0,-0.5312807402984381,0.909188424286293,-1.5697549536424282,normal,2026-06-29 18:56:36.915579
32,1,4050,1,2,4,4,-0.9891908621615446,1.0525431127129916,-1.5697549536424282,normal,2026-06-29 19:00:36.915579
7,0,195,2,0,4,1,0.9749534861700386,1.0525431127129916,-1.5697549536424282,normal,2026-06-29 19:04:36.915579
7,1,692,2,2,4,1,-0.5500423489184957,1.0525431127129916,-1.5697549536424282,normal,2026-06-29 19:09:36.915579
17,2,94,0,0,4,1,-0.38317744766192796,1.0525431127129916,-1.5697549536424282,normal,2026-06-29 19:25:36.915579
33,0,2307,2,1,4,1,-0.876371311965727,1.0525431127129916,-1.5697549536424282,normal,2026-06-29 19:44:36.915579
45,2,1760,1,3,3,1,1.2254190389518425,1.0525431127129916,-1.5697549536424282,normal,2026-06-29 19:48:36.915579
45,2,1648,2,0,3,1,-0.5700438384360877,1.0525431127129916,-1.5697549536424282,normal,2026-06-29 19:48:36.915579
3,1,4869,3,0,3,0,-0.013539156519420227,1.0525431127129916,-1.5697549536424282,normal,2026-06-29 19:54:36.915579
5,0,992,0,0,4,1,0.6497682892220833,1.0525431127129916,-1.5697549536424282,normal,2026-06-29 19:57:36.915579
48,1,4227,1,1,4,1,0.45266567243339445,1.1958978011396906,-1.5697549536424282,normal,2026-06-29 20:00:36.915579
36,0,3665,0,0,4,0,1.4315756697364819,1.1958978011396906,-1.5697549536424282,normal,2026-06-29 20:17:36.915579
32,2,375,0,0,4,4,0.14160935082943732,1.1958978011396906,-1.5697549536424282,normal,2026-06-29 20:23:36.915579
20,2,3027,0,3,4,1,-0.216725840037872,1.1958978011396906,-1.5697549536424282,normal,2026-06-29 20:33:36.915579
18,2,4286,2,1,4,0,-1.1695022236944752,1.1958978011396906,-1.5697549536424282,normal,2026-06-29 20:35:36.915579
34,0,2295,3,0,3,0,-1.5788263150379143,1.1958978011396906,-1.5697549536424282,normal,2026-06-29 20:35:36.915579
42,2,3638,3,3,3,4,0.8054358164815367,1.1958978011396906,-1.5697549536424282,normal,2026-06-29 20:35:36.915579
10,2,4198,3,2,4,1,1.197930206649914,1.1958978011396906,-1.5697549536424282,normal,2026-06-29 20:45:36.915579
30,0,3433,3,1,4,0,0.34100911129650446,1.3392524895663893,-1.5697549536424282,normal,2026-06-29 21:00:36.915579
31,2,1370,2,2,3,1,-0.49900539104323643,1.3392524895663893,-1.5697549536424282,normal,2026-06-29 21:02:36.915579
22,2,2077,1,1,4,1,-0.024006058049769862,1.3392524895663893,-1.5697549536424282,normal,2026-06-29 21:02:36.915579
43,1,3820,0,1,4,0,1.5600619320484335,1.3392524895663893,-1.5697549536424282,normal,2026-06-29 21:05:36.915579
35,2,3389,2,3,4,4,-1.6085834565787434,1.3392524895663893,-1.5697549536424282,normal,2026-06-29 21:11:36.915579
0,1,3555,1,1,4,1,1.544923851322721,1.3392524895663893,-1.5697549536424282,normal,2026-06-29 21:38:36.915579
0,2,3181,3,3,3,0,0.8556173526522953,1.3392524895663893,-1.5697549536424282,normal,2026-06-29 21:39:36.915579
35,1,4212,0,2,3,4,-0.4596848270756876,1.3392524895663893,-1.5697549536424282,normal,2026-06-29 21:41:36.915579
39,0,281,2,0,3,1,-0.2118528197661663,1.3392524895663893,-1.5697549536424282,normal,2026-06-29 21:52:36.915579
31,0,1623,1,0,3,1,1.20648442369492,1.3392524895663893,-1.5697549536424282,normal,2026-06-29 21:53:36.915579
5,1,4260,1,0,3,0,-0.10857746903741682,1.482607177993088,-1.5697549536424282,normal,2026-06-29 22:05:36.915579
19,2,3870,2,3,4,4,1.5264794215369164,1.482607177993088,-1.5697549536424282,normal,2026-06-29 22:10:36.915579
24,2,1492,0,0,4,4,1.3744258106919827,1.482607177993088,-1.5697549536424282,normal,2026-06-29 22:16:36.915579
42,1,4703,2,1,4,0,1.7192760953636252,1.482607177993088,-1.5697549536424282,normal,2026-06-29 22:29:36.915579
23,1,1799,2,1,4,0,0.1173788101884715,1.482607177993088,-1.5697549536424282,normal,2026-06-29 22:38:36.915579
47,0,528,3,0,3,4,0.21284963929863135,1.482607177993088,-1.5697549536424282,normal,2026-06-29 22:43:36.915579
44,1,4360,1,2,4,4,-0.8053713104921791,1.482607177993088,-1.5697549536424282,normal,2026-06-29 22:45:36.915579
29,2,4063,0,2,3,0,-1.1168120912891701,1.482607177993088,-1.5697549536424282,normal,2026-06-29 22:58:36.915579
3,1,1995,3,2,3,4,0.12465470041663927,1.6259618664197868,-1.5697549536424282,normal,2026-06-29 23:05:36.915579
15,1,2497,1,3,4,4,1.0840437821934268,1.6259618664197868,-1.5697549536424282,normal,2026-06-29 23:05:36.915579
2,2,2524,3,1,4,1,-0.46200119371371706,1.6259618664197868,-1.5697549536424282,normal,2026-06-29 23:05:36.915579
15,2,1376,1,2,4,1,-0.1707445205510094,1.6259618664197868,-1.5697549536424282,normal,2026-06-29 23:08:36.915579
40,0,564,0,2,4,1,-0.23405533816387805,1.6259618664197868,-1.5697549536424282,normal,2026-06-29 23:09:36.915579
21,1,421,2,2,3,4,1.4152649884720154,1.6259618664197868,-1.5697549536424282,normal,2026-06-29 23:14:36.915579
11,2,385,3,0,3,1,0.412787642635946,1.6259618664197868,-1.5697549536424282,normal,2026-06-29 23:16:36.915579
48,1,2740,3,1,3,1,0.7738332708141444,1.6259618664197868,-1.5697549536424282,normal,2026-06-29 23:19:36.915579
28,2,4930,0,3,4,0,1.3758290867465566,1.6259618664197868,-1.5697549536424282,normal,2026-06-29 23:36:36.915579
2,1,271,0,1,4,1,-1.044812495913734,1.6259618664197868,-1.5697549536424282,normal,2026-06-29 23:39:36.915579
34,0,3559,0,2,4,0,-0.6247619930846472,1.6259618664197868,-1.5697549536424282,normal,2026-06-29 23:51:36.915579
1,2,4558,0,1,3,1,1.414082776453436,1.6259618664197868,-1.5697549536424282,normal,2026-06-29 23:55:36.915579
16,0,3381,3,0,4,1,-0.23044142174935875,-1.6711959673942849,-1.0743830697190815,normal,2026-06-30 00:15:36.915579
26,2,665,3,3,4,0,-0.7126974220113415,-1.6711959673942849,-1.0743830697190815,normal,2026-06-30 00:25:36.915579
14,0,1159,1,2,3,1,1.567866453667023,-1.6711959673942849,-1.0743830697190815,normal,2026-06-30 00:35:36.915579
47,0,1813,1,1,4,0,0.7956993874179513,-1.6711959673942849,-1.0743830697190815,normal,2026-06-30 00:35:36.915579
38,0,4127,3,0,3,1,-0.38144738129327516,-1.6711959673942849,-1.0743830697190815,normal,2026-06-30 00:50:36.915579
47,1,3372,0,1,4,4,0.14404105522537713,-1.6711959673942849,-1.0743830697190815,normal,2026-06-30 00:59:36.915579
3,2,3764,0,2,3,4,1.5130233497807275,-1.6711959673942849,-1.0743830697190815,normal,2026-06-30 00:59:36.915579
13,2,1843,2,2,4,4,1.0881382725992388,-1.527841278967586,-1.0743830697190815,normal,2026-06-30 01:09:36.915579
1,0,3165,1,1,4,0,0.7783218318928161,-1.527841278967586,-1.0743830697190815,normal,2026-06-30 01:13:36.915579
11,2,1094,2,1,3,0,-1.0019260729307948,-1.527841278967586,-1.0743830697190815,normal,2026-06-30 01:33:36.915579
34,2,2562,3,0,4,1,1.0631003676529014,-1.527841278967586,-1.0743830697190815,normal,2026-06-30 01:42:36.915579
18,0,4046,3,1,3,0,-0.034540239938900597,-1.527841278967586,-1.0743830697190815,normal,2026-06-30 01:53:36.915579
34,2,2605,3,1,4,4,0.5434460993885398,-1.3844865905408872,-1.0743830697190815,normal,2026-06-30 02:12:36.915579
32,2,141,3,3,4,0,-0.6044144902933245,-1.3844865905408872,-1.0743830697190815,normal,2026-06-30 02:13:36.915579
45,0,2986,1,2,3,4,1.0088531755158086,-1.3844865905408872,-1.0743830697190815,normal,2026-06-30 02:15:36.915579
27,0,763,3,3,4,4,-1.6890507656807527,-1.3844865905408872,-1.0743830697190815,normal,2026-06-30 02:29:36.915579
4,0,4634,1,3,3,4,-0.613497338728752,-1.3844865905408872,-1.0743830697190815,normal,2026-06-30 02:45:36.915579
5,2,3145,1,1,3,0,-0.5651804296442081,-1.3844865905408872,-1.0743830697190815,normal,2026-06-30 02:53:36.915579
20,2,1962,2,2,3,4,-0.3351584944519854,-1.3844865905408872,-1.0743830697190815,normal,2026-06-30 02:53:36.915579
33,1,4996,0,0,4,0,0.6273831527076806,-1.2411319021141884,-1.0743830697190815,normal,2026-06-30 03:00:36.915579
2,1,452,3,1,3,1,0.5981930884765768,-1.2411319021141884,-1.0743830697190815,normal,2026-06-30 03:02:36.915579
40,0,1710,1,1,3,0,1.5136673189290595,-1.2411319021141884,-1.0743830697190815,normal,2026-06-30 03:12:36.915579
23,2,643,0,3,3,1,0.6393686680505148,-1.2411319021141884,-1.0743830697190815,normal,2026-06-30 03:12:36.915579
37,2,4319,1,0,4,1,0.8103568941523713,-1.2411319021141884,-1.0743830697190815,normal,2026-06-30 03:12:36.915579
42,2,4761,2,2,4,1,-1.243577898712295,-1.2411319021141884,-1.0743830697190815,normal,2026-06-30 03:19:36.915579
44,1,1976,3,1,4,0,1.0088531755158086,-1.2411319021141884,-1.0743830697190815,normal,2026-06-30 03:23:36.915579
17,1,3307,2,3,4,4,-1.049262611073102,-1.2411319021141884,-1.0743830697190815,normal,2026-06-30 03:37:36.915579
39,1,91,2,2,3,1,0.8357888697715683,-1.2411319021141884,-1.0743830697190815,normal,2026-06-30 03:40:36.915579
29,2,1527,2,0,4,1,1.5681163521424952,-1.0977772136874897,-1.0743830697190815,normal,2026-06-30 04:05:36.915579
35,2,1745,0,3,3,0,-0.19772394442216795,-1.0977772136874897,-1.0743830697190815,normal,2026-06-30 04:16:36.915579
42,1,3018,2,2,3,1,-0.20606670891100512,-1.0977772136874897,-1.0743830697190815,normal,2026-06-30 04:22:36.915579
12,2,2180,0,1,4,1,-1.0941289989001661,-1.0977772136874897,-1.0743830697190815,normal,2026-06-30 04:24:36.915579
47,2,1078,2,3,3,1,1.6218060784496884,-1.0977772136874897,-1.0743830697190815,normal,2026-06-30 04:30:36.915579
34,2,673,1,3,3,1,-0.7044699952804143,-1.0977772136874897,-1.0743830697190815,normal,2026-06-30 04:40:36.915579
14,2,3223,3,1,3,1,-1.5472910497293033,-1.0977772136874897,-1.0743830697190815,normal,2026-06-30 04:48:36.915579
13,1,3408,2,3,3,1,0.5331906504143586,-0.954422525260791,-1.0743830697190815,normal,2026-06-30 05:13:36.915579
22,2,1686,2,3,3,1,1.6914220268283144,-0.954422525260791,-1.0743830697190815,normal,2026-06-30 05:15:36.915579
15,1,1839,1,1,4,0,1.6765242330982482,-0.954422525260791,-1.0743830697190815,normal,2026-06-30 05:17:36.915579
37,1,376,0,1,3,1,0.8430647599997363,-0.954422525260791,-1.0743830697190815,normal,2026-06-30 05:20:36.915579
20,0,4943,3,0,3,1,-1.311127378928363,-0.954422525260791,-1.0743830697190815,normal,2026-06-30 05:26:36.915579
29,1,842,0,2,3,0,-0.7141968128641738,-0.954422525260791,-1.0743830697190815,normal,2026-06-30 05:33:36.915579
2,0,1521,0,2,4,1,-0.5236300023570621,-0.954422525260791,-1.0743830697190815,normal,2026-06-30 05:47:36.915579
18,1,678,1,1,4,1,-0.12527260949491695,-0.954422525260791,-1.0743830697190815,normal,2026-06-30 05:50:36.915579
24,0,804,0,3,3,4,0.27891895162151886,-0.954422525260791,-1.0743830697190815,normal,2026-06-30 05:51:36.915579
24,2,845,2,0,3,1,-1.5255883282825358,-0.954422525260791,-1.0743830697190815,normal,2026-06-30 05:57:36.915579
35,1,406,2,0,3,0,0.9279149039023331,-0.954422525260791,-1.0743830697190815,normal,2026-06-30 05:57:36.915579
5,2,3035,2,2,4,0,-1.662407743603499,-0.8110678368340922,-1.0743830697190815,normal,2026-06-30 06:21:36.915579
50,1,597,2,0,4,0,0.29849753602677354,-0.8110678368340922,-1.0743830697190815,normal,2026-06-30 06:26:36.915579
39,2,903,3,0,3,0,0.5637167103412558,-0.8110678368340922,-1.0743830697190815,normal,2026-06-30 06:33:36.915579
28,2,963,3,3,3,1,0.826590683578231,-0.8110678368340922,-1.0743830697190815,normal,2026-06-30 06:59:36.915579
32,0,4592,1,0,3,1,0.35639709049768875,-0.6677131484073935,-1.0743830697190815,normal,2026-06-30 07:02:36.915579
20,2,3175,2,2,4,0,0.6893483631449305,-0.6677131484073935,-1.0743830697190815,normal,2026-06-30 07:13:36.915579
1,1,4950,3,2,3,1,-1.2266809171784523,-0.6677131484073935,-1.0743830697190815,normal,2026-06-30 07:30:36.915579
2,2,4586,1,3,3,0,0.3936704092623321,-0.6677131484073935,-1.0743830697190815,normal,2026-06-30 07:33:36.915579
34,0,755,3,0,3,4,0.8806648690784582,-0.6677131484073935,-1.0743830697190815,normal,2026-06-30 07:33:36.915579
10,0,4749,1,1,4,4,0.3392213760488964,-0.6677131484073935,-1.0743830697190815,normal,2026-06-30 07:34:36.915579
32,2,3622,1,3,3,1,1.1003736864175448,-0.6677131484073935,-1.0743830697190815,normal,2026-06-30 07:37:36.915579
33,1,490,2,1,3,1,0.8388549318360142,-0.6677131484073935,-1.0743830697190815,normal,2026-06-30 07:41:36.915579
14,2,3425,0,3,4,4,0.06160339275906873,-0.6677131484073935,-1.0743830697190815,normal,2026-06-30 07:42:36.915579
25,2,2966,2,0,3,1,-0.6456861846655209,-0.6677131484073935,-1.0743830697190815,normal,2026-06-30 07:50:36.915579
43,0,4610,2,2,4,1,-0.28185322733782603,-0.6677131484073935,-1.0743830697190815,normal,2026-06-30 07:56:36.915579
42,0,3671,0,3,3,1,0.19792301112908758,-0.6677131484073935,-1.0743830697190815,normal,2026-06-30 07:57:36.915579
48,0,2733,3,0,4,0,-0.11024025504728874,-0.6677131484073935,-1.0743830697190815,normal,2026-06-30 07:57:36.915579
31,0,1212,1,3,4,4,1.127949022037906,-0.6677131484073935,-1.0743830697190815,normal,2026-06-30 07:58:36.915579
6,1,127,0,1,4,1,0.8385281415219357,-0.6677131484073935,-1.0743830697190815,normal,2026-06-30 07:59:36.915579
29,0,4315,0,1,3,4,-0.4112237457937559,-0.5243584599806946,-1.0743830697190815,normal,2026-06-30 08:04:36.915579
6,2,1320,3,3,3,4,-0.1708694697887455,-0.5243584599806946,-1.0743830697190815,normal,2026-06-30 08:08:36.915579
20,0,1621,1,2,3,1,1.5576206161726678,-0.5243584599806946,-1.0743830697190815,normal,2026-06-30 08:19:36.915579
12,0,2400,0,3,4,4,1.0701455823652493,-0.5243584599806946,-1.0743830697190815,normal,2026-06-30 08:58:36.915579
21,2,2405,1,3,3,0,1.4169085515222357,-0.3810037715539959,-1.0743830697190815,normal,2026-06-30 09:04:36.915579
8,0,3284,3,2,4,0,-0.01490398665469088,-0.3810037715539959,-1.0743830697190815,normal,2026-06-30 09:12:36.915579
41,1,2221,2,2,3,0,0.6577842633968417,-0.3810037715539959,-1.0743830697190815,normal,2026-06-30 09:17:36.915579
43,2,3656,3,0,3,0,-0.03320424424310769,-0.3810037715539959,-1.0743830697190815,normal,2026-06-30 09:33:36.915579
41,0,3594,1,2,4,4,-0.6233394940704216,-0.3810037715539959,-1.0743830697190815,normal,2026-06-30 09:34:36.915579
36,0,4220,2,0,3,0,0.05156900782088213,-0.3810037715539959,-1.0743830697190815,normal,2026-06-30 09:49:36.915579
50,0,3778,2,2,3,0,-0.4884904321137576,-0.3810037715539959,-1.0743830697190815,normal,2026-06-30 09:56:36.915579
9,0,1308,2,3,3,4,1.0096893742606579,-0.23764908312729716,-1.0743830697190815,normal,2026-06-30 10:08:36.915579
7,0,4039,3,3,3,0,-0.5876424579972176,-0.23764908312729716,-1.0743830697190815,normal,2026-06-30 10:14:36.915579
42,2,4895,3,2,3,4,0.8113180421349563,-0.23764908312729716,-1.0743830697190815,normal,2026-06-30 10:16:36.915579
44,2,3710,1,1,4,4,1.2179413076473322,-0.23764908312729716,-1.0743830697190815,normal,2026-06-30 10:21:36.915579
20,1,4544,0,2,4,1,0.021369738208063937,-0.23764908312729716,-1.0743830697190815,normal,2026-06-30 10:43:36.915579
13,2,1456,0,2,3,4,-0.21442869635949394,-0.09429439470059839,-1.0743830697190815,normal,2026-06-30 11:05:36.915579
43,2,553,3,2,3,4,-0.4009106279406197,-0.09429439470059839,-1.0743830697190815,normal,2026-06-30 11:29:36.915579
42,0,3922,2,1,4,0,-1.4262344613227327,-0.09429439470059839,-1.0743830697190815,normal,2026-06-30 11:30:36.915579
4,1,3295,2,2,4,0,-0.9287538770166051,-0.09429439470059839,-1.0743830697190815,normal,2026-06-30 11:30:36.915579
26,2,651,2,1,3,1,1.7199296759917828,-0.09429439470059839,-1.0743830697190815,normal,2026-06-30 11:34:36.915579
11,1,2695,0,2,3,0,1.1409821886817575,-0.09429439470059839,-1.0743830697190815,normal,2026-06-30 11:44:36.915579
13,0,1064,3,2,4,0,-0.7579002116323099,-0.09429439470059839,-1.0743830697190815,normal,2026-06-30 11:45:36.915579
33,0,4132,0,1,3,1,0.31918144061200093,-0.09429439470059839,-1.0743830697190815,normal,2026-06-30 11:45:36.915579
15,2,595,1,2,4,0,1.054267417692946,-0.09429439470059839,-1.0743830697190815,normal,2026-06-30 11:55:36.915579
17,1,2495,0,0,3,0,-0.1273583006171263,-0.09429439470059839,-1.0743830697190815,normal,2026-06-30 11:57:36.915579
9,2,4683,0,0,4,4,-1.394151341664048,0.04906029372610037,-1.0743830697190815,normal,2026-06-30 12:22:36.915579
18,2,1791,2,2,3,4,-0.43295530168000085,0.04906029372610037,-1.0743830697190815,normal,2026-06-30 12:26:36.915579
48,0,1488,0,1,3,1,-1.3663068846085633,0.04906029372610037,-1.0743830697190815,normal,2026-06-30 12:39:36.915579
45,1,2523,1,3,4,0,0.45824994221221277,0.04906029372610037,-1.0743830697190815,normal,2026-06-30 12:55:36.915579
31,2,346,2,1,4,4,0.41789133842347187,0.04906029372610037,-1.0743830697190815,normal,2026-06-30 12:59:36.915579
8,0,927,2,2,4,0,1.350983411396736,0.19241498215279915,-1.0743830697190815,normal,2026-06-30 13:13:36.915579
29,0,3781,0,2,4,0,-1.2619069907401892,0.19241498215279915,-1.0743830697190815,normal,2026-06-30 13:17:36.915579
47,0,4704,2,3,3,1,-0.7786513965763183,0.19241498215279915,-1.0743830697190815,normal,2026-06-30 13:40:36.915579
14,1,2947,1,2,3,4,-0.31297519901392556,0.19241498215279915,-1.0743830697190815,normal,2026-06-30 13:42:36.915579
23,0,1653,2,2,3,4,-1.6388019491512134,0.19241498215279915,-1.0743830697190815,normal,2026-06-30 13:46:36.915579
1,1,404,1,2,4,4,0.423571723000549,0.19241498215279915,-1.0743830697190815,normal,2026-06-30 13:51:36.915579
23,2,3411,3,0,3,1,-0.9137599684882803,0.19241498215279915,-1.0743830697190815,normal,2026-06-30 13:52:36.915579
22,2,12,0,2,4,1,0.98368070985191,0.19241498215279915,-1.0743830697190815,normal,2026-06-30 13:53:36.915579
47,0,4568,0,3,3,1,-1.5181971002964578,0.3357696705794979,-1.0743830697190815,normal,2026-06-30 14:05:36.915579
40,2,341,2,1,4,0,1.3868534541068054,0.3357696705794979,-1.0743830697190815,normal,2026-06-30 14:17:36.915579
15,1,4008,0,3,4,0,-1.61595546160517,0.3357696705794979,-1.0743830697190815,normal,2026-06-30 14:47:36.915579
44,1,694,2,1,3,4,-0.07870498973867762,0.47912435900619665,-1.0743830697190815,normal,2026-06-30 15:06:36.915579
7,0,483,2,2,3,4,-1.0697542860618126,0.47912435900619665,-1.0743830697190815,normal,2026-06-30 15:07:36.915579
38,1,4208,2,2,4,0,1.4870819657307608,0.47912435900619665,-1.0743830697190815,normal,2026-06-30 15:09:36.915579
36,2,3353,3,3,3,0,-1.0051651416321061,0.47912435900619665,-1.0743830697190815,normal,2026-06-30 15:23:36.915579
11,0,3120,2,1,4,0,-0.8273143189345927,0.47912435900619665,-1.0743830697190815,normal,2026-06-30 15:26:36.915579
37,1,2243,3,2,3,4,0.30228445907815815,0.47912435900619665,-1.0743830697190815,normal,2026-06-30 15:31:36.915579
18,0,126,2,1,4,0,0.8460923761448789,0.47912435900619665,-1.0743830697190815,normal,2026-06-30 15:34:36.915579
2,0,4536,1,2,3,1,1.124959851812067,0.47912435900619665,-1.0743830697190815,normal,2026-06-30 15:35:36.915579
45,2,1478,0,3,3,0,-0.567919701394575,0.47912435900619665,-1.0743830697190815,normal,2026-06-30 15:39:36.915579
4,1,2955,0,2,4,1,1.002096305198237,0.47912435900619665,-1.0743830697190815,normal,2026-06-30 15:40:36.915579
30,1,3986,0,3,3,1,1.2687572014865967,0.47912435900619665,-1.0743830697190815,normal,2026-06-30 15:40:36.915579
8,1,372,2,2,3,4,0.1806992392811658,0.47912435900619665,-1.0743830697190815,normal,2026-06-30 15:48:36.915579
7,2,428,1,0,4,1,0.5029337119225854,0.47912435900619665,-1.0743830697190815,normal,2026-06-30 15:54:36.915579
37,2,3692,3,0,3,0,1.5798808034493343,0.47912435900619665,-1.0743830697190815,normal,2026-06-30 15:54:36.915579
18,2,1656,3,0,4,1,-0.7389367619359096,0.47912435900619665,-1.0743830697190815,normal,2026-06-30 15:57:36.915579
33,2,4744,3,0,3,4,-0.9202573288505544,0.6224790474328954,-1.0743830697190815,normal,2026-06-30 16:33:36.915579
41,1,2451,0,3,4,4,1.6507462442053205,0.6224790474328954,-1.0743830697190815,normal,2026-06-30 16:36:36.915579
18,1,653,2,2,4,0,1.069828403530996,0.6224790474328954,-1.0743830697190815,normal,2026-06-30 16:38:36.915579
13,0,1931,3,2,4,4,-1.394535800857082,0.6224790474328954,-1.0743830697190815,normal,2026-06-30 16:56:36.915579
38,1,369,3,3,3,1,-0.9962456883537181,0.7658337358595942,-1.0743830697190815,normal,2026-06-30 17:06:36.915579
46,2,923,2,1,3,0,1.712336606929362,0.7658337358595942,-1.0743830697190815,normal,2026-06-30 17:15:36.915579
7,1,1338,3,1,4,4,-0.1608062504110814,0.7658337358595942,-1.0743830697190815,normal,2026-06-30 17:15:36.915579
38,0,1543,3,0,4,1,0.509200396769039,0.7658337358595942,-1.0743830697190815,normal,2026-06-30 17:25:36.915579
40,0,3685,0,2,3,0,-1.6380234192853194,0.7658337358595942,-1.0743830697190815,normal,2026-06-30 17:26:36.915579
19,2,2369,2,0,4,0,-1.6585823746328108,0.7658337358595942,-1.0743830697190815,normal,2026-06-30 17:53:36.915579
1,0,569,1,2,3,0,1.2242079924937859,0.909188424286293,-1.0743830697190815,normal,2026-06-30 18:02:36.915579
1,0,4371,2,0,4,4,-0.6500401850266305,0.909188424286293,-1.0743830697190815,normal,2026-06-30 18:03:36.915579
27,2,2899,3,0,4,0,1.2587612624677134,0.909188424286293,-1.0743830697190815,normal,2026-06-30 18:07:36.915579
29,2,65,1,1,4,4,1.1542075849221258,0.909188424286293,-1.0743830697190815,normal,2026-06-30 18:07:36.915579
16,0,1663,3,2,4,1,-0.6938589215526769,0.909188424286293,-1.0743830697190815,normal,2026-06-30 18:13:36.915579
23,1,3139,1,3,3,0,0.4884396003452049,0.909188424286293,-1.0743830697190815,normal,2026-06-30 18:23:36.915579
15,1,4416,1,0,3,4,-1.5555088649804043,0.909188424286293,-1.0743830697190815,normal,2026-06-30 18:32:36.915579
1,2,4095,3,3,3,1,0.09162004425519574,0.909188424286293,-1.0743830697190815,normal,2026-06-30 18:46:36.915579
4,0,1256,1,0,4,1,0.9102490039824221,0.909188424286293,-1.0743830697190815,normal,2026-06-30 18:55:36.915579
41,1,4259,1,0,3,0,-1.2530836522600597,1.0525431127129916,-1.0743830697190815,normal,2026-06-30 19:17:36.915579
36,2,974,2,1,3,0,-1.5626501944910103,1.0525431127129916,-1.0743830697190815,normal,2026-06-30 19:18:36.915579
24,2,2345,2,0,4,0,-1.0949075287660597,1.0525431127129916,-1.0743830697190815,normal,2026-06-30 19:42:36.915579
13,1,840,2,3,3,4,-1.1145726164897471,1.0525431127129916,-1.0743830697190815,normal,2026-06-30 19:47:36.915579
3,2,3020,2,2,4,4,-0.1468023243048192,1.0525431127129916,-1.0743830697190815,normal,2026-06-30 19:49:36.915579
31,0,1872,1,2,3,0,-0.5203524877364475,1.0525431127129916,-1.0743830697190815,normal,2026-06-30 19:58:36.915579
19,0,383,0,0,4,0,0.9492523891157181,1.1958978011396906,-1.0743830697190815,normal,2026-06-30 20:36:36.915579
47,0,1322,2,2,3,0,-1.610390414786003,1.1958978011396906,-1.0743830697190815,normal,2026-06-30 20:36:36.915579
34,1,4968,3,0,4,1,-0.8867805446171216,1.1958978011396906,-1.0743830697190815,normal,2026-06-30 20:52:36.915579
36,2,4978,1,2,4,4,0.7852228744077762,1.3392524895663893,-1.0743830697190815,normal,2026-06-30 21:05:36.915579
23,1,4579,3,1,4,1,-0.9097423699210754,1.3392524895663893,-1.0743830697190815,normal,2026-06-30 21:20:36.915579
25,1,280,3,3,3,1,-1.6654065253091637,1.3392524895663893,-1.0743830697190815,normal,2026-06-30 21:22:36.915579
40,0,4850,2,1,4,4,-0.2377365349371782,1.3392524895663893,-1.0743830697190815,normal,2026-06-30 21:24:36.915579
18,2,1113,2,0,4,4,-0.8493053847761357,1.3392524895663893,-1.0743830697190815,normal,2026-06-30 21:31:36.915579
27,2,17,0,1,4,1,-0.1742238762479669,1.3392524895663893,-1.0743830697190815,normal,2026-06-30 21:41:36.915579
36,1,337,2,0,4,0,-0.6212538029482122,1.3392524895663893,-1.0743830697190815,normal,2026-06-30 21:47:36.915579
38,1,266,1,1,3,1,-0.9470637460848478,1.3392524895663893,-1.0743830697190815,normal,2026-06-30 21:55:36.915579
36,1,874,2,0,3,0,1.7059545843249981,1.482607177993088,-1.0743830697190815,normal,2026-06-30 22:14:36.915579
0,2,1884,2,3,3,4,-1.1573244787551245,1.482607177993088,-1.0743830697190815,normal,2026-06-30 22:49:36.915579
0,2,2504,0,0,4,4,0.682937506101089,1.6259618664197868,-1.0743830697190815,normal,2026-06-30 23:00:36.915579
39,2,4856,0,2,4,0,-0.9723515495066569,1.6259618664197868,-1.0743830697190815,normal,2026-06-30 23:03:36.915579
38,0,1861,1,2,3,1,-0.3914048743928548,1.6259618664197868,-1.0743830697190815,normal,2026-06-30 23:07:36.915579
49,1,2754,2,1,3,4,1.7365190901711989,1.6259618664197868,-1.0743830697190815,normal,2026-06-30 23:11:36.915579
46,1,4070,2,0,3,0,-0.908867725256923,1.6259618664197868,-1.0743830697190815,normal,2026-06-30 23:12:36.915579
24,2,2184,3,0,3,4,0.8730141311370823,1.6259618664197868,-1.0743830697190815,normal,2026-06-30 23:13:36.915579
13,2,3193,1,0,3,4,1.719035808367979,1.6259618664197868,-1.0743830697190815,normal,2026-06-30 23:20:36.915579
31,1,4604,0,2,4,0,-1.0278001766219809,1.6259618664197868,-1.0743830697190815,normal,2026-06-30 23:24:36.915579
38,0,2385,0,0,4,1,-0.938759427515314,1.6259618664197868,-1.0743830697190815,normal,2026-06-30 23:28:36.915579
11,2,3264,2,3,3,0,1.6833195493351232,1.6259618664197868,-1.0743830697190815,normal,2026-06-30 23:29:36.915579
43,0,1911,1,0,3,4,-0.2498758339572256,1.6259618664197868,-1.0743830697190815,normal,2026-06-30 23:30:36.915579
29,2,2722,0,0,3,1,-1.2233937910780117,1.6259618664197868,-1.0743830697190815,normal,2026-06-30 23:34:36.915579
10,0,898,2,2,3,0,-0.0904598295656912,1.6259618664197868,-1.0743830697190815,normal,2026-06-30 23:34:36.915579
1,1,4471,0,1,4,1,-0.5928999374619571,1.6259618664197868,-1.0743830697190815,normal,2026-06-30 23:42:36.915579
43,1,74,3,2,4,4,-0.16968725777016605,1.6259618664197868,-1.0743830697190815,normal,2026-06-30 23:44:36.915579
3,1,86,0,1,3,1,-1.0118931775102005,1.6259618664197868,-1.0743830697190815,normal,2026-06-30 23:53:36.915579
3,2,1416,3,2,4,4,0.4132297707079351,1.6259618664197868,-1.0743830697190815,normal,2026-06-30 23:55:36.915579
36,1,4317,3,2,4,4,1.129486858810042,-1.6711959673942849,-0.5790111857957346,normal,2026-07-01 00:13:36.915579
16,1,216,3,1,4,4,-0.9863939215322227,-1.6711959673942849,-0.5790111857957346,normal,2026-07-01 00:13:36.915579
1,1,3166,0,1,4,0,0.9363441717096028,-1.6711959673942849,-0.5790111857957346,normal,2026-07-01 00:13:36.915579
47,0,1922,0,2,3,0,-0.3776412352822388,-1.6711959673942849,-0.5790111857957346,normal,2026-07-01 00:22:36.915579
18,2,1652,2,2,4,1,0.9139782581548518,-1.6711959673942849,-0.5790111857957346,normal,2026-07-01 00:22:36.915579
41,1,4531,1,3,4,0,0.977423636485282,-1.6711959673942849,-0.5790111857957346,normal,2026-07-01 00:26:36.915579
48,1,2814,3,2,3,0,-0.17803963373882906,-1.6711959673942849,-0.5790111857957346,normal,2026-07-01 00:27:36.915579
47,1,4396,3,1,3,1,-0.9592030451048953,-1.6711959673942849,-0.5790111857957346,normal,2026-07-01 00:46:36.915579
47,2,3875,2,3,4,1,1.5955090696461653,-1.6711959673942849,-0.5790111857957346,normal,2026-07-01 00:54:36.915579
3,2,4901,1,3,4,1,0.8308101232217786,-1.527841278967586,-0.5790111857957346,normal,2026-07-01 01:05:36.915579
38,1,4685,1,2,3,0,-1.4006487020263223,-1.527841278967586,-0.5790111857957346,normal,2026-07-01 01:09:36.915579
35,1,691,3,2,3,4,1.4176678584284779,-1.527841278967586,-0.5790111857957346,normal,2026-07-01 01:26:36.915579
15,2,3062,3,1,3,0,1.3206111351470529,-1.527841278967586,-0.5790111857957346,normal,2026-07-01 01:39:36.915579
39,0,198,1,1,4,0,-0.7687804067951712,-1.3844865905408872,-0.5790111857957346,normal,2026-07-01 02:05:36.915579
28,2,4661,0,2,3,1,-1.5658219828335405,-1.3844865905408872,-0.5790111857957346,normal,2026-07-01 02:06:36.915579
15,2,1046,1,3,4,0,-0.2860726669813737,-1.3844865905408872,-0.5790111857957346,normal,2026-07-01 02:07:36.915579
4,0,529,1,3,4,1,1.0460399909620193,-1.3844865905408872,-0.5790111857957346,normal,2026-07-01 02:17:36.915579
26,2,4261,0,2,4,4,0.6895405927414473,-1.3844865905408872,-0.5790111857957346,normal,2026-07-01 02:23:36.915579
29,2,1834,1,2,4,4,0.8654018391150096,-1.3844865905408872,-0.5790111857957346,normal,2026-07-01 02:23:36.915579
28,1,1246,0,2,3,0,0.388009247644907,-1.3844865905408872,-0.5790111857957346,normal,2026-07-01 02:39:36.915579
8,1,1098,0,1,4,0,-0.49318083426877185,-1.3844865905408872,-0.5790111857957346,normal,2026-07-01 02:46:36.915579
6,0,3261,0,2,4,1,-0.38385025124973743,-1.3844865905408872,-0.5790111857957346,normal,2026-07-01 02:50:36.915579
19,1,107,0,0,3,4,0.5465890532915925,-1.2411319021141884,-0.5790111857957346,normal,2026-07-01 03:04:36.915579
20,0,3751,2,0,3,0,1.1365705194416926,-1.2411319021141884,-0.5790111857957346,normal,2026-07-01 03:08:36.915579
21,0,728,2,0,3,1,0.04272644638110084,-1.2411319021141884,-0.5790111857957346,normal,2026-07-01 03:10:36.915579
19,1,944,0,1,3,1,0.8473707029617168,-1.2411319021141884,-0.5790111857957346,normal,2026-07-01 03:11:36.915579
45,1,2476,1,3,4,0,1.3870745181428,-1.2411319021141884,-0.5790111857957346,normal,2026-07-01 03:15:36.915579
49,0,4314,2,1,4,4,1.2240445973367462,-1.2411319021141884,-0.5790111857957346,normal,2026-07-01 03:23:36.915579
7,1,1346,3,1,3,0,-1.0891310293907244,-1.2411319021141884,-0.5790111857957346,normal,2026-07-01 03:51:36.915579
47,2,3902,2,0,3,0,0.4091448917819492,-1.0977772136874897,-0.5790111857957346,normal,2026-07-01 04:05:36.915579
48,2,4245,1,1,3,4,1.0643594715100877,-1.0977772136874897,-0.5790111857957346,normal,2026-07-01 04:13:36.915579
29,0,3813,3,0,4,4,-0.3687986738424575,-1.0977772136874897,-0.5790111857957346,normal,2026-07-01 04:16:36.915579
4,0,336,2,2,4,1,0.517168313544668,-1.0977772136874897,-0.5790111857957346,normal,2026-07-01 04:22:36.915579
0,1,4272,0,3,3,0,0.7737756019351895,-1.0977772136874897,-0.5790111857957346,normal,2026-07-01 04:25:36.915579
44,2,424,2,3,3,0,-0.90651291269959,-1.0977772136874897,-0.5790111857957346,normal,2026-07-01 04:25:36.915579
11,0,1991,0,3,4,1,-0.5267248988609856,-1.0977772136874897,-0.5790111857957346,normal,2026-07-01 04:33:36.915579
36,2,753,1,0,3,4,-0.48444399910707503,-1.0977772136874897,-0.5790111857957346,normal,2026-07-01 04:38:36.915579
22,1,3515,3,3,3,4,-0.08822035476626841,-1.0977772136874897,-0.5790111857957346,normal,2026-07-01 04:43:36.915579
22,0,3073,2,3,4,1,1.6309658187237228,-1.0977772136874897,-0.5790111857957346,normal,2026-07-01 04:45:36.915579
6,0,2145,1,3,4,0,-0.4670087747029845,-0.954422525260791,-0.5790111857957346,normal,2026-07-01 05:19:36.915579
47,2,1454,1,2,4,1,1.2305900150981495,-0.954422525260791,-0.5790111857957346,normal,2026-07-01 05:24:36.915579
23,2,116,0,1,3,0,-0.6134781157691003,-0.954422525260791,-0.5790111857957346,normal,2026-07-01 05:35:36.915579
17,0,3731,3,0,4,0,1.461294365358007,-0.954422525260791,-0.5790111857957346,normal,2026-07-01 05:39:36.915579
25,2,1302,1,0,4,1,1.1939510540020126,-0.954422525260791,-0.5790111857957346,normal,2026-07-01 05:43:36.915579
46,0,4012,0,0,4,0,-0.8129836025142517,-0.954422525260791,-0.5790111857957346,normal,2026-07-01 05:53:36.915579
20,0,2608,2,3,3,4,0.44142024103715066,-0.8110678368340922,-0.5790111857957346,normal,2026-07-01 06:03:36.915579
50,0,3257,0,1,3,4,-0.09096923799646117,-0.8110678368340922,-0.5790111857957346,normal,2026-07-01 06:04:36.915579
38,2,4738,0,3,4,0,0.3706413035995974,-0.8110678368340922,-0.5790111857957346,normal,2026-07-01 06:07:36.915579
47,2,3021,0,3,3,1,-1.618992689230138,-0.8110678368340922,-0.5790111857957346,normal,2026-07-01 06:19:36.915579
32,2,3609,3,2,3,0,0.45290595942904066,-0.8110678368340922,-0.5790111857957346,normal,2026-07-01 06:27:36.915579
11,2,4555,3,3,4,4,-1.050156478696906,-0.8110678368340922,-0.5790111857957346,normal,2026-07-01 06:51:36.915579
3,2,964,1,1,3,0,1.0791803734015473,-0.6677131484073935,-0.5790111857957346,normal,2026-07-01 07:16:36.915579
40,0,2213,1,0,3,0,-0.22082033044368374,-0.6677131484073935,-0.5790111857957346,normal,2026-07-01 07:18:36.915579
24,1,3483,0,3,4,0,1.1389157205192,-0.6677131484073935,-0.5790111857957346,normal,2026-07-01 07:41:36.915579
37,2,712,1,2,3,0,0.675921125828219,-0.6677131484073935,-0.5790111857957346,normal,2026-07-01 07:47:36.915579
31,2,4921,3,3,3,0,-0.3704518483725036,-0.6677131484073935,-0.5790111857957346,normal,2026-07-01 07:48:36.915579
8,0,4736,0,0,4,0,1.384392915271388,-0.5243584599806946,-0.5790111857957346,normal,2026-07-01 08:00:36.915579
19,1,4038,2,3,4,4,-1.6677709493463226,-0.5243584599806946,-0.5790111857957346,normal,2026-07-01 08:01:36.915579
11,1,3861,2,3,4,0,0.8467651797326882,-0.5243584599806946,-0.5790111857957346,normal,2026-07-01 08:15:36.915579
10,1,2403,0,1,4,0,1.7346736860446357,-0.5243584599806946,-0.5790111857957346,normal,2026-07-01 08:15:36.915579
20,0,1893,1,2,4,1,-1.0272715452315593,-0.5243584599806946,-0.5790111857957346,normal,2026-07-01 08:19:36.915579
23,0,2861,2,0,4,0,-1.560237713054722,-0.5243584599806946,-0.5790111857957346,normal,2026-07-01 08:23:36.915579
21,0,321,3,3,3,1,-0.3466826587631786,-0.5243584599806946,-0.5790111857957346,normal,2026-07-01 08:27:36.915579
9,2,1024,3,0,3,4,0.24650904164875515,-0.5243584599806946,-0.5790111857957346,normal,2026-07-01 08:38:36.915579
27,1,3253,3,1,3,4,-1.0868434971921723,-0.5243584599806946,-0.5790111857957346,normal,2026-07-01 08:46:36.915579
9,2,2895,3,3,3,1,-0.4636832026832407,-0.3810037715539959,-0.5790111857957346,normal,2026-07-01 09:16:36.915579
6,2,1781,0,3,4,0,0.051203771587499974,-0.3810037715539959,-0.5790111857957346,normal,2026-07-01 09:21:36.915579
0,0,935,3,0,4,4,-0.44710339998365084,-0.3810037715539959,-0.5790111857957346,normal,2026-07-01 09:26:36.915579
45,0,4615,1,1,4,0,1.4374482839100753,-0.3810037715539959,-0.5790111857957346,normal,2026-07-01 09:32:36.915579
20,1,3436,1,0,4,0,-1.3125114320232854,-0.3810037715539959,-0.5790111857957346,normal,2026-07-01 09:39:36.915579
5,2,1460,3,1,3,1,-1.215666161298029,-0.23764908312729716,-0.5790111857957346,normal,2026-07-01 10:08:36.915579
27,2,2823,3,2,4,0,0.46848616822674227,-0.23764908312729716,-0.5790111857957346,normal,2026-07-01 10:24:36.915579
35,0,798,3,0,3,4,1.719410656081187,-0.23764908312729716,-0.5790111857957346,normal,2026-07-01 10:42:36.915579
3,2,3482,2,3,3,1,-1.4169689947706143,-0.23764908312729716,-0.5790111857957346,normal,2026-07-01 10:46:36.915579
28,2,3468,3,3,3,0,-0.7444825857954246,-0.23764908312729716,-0.5790111857957346,normal,2026-07-01 10:49:36.915579
24,1,225,0,0,3,1,0.10611415583257623,-0.23764908312729716,-0.5790111857957346,normal,2026-07-01 10:58:36.915579
42,2,2972,0,1,3,4,-0.5376243169834984,-0.09429439470059839,-0.5790111857957346,normal,2026-07-01 11:02:36.915579
40,2,1013,0,3,3,0,-0.10053266042318115,-0.09429439470059839,-0.5790111857957346,normal,2026-07-01 11:09:36.915579
21,2,249,2,1,3,0,0.4286561958284232,-0.09429439470059839,-0.5790111857957346,normal,2026-07-01 11:12:36.915579
11,0,1095,0,1,4,0,-0.7307862270435895,-0.09429439470059839,-0.5790111857957346,normal,2026-07-01 11:16:36.915579
12,0,1840,2,0,4,1,1.3615848736446479,-0.09429439470059839,-0.5790111857957346,normal,2026-07-01 11:20:36.915579
34,0,3571,0,3,4,4,0.948377744451566,-0.09429439470059839,-0.5790111857957346,normal,2026-07-01 11:22:36.915579
13,2,184,3,2,3,4,0.32382378536788603,-0.09429439470059839,-0.5790111857957346,normal,2026-07-01 11:23:36.915579
38,1,1960,3,1,3,1,-0.9273217665225536,-0.09429439470059839,-0.5790111857957346,normal,2026-07-01 11:27:36.915579
12,2,1031,1,3,3,1,-0.887520628563712,-0.09429439470059839,-0.5790111857957346,normal,2026-07-01 11:29:36.915579
40,2,1197,1,1,3,1,0.7628761838126767,-0.09429439470059839,-0.5790111857957346,normal,2026-07-01 11:41:36.915579
5,2,1545,2,1,4,1,-0.14666776358725722,-0.09429439470059839,-0.5790111857957346,normal,2026-07-01 11:58:36.915579
46,0,2601,2,2,4,4,-0.5462362029074593,0.04906029372610037,-0.5790111857957346,normal,2026-07-01 12:06:36.915579
45,1,4231,2,2,3,4,1.664231150400987,0.04906029372610037,-0.5790111857957346,normal,2026-07-01 12:24:36.915579
1,2,1343,0,1,3,1,-1.2812933455489273,0.19241498215279915,-0.5790111857957346,normal,2026-07-01 13:21:36.915579
41,0,1367,3,3,4,1,1.665192298383572,0.19241498215279915,-0.5790111857957346,normal,2026-07-01 13:30:36.915579
24,2,1646,1,1,3,4,-0.44330686545244036,0.19241498215279915,-0.5790111857957346,normal,2026-07-01 13:31:36.915579
18,1,2433,1,1,3,0,0.5703390199412658,0.19241498215279915,-0.5790111857957346,normal,2026-07-01 13:42:36.915579
41,2,2092,2,0,4,1,-1.5895335035639104,0.19241498215279915,-0.5790111857957346,normal,2026-07-01 13:45:36.915579
17,1,4283,0,3,4,4,1.0305270625230987,0.3357696705794979,-0.5790111857957346,normal,2026-07-01 14:02:36.915579
28,0,3958,1,2,4,4,-0.18488300737483354,0.3357696705794979,-0.5790111857957346,normal,2026-07-01 14:26:36.915579
9,1,4027,1,2,4,0,1.1750164387450894,0.3357696705794979,-0.5790111857957346,normal,2026-07-01 14:28:36.915579
0,0,652,1,1,3,4,-0.8389345980440445,0.3357696705794979,-0.5790111857957346,normal,2026-07-01 14:37:36.915579
49,0,4626,3,1,3,1,-1.1047400726279035,0.3357696705794979,-0.5790111857957346,normal,2026-07-01 14:50:36.915579
50,0,4883,1,0,4,0,-0.19113046926163552,0.47912435900619665,-0.5790111857957346,normal,2026-07-01 15:04:36.915579
41,2,3109,2,0,4,1,-0.23743857906257693,0.47912435900619665,-0.5790111857957346,normal,2026-07-01 15:04:36.915579
46,1,3438,3,3,4,1,-0.26274560544403774,0.47912435900619665,-0.5790111857957346,normal,2026-07-01 15:11:36.915579
8,1,1823,2,1,4,1,-1.0178234605627494,0.47912435900619665,-0.5790111857957346,normal,2026-07-01 15:24:36.915579
5,2,3507,3,2,4,1,1.1423950762161572,0.47912435900619665,-0.5790111857957346,normal,2026-07-01 15:35:36.915579
48,2,4099,3,0,4,4,-1.0450143369900766,0.47912435900619665,-0.5790111857957346,normal,2026-07-01 15:41:36.915579
39,0,3859,1,0,3,4,1.6522648580178045,0.47912435900619665,-0.5790111857957346,normal,2026-07-01 15:41:36.915579
34,2,4037,1,1,4,1,-1.4925825065605696,0.47912435900619665,-0.5790111857957346,normal,2026-07-01 15:58:36.915579
3,0,315,0,1,4,4,1.4127948381567725,0.6224790474328954,-0.5790111857957346,normal,2026-07-01 16:32:36.915579
50,2,719,3,0,3,1,0.8982346542001107,0.6224790474328954,-0.5790111857957346,normal,2026-07-01 16:48:36.915579
37,2,2121,1,1,4,4,1.2840586773693485,0.7658337358595942,-0.5790111857957346,normal,2026-07-01 17:01:36.915579
17,1,2615,1,3,4,0,0.8108470796234899,0.7658337358595942,-0.5790111857957346,normal,2026-07-01 17:14:36.915579
16,1,4382,3,1,3,0,-1.540418841653821,0.7658337358595942,-0.5790111857957346,normal,2026-07-01 17:17:36.915579
12,2,931,1,1,4,4,0.6745659071727744,0.7658337358595942,-0.5790111857957346,normal,2026-07-01 17:18:36.915579
36,0,2071,3,1,3,4,-0.5337028332145521,0.7658337358595942,-0.5790111857957346,normal,2026-07-01 17:37:36.915579
14,2,1548,2,0,3,0,-0.5949952400639923,0.7658337358595942,-0.5790111857957346,normal,2026-07-01 17:40:36.915579
39,0,3763,2,1,3,0,-1.3564551177870678,0.7658337358595942,-0.5790111857957346,normal,2026-07-01 17:42:36.915579
22,2,292,3,1,4,0,0.8067429777378523,0.7658337358595942,-0.5790111857957346,normal,2026-07-01 17:44:36.915579
26,1,2639,3,0,3,0,0.5380636706860643,0.909188424286293,-0.5790111857957346,normal,2026-07-01 18:04:36.915579
1,0,4445,0,0,3,0,-1.3263039055733787,0.909188424286293,-0.5790111857957346,normal,2026-07-01 18:14:36.915579
37,2,1439,2,2,3,0,-0.09202650077730472,0.909188424286293,-0.5790111857957346,normal,2026-07-01 18:20:36.915579
16,2,4668,3,1,3,4,-0.7397921836404102,0.909188424286293,-0.5790111857957346,normal,2026-07-01 18:33:36.915579
19,1,3373,1,1,3,4,1.3625748560667106,0.909188424286293,-0.5790111857957346,normal,2026-07-01 18:42:36.915579
23,1,434,3,2,3,4,1.2873746379092663,0.909188424286293,-0.5790111857957346,normal,2026-07-01 18:57:36.915579
25,1,1085,0,1,4,0,0.41318171330880565,1.0525431127129916,-0.5790111857957346,normal,2026-07-01 19:06:36.915579
24,0,3466,2,2,3,4,1.6275633548653723,1.0525431127129916,-0.5790111857957346,normal,2026-07-01 19:19:36.915579
28,1,1225,0,0,4,4,-0.7598513420369575,1.0525431127129916,-0.5790111857957346,normal,2026-07-01 19:20:36.915579
38,0,3701,1,2,3,4,0.8392682254685261,1.0525431127129916,-0.5790111857957346,normal,2026-07-01 19:21:36.915579
49,2,2612,3,2,3,0,1.5918470958325168,1.0525431127129916,-0.5790111857957346,normal,2026-07-01 19:22:36.915579
19,1,3125,0,3,3,1,0.3256595780146231,1.0525431127129916,-0.5790111857957346,normal,2026-07-01 19:22:36.915579
25,0,3670,3,3,3,1,1.3197845478820296,1.0525431127129916,-0.5790111857957346,normal,2026-07-01 19:24:36.915579
48,0,2510,2,0,4,4,0.9613244077769846,1.0525431127129916,-0.5790111857957346,normal,2026-07-01 19:27:36.915579
32,1,2152,2,0,3,0,0.2523239869433941,1.0525431127129916,-0.5790111857957346,normal,2026-07-01 19:51:36.915579
23,0,3502,2,3,3,1,0.2834171241800161,1.0525431127129916,-0.5790111857957346,normal,2026-07-01 19:56:36.915579
4,1,4509,2,3,4,0,-0.26810881118686153,1.1958978011396906,-0.5790111857957346,normal,2026-07-01 20:31:36.915579
8,0,3331,3,2,3,4,-1.1453774093315938,1.1958978011396906,-0.5790111857957346,normal,2026-07-01 20:40:36.915579
33,1,2553,1,3,3,1,1.6002090832810056,1.1958978011396906,-0.5790111857957346,normal,2026-07-01 20:54:36.915579
35,1,1860,3,1,3,1,-0.368394991689772,1.3392524895663893,-0.5790111857957346,normal,2026-07-01 21:16:36.915579
41,2,3440,0,1,4,4,0.09042822075679043,1.3392524895663893,-0.5790111857957346,normal,2026-07-01 21:36:36.915579
5,0,444,3,0,3,4,0.7140690892570144,1.3392524895663893,-0.5790111857957346,normal,2026-07-01 21:37:36.915579
14,2,4243,1,3,3,0,-0.399430460047439,1.3392524895663893,-0.5790111857957346,normal,2026-07-01 21:39:36.915579
45,1,1389,0,0,3,4,1.2524369087423046,1.3392524895663893,-0.5790111857957346,normal,2026-07-01 21:52:36.915579
23,2,3070,1,1,3,4,1.0458958187646317,1.3392524895663893,-0.5790111857957346,normal,2026-07-01 21:56:36.915579
12,1,1169,0,0,4,1,-0.8868093790565992,1.482607177993088,-0.5790111857957346,normal,2026-07-01 22:03:36.915579
13,0,4918,0,3,3,0,0.37699449176448385,1.482607177993088,-0.5790111857957346,normal,2026-07-01 22:08:36.915579
43,1,1032,1,3,3,0,0.7770627280356299,1.482607177993088,-0.5790111857957346,normal,2026-07-01 22:12:36.915579
36,0,2033,0,2,3,4,-1.1234247894093543,1.482607177993088,-0.5790111857957346,normal,2026-07-01 22:16:36.915579
42,2,2021,1,3,4,1,0.7827142781732294,1.482607177993088,-0.5790111857957346,normal,2026-07-01 22:30:36.915579
25,2,3357,3,0,3,1,-0.06083724874242408,1.482607177993088,-0.5790111857957346,normal,2026-07-01 22:36:36.915579
5,1,96,0,3,4,4,1.2679882831005285,1.482607177993088,-0.5790111857957346,normal,2026-07-01 22:53:36.915579
32,0,4929,0,3,4,1,-0.8672692405706479,1.6259618664197868,-0.5790111857957346,normal,2026-07-01 23:03:36.915579
21,0,2707,0,0,3,0,-0.08523118454042919,1.6259618664197868,-0.5790111857957346,normal,2026-07-01 23:11:36.915579
14,0,3968,3,3,3,0,1.0042684996388787,1.6259618664197868,-0.5790111857957346,normal,2026-07-01 23:14:36.915579
32,0,4492,1,1,4,1,1.2934106472398998,1.6259618664197868,-0.5790111857957346,normal,2026-07-01 23:14:36.915579
3,2,1852,0,1,3,1,-0.731382138792792,1.6259618664197868,-0.5790111857957346,normal,2026-07-01 23:21:36.915579
40,1,3863,3,0,4,0,-1.6908288894485348,1.6259618664197868,-0.5790111857957346,normal,2026-07-01 23:24:36.915579
46,1,4910,2,0,4,1,-0.9001116671355744,1.6259618664197868,-0.5790111857957346,normal,2026-07-01 23:37:36.915579
27,0,2630,1,2,4,1,0.963467767778149,1.6259618664197868,-0.5790111857957346,normal,2026-07-01 23:40:36.915579
14,1,3904,1,3,3,1,1.6949782743638784,1.6259618664197868,-0.5790111857957346,normal,2026-07-01 23:53:36.915579
24,1,4513,1,0,4,1,1.6112430621210805,1.6259618664197868,-0.5790111857957346,normal,2026-07-01 23:54:36.915579
21,2,3842,3,2,3,1,0.6571114598090324,-1.6711959673942849,-0.0836393018723879,normal,2026-07-02 00:05:36.915579
44,2,46,1,1,4,0,-0.05585850219263414,-1.6711959673942849,-0.0836393018723879,normal,2026-07-02 00:09:36.915579
0,2,494,2,2,3,4,0.5269528000073828,-1.6711959673942849,-0.0836393018723879,normal,2026-07-02 00:15:36.915579
27,0,3814,2,2,3,4,-1.1207912439370717,-1.6711959673942849,-0.0836393018723879,normal,2026-07-02 00:20:36.915579
6,2,2755,0,0,3,0,1.6361175719103782,-1.6711959673942849,-0.0836393018723879,normal,2026-07-02 00:23:36.915579
43,0,657,2,3,3,4,1.7100779091702876,-1.6711959673942849,-0.0836393018723879,normal,2026-07-02 00:25:36.915579
39,2,1586,1,1,3,1,-0.9382115731652406,-1.6711959673942849,-0.0836393018723879,normal,2026-07-02 00:30:36.915579
32,1,1741,2,0,4,0,-0.8753236606647095,-1.6711959673942849,-0.0836393018723879,normal,2026-07-02 00:34:36.915579
15,1,4210,0,3,3,1,-0.4696327086954414,-1.6711959673942849,-0.0836393018723879,normal,2026-07-02 00:35:36.915579
3,2,3101,3,0,3,1,0.005731860531407337,-1.6711959673942849,-0.0836393018723879,normal,2026-07-02 00:43:36.915579
11,0,547,0,3,4,1,0.7159144933835776,-1.6711959673942849,-0.0836393018723879,normal,2026-07-02 00:47:36.915579
12,0,3462,1,0,4,1,0.4114132010208497,-1.6711959673942849,-0.0836393018723879,normal,2026-07-02 00:54:36.915579
34,1,1536,0,0,3,4,-0.07257286560978596,-1.527841278967586,-0.0836393018723879,normal,2026-07-02 01:02:36.915579
9,2,415,2,3,3,4,-0.4110891850761939,-1.527841278967586,-0.0836393018723879,normal,2026-07-02 01:03:36.915579
8,0,2156,2,0,3,4,-0.8075723393722986,-1.527841278967586,-0.0836393018723879,normal,2026-07-02 01:04:36.915579
41,2,4724,3,2,4,1,1.678292745386204,-1.527841278967586,-0.0836393018723879,normal,2026-07-02 01:08:36.915579
11,0,101,2,0,3,1,-0.6431968113906258,-1.527841278967586,-0.0836393018723879,normal,2026-07-02 01:11:36.915579
14,1,2258,1,0,4,4,1.610128130461282,-1.527841278967586,-0.0836393018723879,normal,2026-07-02 01:35:36.915579
22,2,2734,3,1,4,0,-0.7331410396009226,-1.527841278967586,-0.0836393018723879,normal,2026-07-02 01:38:36.915579
13,0,4834,0,0,4,0,-1.330186943423022,-1.527841278967586,-0.0836393018723879,normal,2026-07-02 01:58:36.915579
44,2,482,3,2,3,4,0.01290202448149086,-1.527841278967586,-0.0836393018723879,normal,2026-07-02 01:58:36.915579
13,0,2999,2,2,4,0,1.6170868418551967,-1.3844865905408872,-0.0836393018723879,normal,2026-07-02 02:31:36.915579
35,1,2537,3,0,3,4,1.5711151338481602,-1.3844865905408872,-0.0836393018723879,normal,2026-07-02 02:42:36.915579
6,2,3351,1,1,4,0,0.8374708787410919,-1.3844865905408872,-0.0836393018723879,normal,2026-07-02 02:43:36.915579
43,0,352,0,1,3,4,-1.3278994112244698,-1.3844865905408872,-0.0836393018723879,normal,2026-07-02 02:46:36.915579
31,2,4906,2,3,4,0,0.8670357906854043,-1.3844865905408872,-0.0836393018723879,normal,2026-07-02 02:50:36.915579
45,0,659,3,3,3,0,0.28768462122269317,-1.3844865905408872,-0.0836393018723879,normal,2026-07-02 02:59:36.915579
12,1,3625,3,3,4,1,1.4255108259663707,-1.2411319021141884,-0.0836393018723879,normal,2026-07-02 03:00:36.915579
19,2,4075,1,1,4,1,0.5255975813519377,-1.2411319021141884,-0.0836393018723879,normal,2026-07-02 03:21:36.915579
50,0,4554,0,3,3,4,-1.2231727270420172,-1.2411319021141884,-0.0836393018723879,normal,2026-07-02 03:24:36.915579
3,0,1555,2,0,4,4,-0.39944968300709066,-1.0977772136874897,-0.0836393018723879,normal,2026-07-02 04:07:36.915579
13,0,1058,1,1,4,4,0.4727728882290706,-1.0977772136874897,-0.0836393018723879,normal,2026-07-02 04:33:36.915579
8,1,709,0,2,3,0,-0.12751208429433974,-1.0977772136874897,-0.0836393018723879,normal,2026-07-02 04:35:36.915579
46,0,3646,2,3,3,4,1.2114343358052322,-1.0977772136874897,-0.0836393018723879,normal,2026-07-02 04:42:36.915579
24,1,2808,1,1,3,4,-0.8625692269358076,-1.0977772136874897,-0.0836393018723879,normal,2026-07-02 04:46:36.915579
46,0,1610,0,2,3,1,0.8583758473623139,-1.0977772136874897,-0.0836393018723879,normal,2026-07-02 04:51:36.915579
39,0,2819,3,0,4,0,0.37231370108929496,-1.0977772136874897,-0.0836393018723879,normal,2026-07-02 04:52:36.915579
44,2,4804,3,0,3,1,0.9828637340667125,-1.0977772136874897,-0.0836393018723879,normal,2026-07-02 04:54:36.915579
33,1,3694,3,3,4,4,-0.8728150644301629,-0.954422525260791,-0.0836393018723879,normal,2026-07-02 05:09:36.915579
13,2,2944,2,3,4,4,0.6902710652082121,-0.954422525260791,-0.0836393018723879,normal,2026-07-02 05:47:36.915579
30,1,4546,1,2,4,0,-1.5363531856874868,-0.954422525260791,-0.0836393018723879,normal,2026-07-02 05:50:36.915579
49,1,2265,0,1,3,1,0.4103847726794837,-0.954422525260791,-0.0836393018723879,normal,2026-07-02 05:53:36.915579
8,1,3947,1,1,3,4,1.6336762560346125,-0.954422525260791,-0.0836393018723879,normal,2026-07-02 05:57:36.915579
23,1,4087,3,3,3,4,0.06377558719971063,-0.954422525260791,-0.0836393018723879,normal,2026-07-02 05:57:36.915579
33,2,449,0,1,3,4,1.7109525538344397,-0.8110678368340922,-0.0836393018723879,normal,2026-07-02 06:15:36.915579
34,1,246,0,1,4,4,-0.5480239381550672,-0.8110678368340922,-0.0836393018723879,normal,2026-07-02 06:20:36.915579
36,0,129,1,0,4,4,0.5483191196602455,-0.8110678368340922,-0.0836393018723879,normal,2026-07-02 06:21:36.915579
8,1,1044,3,1,3,1,-1.3092531403623224,-0.8110678368340922,-0.0836393018723879,normal,2026-07-02 06:23:36.915579
7,1,3060,0,1,3,1,-1.0442358071241828,-0.8110678368340922,-0.0836393018723879,normal,2026-07-02 06:31:36.915579
2,1,2515,3,0,4,0,1.5349663582231412,-0.8110678368340922,-0.0836393018723879,normal,2026-07-02 06:44:36.915579
5,2,2613,2,3,3,4,0.9669279005154546,-0.6677131484073935,-0.0836393018723879,normal,2026-07-02 07:01:36.915579
35,1,4674,2,2,4,1,-1.2957201767675268,-0.6677131484073935,-0.0836393018723879,normal,2026-07-02 07:22:36.915579
43,0,1372,3,2,4,4,-0.3522861515016488,-0.6677131484073935,-0.0836393018723879,normal,2026-07-02 07:25:36.915579
22,1,2075,1,1,4,1,-0.29808701676368515,-0.6677131484073935,-0.0836393018723879,normal,2026-07-02 07:26:36.915579
16,1,4770,2,1,3,0,0.5726457750994697,-0.6677131484073935,-0.0836393018723879,normal,2026-07-02 07:34:36.915579
41,1,1749,2,2,4,1,1.6752747407208874,-0.6677131484073935,-0.0836393018723879,normal,2026-07-02 07:40:36.915579
17,0,4892,3,3,3,1,-1.5557395404962246,-0.6677131484073935,-0.0836393018723879,normal,2026-07-02 07:44:36.915579
5,1,705,1,0,3,1,0.4893430794488348,-0.5243584599806946,-0.0836393018723879,normal,2026-07-02 08:05:36.915579
18,1,4258,2,2,3,0,0.29259608741370224,-0.5243584599806946,-0.0836393018723879,normal,2026-07-02 08:51:36.915579
25,1,4086,3,3,3,4,0.8259563259097246,-0.5243584599806946,-0.0836393018723879,normal,2026-07-02 08:59:36.915579
29,2,1762,0,3,3,4,1.3042139505641541,-0.3810037715539959,-0.0836393018723879,normal,2026-07-02 09:01:36.915579
29,2,1463,1,0,3,0,-1.1101128898505532,-0.3810037715539959,-0.0836393018723879,normal,2026-07-02 09:04:36.915579
9,2,1048,3,0,4,1,-1.5807774454425616,-0.3810037715539959,-0.0836393018723879,normal,2026-07-02 09:13:36.915579
16,2,1428,3,1,4,0,-1.3002471837655019,-0.3810037715539959,-0.0836393018723879,normal,2026-07-02 09:26:36.915579
40,0,1633,2,1,4,4,0.46092193360379863,-0.3810037715539959,-0.0836393018723879,normal,2026-07-02 09:34:36.915579
46,0,706,1,0,3,4,-1.3012660006270418,-0.3810037715539959,-0.0836393018723879,normal,2026-07-02 09:37:36.915579
16,1,1904,1,3,4,1,-0.8853772685625476,-0.3810037715539959,-0.0836393018723879,normal,2026-07-02 09:46:36.915579
33,1,3449,3,3,3,0,-1.4921211555289289,-0.3810037715539959,-0.0836393018723879,normal,2026-07-02 09:49:36.915579
1,1,1073,3,3,4,1,1.1464799551421432,-0.3810037715539959,-0.0836393018723879,normal,2026-07-02 09:53:36.915579
12,1,506,2,1,3,1,-0.002687795796036537,-0.3810037715539959,-0.0836393018723879,normal,2026-07-02 09:54:36.915579
5,2,3666,0,1,4,0,-1.0914281730691024,-0.23764908312729716,-0.0836393018723879,normal,2026-07-02 10:04:36.915579
0,1,99,3,1,3,4,0.10135647331878084,-0.23764908312729716,-0.0836393018723879,normal,2026-07-02 10:16:36.915579
7,1,3561,3,0,3,4,-1.6912325716012206,-0.23764908312729716,-0.0836393018723879,normal,2026-07-02 10:23:36.915579
46,0,1782,3,3,3,0,-1.2974694660958312,-0.23764908312729716,-0.0836393018723879,normal,2026-07-02 10:34:36.915579
38,0,4472,1,2,3,0,1.2459299369002048,-0.23764908312729716,-0.0836393018723879,normal,2026-07-02 10:40:36.915579
25,2,2850,0,0,3,1,-0.041941079404804515,-0.23764908312729716,-0.0836393018723879,normal,2026-07-02 10:42:36.915579
27,0,4255,3,1,3,0,-0.5347504845155696,-0.23764908312729716,-0.0836393018723879,normal,2026-07-02 10:44:36.915579
23,0,3647,3,0,4,4,-0.37105737160153224,-0.23764908312729716,-0.0836393018723879,normal,2026-07-02 10:57:36.915579
29,0,2318,2,1,3,1,1.0007987554217475,-0.09429439470059839,-0.0836393018723879,normal,2026-07-02 11:00:36.915579
35,1,2681,3,1,3,0,-1.407991872613271,-0.09429439470059839,-0.0836393018723879,normal,2026-07-02 11:00:36.915579
45,1,4637,1,3,3,1,0.8242550939805493,-0.09429439470059839,-0.0836393018723879,normal,2026-07-02 11:02:36.915579
20,0,2396,2,3,4,1,1.0740766776140214,-0.09429439470059839,-0.0836393018723879,normal,2026-07-02 11:06:36.915579
49,1,4663,1,1,4,1,0.6649255929074475,-0.09429439470059839,-0.0836393018723879,normal,2026-07-02 11:14:36.915579
40,1,1721,3,0,4,4,0.571550066399323,-0.09429439470059839,-0.0836393018723879,normal,2026-07-02 11:18:36.915579
30,0,1240,1,2,4,4,-0.8488344222646691,-0.09429439470059839,-0.0836393018723879,normal,2026-07-02 11:19:36.915579
33,2,152,0,2,4,1,-1.6639455803756347,-0.09429439470059839,-0.0836393018723879,normal,2026-07-02 11:38:36.915579
21,0,1868,2,0,4,4,0.2446540260423664,-0.09429439470059839,-0.0836393018723879,normal,2026-07-02 11:57:36.915579
27,2,4912,2,3,4,0,-1.0100573848634633,0.04906029372610037,-0.0836393018723879,normal,2026-07-02 12:01:36.915579
6,0,1451,1,1,4,4,-0.5808951991594715,0.04906029372610037,-0.0836393018723879,normal,2026-07-02 12:01:36.915579
43,0,1118,2,0,4,1,0.5618328602953894,0.04906029372610037,-0.0836393018723879,normal,2026-07-02 12:14:36.915579
23,2,1909,2,0,4,4,-1.532518205236973,0.04906029372610037,-0.0836393018723879,normal,2026-07-02 12:22:36.915579
19,2,4902,3,1,3,4,1.3226776033096104,0.04906029372610037,-0.0836393018723879,normal,2026-07-02 12:26:36.915579
28,0,3017,0,0,3,1,1.1458167630341594,0.04906029372610037,-0.0836393018723879,normal,2026-07-02 12:27:36.915579
50,2,3000,1,2,4,1,0.7269004148245231,0.04906029372610037,-0.0836393018723879,normal,2026-07-02 12:35:36.915579
8,0,2551,1,2,4,0,1.3383635383853965,0.04906029372610037,-0.0836393018723879,normal,2026-07-02 12:37:36.915579
7,1,1659,2,2,3,4,0.08247952694081317,0.04906029372610037,-0.0836393018723879,normal,2026-07-02 12:40:36.915579
17,0,2763,2,0,4,4,-1.2600327521741486,0.04906029372610037,-0.0836393018723879,normal,2026-07-02 12:42:36.915579
24,1,2922,3,3,4,4,-0.01741258288923742,0.19241498215279915,-0.0836393018723879,normal,2026-07-02 13:00:36.915579
28,1,3668,1,3,4,0,1.2135584728467446,0.19241498215279915,-0.0836393018723879,normal,2026-07-02 13:09:36.915579
39,0,2621,1,2,3,0,0.5914458296388306,0.19241498215279915,-0.0836393018723879,normal,2026-07-02 13:14:36.915579
11,1,4383,2,3,4,0,-1.4452651913779142,0.19241498215279915,-0.0836393018723879,normal,2026-07-02 13:15:36.915579
21,1,2614,0,2,3,0,1.204619796608705,0.19241498215279915,-0.0836393018723879,normal,2026-07-02 13:29:36.915579
4,1,757,2,0,3,4,-1.7020550978851268,0.19241498215279915,-0.0836393018723879,normal,2026-07-02 13:33:36.915579
39,1,1171,0,1,3,0,0.5909844786071898,0.19241498215279915,-0.0836393018723879,normal,2026-07-02 13:46:36.915579
34,0,3276,2,2,4,0,0.4161228261355159,0.19241498215279915,-0.0836393018723879,normal,2026-07-02 13:50:36.915579
48,2,829,3,1,4,4,-0.32247134108186465,0.19241498215279915,-0.0836393018723879,normal,2026-07-02 13:57:36.915579
3,2,4621,2,1,4,4,-0.5201794810995821,0.3357696705794979,-0.0836393018723879,normal,2026-07-02 14:11:36.915579
33,1,1642,3,0,3,1,0.4256478026429323,0.3357696705794979,-0.0836393018723879,normal,2026-07-02 14:19:36.915579
41,1,1505,0,0,3,1,0.294825950733299,0.3357696705794979,-0.0836393018723879,normal,2026-07-02 14:34:36.915579
37,0,1992,2,1,4,1,0.5824975419209651,0.3357696705794979,-0.0836393018723879,normal,2026-07-02 14:35:36.915579
27,2,1988,2,0,4,1,-0.1495992649341412,0.3357696705794979,-0.0836393018723879,normal,2026-07-02 14:39:36.915579
34,2,2467,2,3,4,0,-0.618908601870705,0.47912435900619665,-0.0836393018723879,normal,2026-07-02 15:05:36.915579
3,1,627,2,2,4,0,-0.11420018473553871,0.47912435900619665,-0.0836393018723879,normal,2026-07-02 15:12:36.915579
17,1,1323,1,3,4,0,-0.23305574426198955,0.47912435900619665,-0.0836393018723879,normal,2026-07-02 15:20:36.915579
5,2,4552,2,2,4,4,-1.6120051433967457,0.47912435900619665,-0.0836393018723879,normal,2026-07-02 15:20:36.915579
9,1,4379,0,1,4,1,1.1328893226683925,0.47912435900619665,-0.0836393018723879,normal,2026-07-02 15:21:36.915579
6,1,114,3,2,3,4,-0.7373028103655153,0.47912435900619665,-0.0836393018723879,normal,2026-07-02 15:23:36.915579
13,2,2751,1,0,4,1,-1.4425643655468505,0.47912435900619665,-0.0836393018723879,normal,2026-07-02 15:28:36.915579
25,2,1725,0,2,3,1,1.6423842567568319,0.47912435900619665,-0.0836393018723879,normal,2026-07-02 15:29:36.915579
29,2,4248,0,3,4,4,0.8886327858540871,0.47912435900619665,-0.0836393018723879,normal,2026-07-02 15:35:36.915579
47,2,1657,1,0,3,1,-1.630661025738719,0.47912435900619665,-0.0836393018723879,normal,2026-07-02 15:42:36.915579
27,0,4207,1,3,4,4,-1.2768432303895592,0.47912435900619665,-0.0836393018723879,normal,2026-07-02 15:43:36.915579
28,0,4787,3,3,4,4,-1.6146290773892025,0.47912435900619665,-0.0836393018723879,normal,2026-07-02 15:43:36.915579
38,2,4909,1,3,3,1,1.3231485658210769,0.47912435900619665,-0.0836393018723879,normal,2026-07-02 15:45:36.915579
40,1,464,2,3,4,0,0.7997073745053306,0.47912435900619665,-0.0836393018723879,normal,2026-07-02 15:46:36.915579
45,0,1319,0,2,4,0,1.6531587256416087,0.47912435900619665,-0.0836393018723879,normal,2026-07-02 15:54:36.915579
36,2,3862,2,1,4,0,0.27572794031933673,0.6224790474328954,-0.0836393018723879,normal,2026-07-02 16:02:36.915579
27,1,1411,2,0,3,0,0.1702900066297712,0.6224790474328954,-0.0836393018723879,normal,2026-07-02 16:07:36.915579
43,1,3817,3,0,3,1,-0.4025061335917108,0.6224790474328954,-0.0836393018723879,normal,2026-07-02 16:15:36.915579
41,0,3896,1,3,4,0,1.2538017388775753,0.6224790474328954,-0.0836393018723879,normal,2026-07-02 16:25:36.915579
36,2,3601,0,2,3,0,-1.3058698994636235,0.6224790474328954,-0.0836393018723879,normal,2026-07-02 16:34:36.915579
16,1,714,3,3,4,1,-1.2057567255975785,0.6224790474328954,-0.0836393018723879,normal,2026-07-02 16:36:36.915579
18,0,2485,3,0,3,0,0.5841987738501404,0.6224790474328954,-0.0836393018723879,normal,2026-07-02 16:40:36.915579
0,2,1790,3,2,4,4,-1.2654055693967985,0.6224790474328954,-0.0836393018723879,normal,2026-07-02 16:47:36.915579
34,1,928,1,0,4,0,-1.0053765941882749,0.6224790474328954,-0.0836393018723879,normal,2026-07-02 16:49:36.915579
49,1,3558,2,3,3,0,0.9377282248045247,0.6224790474328954,-0.0836393018723879,normal,2026-07-02 16:54:36.915579
36,2,4280,3,3,4,0,-1.4275800684983517,0.6224790474328954,-0.0836393018723879,normal,2026-07-02 16:57:36.915579
30,2,4835,3,1,4,0,-0.2508369819398105,0.7658337358595942,-0.0836393018723879,normal,2026-07-02 17:21:36.915579
11,0,3542,1,1,3,1,-1.069590890904773,0.7658337358595942,-0.0836393018723879,normal,2026-07-02 17:29:36.915579
49,2,3539,2,3,4,4,-0.7974898970349827,0.7658337358595942,-0.0836393018723879,normal,2026-07-02 17:53:36.915579
8,0,1447,3,3,4,1,-1.4522719601709584,0.7658337358595942,-0.0836393018723879,normal,2026-07-02 17:55:36.915579
7,2,4888,1,3,3,1,-1.4562222783793823,0.909188424286293,-0.0836393018723879,normal,2026-07-02 18:02:36.915579
26,2,57,2,2,3,1,-1.2942784547936494,0.909188424286293,-0.0836393018723879,normal,2026-07-02 18:11:36.915579
34,1,4643,3,1,4,1,1.6951416695209178,0.909188424286293,-0.0836393018723879,normal,2026-07-02 18:11:36.915579
33,2,1998,3,0,4,4,0.10367283995681058,0.909188424286293,-0.0836393018723879,normal,2026-07-02 18:17:36.915579
45,2,2406,2,3,3,1,-0.9946694056622787,0.909188424286293,-0.0836393018723879,normal,2026-07-02 18:21:36.915579
37,2,2031,2,2,4,4,1.1593785610684328,0.909188424286293,-0.0836393018723879,normal,2026-07-02 18:35:36.915579
38,1,1172,3,1,3,1,0.5619962554524289,0.909188424286293,-0.0836393018723879,normal,2026-07-02 18:52:36.915579
43,0,2057,0,1,3,0,0.8480627295091777,1.0525431127129916,-0.0836393018723879,normal,2026-07-02 19:58:36.915579
32,1,4997,3,0,3,0,0.21920282746351777,1.1958978011396906,-0.0836393018723879,normal,2026-07-02 20:03:36.915579
22,0,3506,3,1,4,4,-0.2011360197603446,1.1958978011396906,-0.0836393018723879,normal,2026-07-02 20:12:36.915579
1,0,2117,2,0,3,1,-1.323112894271197,1.1958978011396906,-0.0836393018723879,normal,2026-07-02 20:21:36.915579
13,1,640,2,2,3,1,-0.08405858400167555,1.1958978011396906,-0.0836393018723879,normal,2026-07-02 20:31:36.915579
3,0,3825,1,1,3,0,0.2654724913451556,1.1958978011396906,-0.0836393018723879,normal,2026-07-02 20:33:36.915579
28,1,4374,3,3,4,0,1.671756939104627,1.1958978011396906,-0.0836393018723879,normal,2026-07-02 20:45:36.915579
38,2,458,1,1,3,1,-1.4126918862481113,1.1958978011396906,-0.0836393018723879,normal,2026-07-02 20:45:36.915579
25,2,214,3,1,3,0,1.0501440928476566,1.1958978011396906,-0.0836393018723879,normal,2026-07-02 20:49:36.915579
47,1,3342,3,2,3,4,0.020254806548265572,1.3392524895663893,-0.0836393018723879,normal,2026-07-02 21:03:36.915579
26,0,592,1,3,4,0,1.454672055757997,1.3392524895663893,-0.0836393018723879,normal,2026-07-02 21:04:36.915579
41,2,1994,1,2,4,4,-0.2570652208669608,1.3392524895663893,-0.0836393018723879,normal,2026-07-02 21:28:36.915579
49,2,2941,2,0,3,4,0.6188289356626747,1.3392524895663893,-0.0836393018723879,normal,2026-07-02 21:40:36.915579
42,1,679,1,3,4,4,-0.8139543619766624,1.482607177993088,-0.0836393018723879,normal,2026-07-02 22:05:36.915579
24,1,4904,2,3,4,0,-0.8557450762594547,1.482607177993088,-0.0836393018723879,normal,2026-07-02 22:07:36.915579
22,0,3371,3,1,4,0,0.7411542394062572,1.482607177993088,-0.0836393018723879,normal,2026-07-02 22:33:36.915579
14,2,1529,0,1,3,4,0.7569266778004761,1.482607177993088,-0.0836393018723879,normal,2026-07-02 22:33:36.915579
8,0,4786,3,3,4,0,0.7447489328611251,1.482607177993088,-0.0836393018723879,normal,2026-07-02 22:35:36.915579
26,2,2950,0,1,4,1,-0.8873091760075434,1.482607177993088,-0.0836393018723879,normal,2026-07-02 22:36:36.915579
46,0,409,3,0,4,1,0.9185052651528264,1.482607177993088,-0.0836393018723879,normal,2026-07-02 22:42:36.915579
37,0,1059,2,2,3,1,-0.7657527906500288,1.482607177993088,-0.0836393018723879,normal,2026-07-02 22:45:36.915579
27,2,3266,2,1,4,4,1.4559888284941385,1.482607177993088,-0.0836393018723879,normal,2026-07-02 22:58:36.915579
29,2,1450,2,3,4,0,0.38718266037988386,1.6259618664197868,-0.0836393018723879,normal,2026-07-02 23:07:36.915579
12,2,2333,3,3,3,4,-1.6811501292639048,1.6259618664197868,-0.0836393018723879,normal,2026-07-02 23:26:36.915579
28,1,551,0,3,4,4,0.6620709833991705,1.6259618664197868,-0.0836393018723879,normal,2026-07-02 23:28:36.915579
8,2,2236,3,1,4,1,0.4072514302562571,1.6259618664197868,-0.0836393018723879,normal,2026-07-02 23:37:36.915579
46,1,3592,2,2,4,0,-0.34232865840206894,1.6259618664197868,-0.0836393018723879,normal,2026-07-02 23:53:36.915579
39,0,3793,1,1,4,1,-0.14883034654807328,1.6259618664197868,-0.0836393018723879,normal,2026-07-02 23:57:36.915579
29,2,3639,1,2,3,0,0.33526144636064664,-1.6711959673942849,0.41173258205095886,normal,2026-07-03 00:06:36.915579
32,0,4642,3,0,3,4,-0.19770472146251628,-1.6711959673942849,0.41173258205095886,normal,2026-07-03 00:07:36.915579
47,1,1313,0,1,4,0,0.5105075580253546,-1.6711959673942849,0.41173258205095886,normal,2026-07-03 00:18:36.915579
11,0,4719,3,0,4,4,-1.0845367420339687,-1.6711959673942849,0.41173258205095886,normal,2026-07-03 00:22:36.915579
25,2,4296,2,0,3,1,1.4782201813313276,-1.6711959673942849,0.41173258205095886,normal,2026-07-03 00:31:36.915579
14,0,2853,1,2,4,4,0.8359907108479112,-1.6711959673942849,0.41173258205095886,normal,2026-07-03 00:40:36.915579
46,2,3047,0,1,4,1,-0.23266167358912987,-1.6711959673942849,0.41173258205095886,normal,2026-07-03 00:46:36.915579
3,1,3002,3,2,4,1,-0.09256474364755221,-1.527841278967586,0.41173258205095886,normal,2026-07-03 01:03:36.915579
0,2,4985,3,0,4,0,1.4003095258629943,-1.527841278967586,0.41173258205095886,normal,2026-07-03 01:21:36.915579
13,2,3574,2,0,4,1,-0.9167299157544677,-1.3844865905408872,0.41173258205095886,normal,2026-07-03 02:12:36.915579
50,0,1214,1,0,3,0,-1.0220236772466456,-1.3844865905408872,0.41173258205095886,normal,2026-07-03 02:17:36.915579
7,0,3500,3,0,4,0,1.7237358220028192,-1.3844865905408872,0.41173258205095886,normal,2026-07-03 02:24:36.915579
15,2,2142,2,2,4,4,-0.3675491814650972,-1.3844865905408872,0.41173258205095886,normal,2026-07-03 02:28:36.915579
3,0,2756,3,0,3,0,0.6605235351472086,-1.3844865905408872,0.41173258205095886,normal,2026-07-03 02:33:36.915579
22,2,1927,1,3,3,4,0.8223039635759022,-1.3844865905408872,0.41173258205095886,normal,2026-07-03 02:35:36.915579
38,0,4125,1,1,4,4,0.9564994449044083,-1.3844865905408872,0.41173258205095886,normal,2026-07-03 02:45:36.915579
46,2,2048,3,2,4,4,1.6119639231080192,-1.3844865905408872,0.41173258205095886,normal,2026-07-03 02:58:36.915579
47,2,1645,1,0,3,1,1.4227331082967003,-1.2411319021141884,0.41173258205095886,normal,2026-07-03 03:05:36.915579
25,2,2980,0,0,4,0,-0.2756442113703274,-1.2411319021141884,0.41173258205095886,normal,2026-07-03 03:07:36.915579
27,1,2833,0,0,3,1,0.9407558409496672,-1.2411319021141884,0.41173258205095886,normal,2026-07-03 03:12:36.915579
6,2,4077,2,2,3,4,-0.5441216773457725,-1.2411319021141884,0.41173258205095886,normal,2026-07-03 03:33:36.915579
44,1,1557,1,3,4,0,-0.8755735591401815,-1.2411319021141884,0.41173258205095886,normal,2026-07-03 03:35:36.915579
44,2,2061,3,1,3,0,1.5313620532884478,-1.2411319021141884,0.41173258205095886,normal,2026-07-03 03:48:36.915579
31,1,924,3,3,3,1,-0.9315027602467979,-1.2411319021141884,0.41173258205095886,normal,2026-07-03 03:51:36.915579
50,2,188,2,0,4,0,1.458708877284854,-1.0977772136874897,0.41173258205095886,normal,2026-07-03 04:22:36.915579
25,0,4839,1,3,4,1,-0.17021588916058772,-1.0977772136874897,0.41173258205095886,normal,2026-07-03 04:27:36.915579
28,2,4597,2,1,4,4,1.1997467763369993,-1.0977772136874897,0.41173258205095886,normal,2026-07-03 04:34:36.915579
44,0,1695,3,1,3,1,-0.8090909531847827,-1.0977772136874897,0.41173258205095886,normal,2026-07-03 04:50:36.915579
42,2,1324,0,1,3,1,-0.5488505254200904,-1.0977772136874897,0.41173258205095886,normal,2026-07-03 04:55:36.915579
1,1,2007,3,2,4,4,0.8012452112774663,-1.0977772136874897,0.41173258205095886,normal,2026-07-03 04:59:36.915579
29,1,3816,2,3,3,4,1.0158695557886788,-0.954422525260791,0.41173258205095886,normal,2026-07-03 05:03:36.915579
3,0,3766,3,2,4,1,-1.0721283215787971,-0.954422525260791,0.41173258205095886,normal,2026-07-03 05:09:36.915579
4,0,3520,0,0,4,1,1.6345701236584163,-0.954422525260791,0.41173258205095886,normal,2026-07-03 05:11:36.915579
36,2,621,0,0,3,0,-0.5008123492504961,-0.954422525260791,0.41173258205095886,normal,2026-07-03 05:33:36.915579
43,1,1050,0,3,3,4,-0.8402513707801859,-0.954422525260791,0.41173258205095886,normal,2026-07-03 05:40:36.915579
10,0,496,3,3,4,0,1.0697130657730858,-0.954422525260791,0.41173258205095886,normal,2026-07-03 05:43:36.915579
5,2,1540,2,0,3,4,1.1043528390654462,-0.954422525260791,0.41173258205095886,normal,2026-07-03 05:43:36.915579
46,2,2293,1,3,4,0,1.467801337200107,-0.954422525260791,0.41173258205095886,normal,2026-07-03 05:46:36.915579
12,0,3176,0,3,3,0,0.6608214910218099,-0.954422525260791,0.41173258205095886,normal,2026-07-03 05:46:36.915579
48,2,1593,3,1,4,1,1.479979082139458,-0.954422525260791,0.41173258205095886,normal,2026-07-03 05:47:36.915579
32,2,2365,1,3,4,0,-1.7091772044360811,-0.954422525260791,0.41173258205095886,normal,2026-07-03 05:49:36.915579
26,2,871,0,0,4,4,1.7065985534733301,-0.954422525260791,0.41173258205095886,normal,2026-07-03 05:56:36.915579
13,0,2894,1,2,3,1,-1.3734770485586467,-0.954422525260791,0.41173258205095886,normal,2026-07-03 05:58:36.915579
11,1,4790,1,3,4,0,1.4478286821219926,-0.8110678368340922,0.41173258205095886,normal,2026-07-03 06:01:36.915579
10,1,4529,2,2,3,0,-0.3425977798371927,-0.8110678368340922,0.41173258205095886,normal,2026-07-03 06:03:36.915579
12,0,1941,3,1,3,1,1.0114194406293104,-0.8110678368340922,0.41173258205095886,normal,2026-07-03 06:04:36.915579
29,0,4578,0,0,3,0,0.37873416961296247,-0.8110678368340922,0.41173258205095886,normal,2026-07-03 06:11:36.915579
4,2,253,3,2,4,1,0.0930329317895956,-0.8110678368340922,0.41173258205095886,normal,2026-07-03 06:28:36.915579
48,2,4015,1,0,3,4,0.1862546746205068,-0.8110678368340922,0.41173258205095886,normal,2026-07-03 06:29:36.915579
48,0,892,1,1,3,1,-1.527808580122307,-0.8110678368340922,0.41173258205095886,normal,2026-07-03 06:30:36.915579
36,0,1163,2,3,4,1,-1.349755916348451,-0.8110678368340922,0.41173258205095886,normal,2026-07-03 06:32:36.915579
3,1,1916,3,0,4,1,1.128458430468676,-0.8110678368340922,0.41173258205095886,normal,2026-07-03 06:53:36.915579
25,2,1556,3,2,4,1,-0.25021223575113044,-0.6677131484073935,0.41173258205095886,normal,2026-07-03 07:13:36.915579
3,0,1381,2,2,3,1,-0.3858398275736882,-0.6677131484073935,0.41173258205095886,normal,2026-07-03 07:20:36.915579
43,0,3550,3,1,3,4,-0.1671594385759676,-0.6677131484073935,0.41173258205095886,normal,2026-07-03 07:30:36.915579
9,1,4666,1,3,4,4,-1.447062538105348,-0.6677131484073935,0.41173258205095886,normal,2026-07-03 07:57:36.915579
12,2,3115,0,1,4,4,-1.037498159766263,-0.5243584599806946,0.41173258205095886,normal,2026-07-03 08:02:36.915579
49,0,4421,0,2,4,0,-1.0618344266853126,-0.5243584599806946,0.41173258205095886,normal,2026-07-03 08:12:36.915579
4,2,3304,0,3,4,4,-1.044870164792689,-0.5243584599806946,0.41173258205095886,normal,2026-07-03 08:16:36.915579
7,0,220,0,1,4,0,-0.5279455567988685,-0.5243584599806946,0.41173258205095886,normal,2026-07-03 08:23:36.915579
32,1,3829,3,3,4,1,-0.33848406647172924,-0.5243584599806946,0.41173258205095886,normal,2026-07-03 08:29:36.915579
34,2,3641,3,2,4,1,0.5468485632468904,-0.5243584599806946,0.41173258205095886,normal,2026-07-03 08:29:36.915579
2,1,1470,3,2,3,0,-0.5951778581806835,-0.5243584599806946,0.41173258205095886,normal,2026-07-03 08:29:36.915579
46,0,2016,1,1,4,1,-1.7082641138526253,-0.5243584599806946,0.41173258205095886,normal,2026-07-03 08:39:36.915579
23,0,601,1,1,3,4,-1.5235891404787592,-0.5243584599806946,0.41173258205095886,normal,2026-07-03 08:47:36.915579
1,2,2825,2,2,3,4,1.5236728694277684,-0.5243584599806946,0.41173258205095886,normal,2026-07-03 08:54:36.915579
25,1,411,0,0,3,1,-0.4170098566489171,-0.5243584599806946,0.41173258205095886,normal,2026-07-03 08:56:36.915579
27,2,628,2,3,3,0,0.1724141436712839,-0.3810037715539959,0.41173258205095886,normal,2026-07-03 09:03:36.915579
27,2,49,0,2,3,0,1.3638916288028518,-0.3810037715539959,0.41173258205095886,normal,2026-07-03 09:06:36.915579
18,1,3026,2,1,3,4,-0.49524730243132953,-0.3810037715539959,0.41173258205095886,normal,2026-07-03 09:07:36.915579
8,0,4763,3,1,3,1,-1.2802456942479097,-0.3810037715539959,0.41173258205095886,normal,2026-07-03 09:08:36.915579
2,1,3278,1,0,4,1,-0.3919911746622317,-0.3810037715539959,0.41173258205095886,normal,2026-07-03 09:14:36.915579
42,2,1808,2,1,4,1,-1.609900229314885,-0.3810037715539959,0.41173258205095886,normal,2026-07-03 09:15:36.915579
42,0,1373,0,3,3,4,0.5589782507871119,-0.3810037715539959,0.41173258205095886,normal,2026-07-03 09:24:36.915579
29,1,2862,2,1,4,1,-0.5898915442764664,-0.3810037715539959,0.41173258205095886,normal,2026-07-03 09:37:36.915579
42,2,3121,2,0,3,0,-0.688505327289679,-0.3810037715539959,0.41173258205095886,normal,2026-07-03 09:45:36.915579
8,2,118,2,2,3,1,0.691981908617213,-0.3810037715539959,0.41173258205095886,normal,2026-07-03 09:55:36.915579
43,1,2200,3,2,3,0,0.4620176423039457,-0.23764908312729716,0.41173258205095886,normal,2026-07-03 10:06:36.915579
17,2,687,2,2,4,0,-0.3289879244037904,-0.23764908312729716,0.41173258205095886,normal,2026-07-03 10:06:36.915579
15,1,3323,3,0,3,0,-0.6750204210940126,-0.23764908312729716,0.41173258205095886,normal,2026-07-03 10:07:36.915579
3,2,582,1,0,3,0,0.8615380242250182,-0.23764908312729716,0.41173258205095886,normal,2026-07-03 10:20:36.915579
1,0,4241,2,0,3,4,0.5639762202965538,-0.23764908312729716,0.41173258205095886,normal,2026-07-03 10:27:36.915579
31,0,4629,1,0,3,4,-0.1830760491675738,-0.23764908312729716,0.41173258205095886,normal,2026-07-03 10:30:36.915579
38,2,3879,3,1,4,4,-0.07340906435463473,-0.23764908312729716,0.41173258205095886,normal,2026-07-03 10:32:36.915579
13,2,2921,2,3,3,0,1.0029997843018668,-0.23764908312729716,0.41173258205095886,normal,2026-07-03 10:33:36.915579
5,1,199,3,3,4,1,-0.4837615840394397,-0.23764908312729716,0.41173258205095886,normal,2026-07-03 10:41:36.915579
12,1,635,3,2,3,1,0.7152897471948972,-0.23764908312729716,0.41173258205095886,normal,2026-07-03 10:49:36.915579
19,0,202,1,1,4,1,-0.022074150604774186,-0.09429439470059839,0.41173258205095886,normal,2026-07-03 11:01:36.915579
18,0,3643,0,1,3,0,1.5947497627399234,-0.09429439470059839,0.41173258205095886,normal,2026-07-03 11:01:36.915579
18,1,4301,2,3,3,0,-0.9851828750741655,-0.09429439470059839,0.41173258205095886,normal,2026-07-03 11:05:36.915579
11,1,3077,1,0,3,1,-1.6601490458444244,-0.09429439470059839,0.41173258205095886,normal,2026-07-03 11:10:36.915579
35,1,3463,3,0,3,1,0.014584033451014467,-0.09429439470059839,0.41173258205095886,normal,2026-07-03 11:13:36.915579
6,0,816,3,1,3,0,0.16630124250204392,-0.09429439470059839,0.41173258205095886,normal,2026-07-03 11:25:36.915579
23,2,125,2,3,3,4,1.7192568724039736,-0.09429439470059839,0.41173258205095886,normal,2026-07-03 11:28:36.915579
42,0,610,1,3,4,1,0.038872242970935326,-0.09429439470059839,0.41173258205095886,normal,2026-07-03 11:35:36.915579
41,0,3967,0,2,4,1,0.3893933007398289,-0.09429439470059839,0.41173258205095886,normal,2026-07-03 11:39:36.915579
23,2,3621,3,3,3,4,-1.3433931167037387,-0.09429439470059839,0.41173258205095886,normal,2026-07-03 11:45:36.915579
45,1,3640,3,2,3,0,-1.0454084076629364,-0.09429439470059839,0.41173258205095886,normal,2026-07-03 11:50:36.915579
25,1,122,2,1,4,0,-1.1741349569705346,0.04906029372610037,0.41173258205095886,normal,2026-07-03 12:26:36.915579
22,2,3037,1,1,3,1,-0.5692556970903683,0.04906029372610037,0.41173258205095886,normal,2026-07-03 12:26:36.915579
11,1,45,1,1,3,4,1.3277909105769623,0.04906029372610037,0.41173258205095886,normal,2026-07-03 12:35:36.915579
7,2,119,0,1,3,0,0.9251275747528367,0.04906029372610037,0.41173258205095886,normal,2026-07-03 12:39:36.915579
23,1,2958,3,0,4,1,0.24211659536834215,0.04906029372610037,0.41173258205095886,normal,2026-07-03 12:39:36.915579
21,0,2776,3,2,4,1,-1.32840881965524,0.04906029372610037,0.41173258205095886,normal,2026-07-03 12:43:36.915579
0,2,726,0,2,3,0,-1.628056314705914,0.19241498215279915,0.41173258205095886,normal,2026-07-03 13:03:36.915579
41,1,2373,3,2,4,0,-0.722087837801196,0.19241498215279915,0.41173258205095886,normal,2026-07-03 13:10:36.915579
32,0,4897,3,1,4,0,1.7220249785938178,0.19241498215279915,0.41173258205095886,normal,2026-07-03 13:17:36.915579
16,1,3564,1,0,3,1,1.3160841281490778,0.19241498215279915,0.41173258205095886,normal,2026-07-03 13:22:36.915579
27,1,4816,3,1,3,0,-0.3559385138354714,0.19241498215279915,0.41173258205095886,normal,2026-07-03 13:23:36.915579
5,0,552,3,3,3,1,-0.07046795152792494,0.19241498215279915,0.41173258205095886,normal,2026-07-03 13:39:36.915579
43,2,2334,1,1,4,0,-0.9328195329829392,0.19241498215279915,0.41173258205095886,normal,2026-07-03 13:55:36.915579
7,0,4841,0,3,4,1,-1.1170235438453386,0.3357696705794979,0.41173258205095886,normal,2026-07-03 14:14:36.915579
41,2,2812,2,2,3,4,0.8609613354354674,0.3357696705794979,0.41173258205095886,normal,2026-07-03 14:31:36.915579
27,1,2533,0,1,4,4,-0.9328483674224168,0.3357696705794979,0.41173258205095886,normal,2026-07-03 14:37:36.915579
36,2,3720,2,0,3,1,0.6343610870612474,0.3357696705794979,0.41173258205095886,normal,2026-07-03 14:52:36.915579
22,1,1793,2,0,3,0,-0.46829671299964826,0.3357696705794979,0.41173258205095886,normal,2026-07-03 14:54:36.915579
9,1,4656,2,0,4,4,0.7791291961981875,0.47912435900619665,0.41173258205095886,normal,2026-07-03 15:03:36.915579
12,2,4651,0,1,4,0,0.1209735036433391,0.47912435900619665,0.41173258205095886,normal,2026-07-03 15:05:36.915579
42,0,1541,0,0,3,1,1.549393189441741,0.47912435900619665,0.41173258205095886,normal,2026-07-03 15:10:36.915579
27,1,2454,1,2,3,0,-1.5110077133867226,0.47912435900619665,0.41173258205095886,normal,2026-07-03 15:36:36.915579
20,0,4463,1,3,4,0,-0.7630807992584427,0.47912435900619665,0.41173258205095886,normal,2026-07-03 15:40:36.915579
37,1,1201,1,1,4,0,-0.4550520937996281,0.47912435900619665,0.41173258205095886,normal,2026-07-03 15:42:36.915579
24,2,462,3,2,3,0,1.130246165716284,0.47912435900619665,0.41173258205095886,normal,2026-07-03 15:43:36.915579
37,1,2150,2,3,3,4,-1.5958963032086224,0.47912435900619665,0.41173258205095886,normal,2026-07-03 15:55:36.915579
42,1,1590,2,0,4,0,-0.5208330617277399,0.47912435900619665,0.41173258205095886,normal,2026-07-03 15:57:36.915579
37,2,3554,3,3,4,4,0.7589258656042527,0.47912435900619665,0.41173258205095886,normal,2026-07-03 15:58:36.915579
41,0,257,0,2,4,0,-0.4053415201403361,0.6224790474328954,0.41173258205095886,normal,2026-07-03 16:10:36.915579
2,2,4861,2,0,3,1,1.4811132367589084,0.6224790474328954,0.41173258205095886,normal,2026-07-03 16:33:36.915579
50,0,2574,2,0,3,0,1.4362180144923669,0.6224790474328954,0.41173258205095886,normal,2026-07-03 16:35:36.915579
30,2,433,2,0,3,1,0.6862342436813552,0.6224790474328954,0.41173258205095886,normal,2026-07-03 16:44:36.915579
15,2,2277,2,2,4,1,1.1592055544315676,0.6224790474328954,0.41173258205095886,normal,2026-07-03 16:49:36.915579
34,0,3162,0,3,4,4,-1.1840059467516817,0.7658337358595942,0.41173258205095886,normal,2026-07-03 17:01:36.915579
21,1,2780,2,3,4,1,-1.1383129716595948,0.7658337358595942,0.41173258205095886,normal,2026-07-03 17:20:36.915579
19,2,900,3,2,4,0,1.0696746198537825,0.7658337358595942,0.41173258205095886,normal,2026-07-03 17:24:36.915579
21,0,2175,3,3,4,4,-1.0953015994389197,0.7658337358595942,0.41173258205095886,normal,2026-07-03 17:35:36.915579
24,2,2443,2,0,4,4,1.1879438791108567,0.7658337358595942,0.41173258205095886,normal,2026-07-03 17:54:36.915579
43,2,2039,1,1,4,4,1.5629934333953177,0.7658337358595942,0.41173258205095886,normal,2026-07-03 17:54:36.915579
35,0,2402,2,0,4,4,0.28588727449525947,0.7658337358595942,0.41173258205095886,normal,2026-07-03 17:58:36.915579
40,0,3382,3,0,3,1,-0.1605275174961318,0.909188424286293,0.41173258205095886,normal,2026-07-03 18:05:36.915579
36,1,4180,0,3,3,4,1.650150332456118,0.909188424286293,0.41173258205095886,normal,2026-07-03 18:08:36.915579
47,1,2766,1,1,4,1,0.6673669087832131,0.909188424286293,0.41173258205095886,normal,2026-07-03 18:09:36.915579
43,2,5006,2,0,4,4,-0.439577611280011,0.909188424286293,0.41173258205095886,normal,2026-07-03 18:13:36.915579
14,2,447,1,0,3,4,-0.9628938533580214,0.909188424286293,0.41173258205095886,normal,2026-07-03 18:14:36.915579
25,2,4692,3,2,4,1,1.6037172734174405,0.909188424286293,0.41173258205095886,normal,2026-07-03 18:16:36.915579
49,2,3256,1,3,4,0,0.4263494406702193,0.909188424286293,0.41173258205095886,normal,2026-07-03 18:17:36.915579
44,0,585,0,2,3,1,-0.04521859402541916,0.909188424286293,0.41173258205095886,normal,2026-07-03 18:18:36.915579
2,0,3231,3,0,4,0,0.11963750794754596,0.909188424286293,0.41173258205095886,normal,2026-07-03 18:41:36.915579
30,1,3336,2,1,4,1,-0.3896267506250728,0.909188424286293,0.41173258205095886,normal,2026-07-03 18:44:36.915579
0,2,4636,1,0,4,1,-1.3843380207618563,0.909188424286293,0.41173258205095886,normal,2026-07-03 18:49:36.915579
49,2,327,2,1,4,0,1.6357042782778664,1.0525431127129916,0.41173258205095886,normal,2026-07-03 19:11:36.915579
13,2,3562,0,1,4,4,0.9038958158175358,1.0525431127129916,0.41173258205095886,normal,2026-07-03 19:16:36.915579
48,0,3934,2,3,4,4,-0.7513163479516034,1.0525431127129916,0.41173258205095886,normal,2026-07-03 19:43:36.915579
29,1,2030,0,2,4,4,-1.0856036162946376,1.0525431127129916,0.41173258205095886,normal,2026-07-03 19:53:36.915579
25,1,368,3,3,3,4,-0.9157879907315345,1.0525431127129916,0.41173258205095886,normal,2026-07-03 19:58:36.915579
15,0,2298,3,3,3,4,-0.7419259321617486,1.1958978011396906,0.41173258205095886,normal,2026-07-03 20:12:36.915579
6,2,2739,0,0,3,0,1.5118699722016258,1.1958978011396906,0.41173258205095886,normal,2026-07-03 20:15:36.915579
45,0,2133,3,3,3,1,-1.0010514282666427,1.1958978011396906,0.41173258205095886,normal,2026-07-03 20:20:36.915579
34,0,164,0,2,4,1,-0.6425143963229907,1.1958978011396906,0.41173258205095886,normal,2026-07-03 20:25:36.915579
17,1,4148,1,0,3,0,-0.6532984766875933,1.1958978011396906,0.41173258205095886,normal,2026-07-03 20:26:36.915579
40,1,4853,2,3,4,4,0.8221501798986883,1.1958978011396906,0.41173258205095886,normal,2026-07-03 20:45:36.915579
40,0,4973,1,2,3,0,0.262387206321058,1.1958978011396906,0.41173258205095886,normal,2026-07-03 20:49:36.915579
25,1,1592,0,2,4,4,-0.9350878422218396,1.1958978011396906,0.41173258205095886,normal,2026-07-03 20:52:36.915579
46,0,938,3,2,3,1,-0.33972394736926376,1.3392524895663893,0.41173258205095886,normal,2026-07-03 21:05:36.915579
0,2,2153,0,1,4,4,-0.5555016694595779,1.3392524895663893,0.41173258205095886,normal,2026-07-03 21:10:36.915579
22,0,3330,0,0,3,4,-1.1880523797583642,1.3392524895663893,0.41173258205095886,normal,2026-07-03 21:18:36.915579
26,1,3959,1,2,4,1,1.1505936685076068,1.3392524895663893,0.41173258205095886,normal,2026-07-03 21:40:36.915579
50,2,2983,0,1,4,4,1.590040137625257,1.3392524895663893,0.41173258205095886,normal,2026-07-03 21:53:36.915579
50,0,3071,2,1,3,4,-0.4670087747029845,1.482607177993088,0.41173258205095886,normal,2026-07-03 22:09:36.915579
26,0,1228,3,3,4,4,1.659761812281967,1.482607177993088,0.41173258205095886,normal,2026-07-03 22:27:36.915579
17,2,2847,0,0,3,1,1.0718660372540763,1.482607177993088,0.41173258205095886,normal,2026-07-03 22:28:36.915579
13,0,3523,0,3,3,1,-1.0502525934951648,1.482607177993088,0.41173258205095886,normal,2026-07-03 22:30:36.915579
21,1,454,1,3,4,0,1.4953670613406427,1.482607177993088,0.41173258205095886,normal,2026-07-03 22:44:36.915579
42,0,3961,1,1,4,4,-1.2204622897311277,1.482607177993088,0.41173258205095886,normal,2026-07-03 22:59:36.915579
9,0,1864,1,2,4,1,-1.5103541327585648,1.6259618664197868,0.41173258205095886,normal,2026-07-03 23:11:36.915579
16,0,1018,1,0,3,4,-0.6443694119293795,1.6259618664197868,0.41173258205095886,normal,2026-07-03 23:15:36.915579
8,0,4251,1,1,3,4,-1.4069249983526018,1.6259618664197868,0.41173258205095886,normal,2026-07-03 23:29:36.915579
32,0,561,3,3,4,1,-0.404466875476184,1.6259618664197868,0.41173258205095886,normal,2026-07-03 23:29:36.915579
4,2,1281,1,2,3,4,1.5816012583381613,1.6259618664197868,0.41173258205095886,normal,2026-07-03 23:34:36.915579
48,1,3455,0,2,3,0,0.7805613066922389,1.6259618664197868,0.41173258205095886,normal,2026-07-03 23:35:36.915579
40,1,1948,2,3,3,1,0.8083865407880726,1.6259618664197868,0.41173258205095886,normal,2026-07-03 23:39:36.915579
39,2,3748,2,1,3,1,1.0029901728220407,-1.6711959673942849,0.9071044659743056,normal,2026-07-04 00:18:36.915579
38,1,1241,2,1,4,4,1.1833592032339268,-1.6711959673942849,0.9071044659743056,normal,2026-07-04 00:40:36.915579
45,1,1021,1,2,4,4,0.6128794296504745,-1.6711959673942849,0.9071044659743056,normal,2026-07-04 00:41:36.915579
41,2,826,1,3,4,1,-0.7796798249176843,-1.6711959673942849,0.9071044659743056,normal,2026-07-04 00:47:36.915579
14,2,1151,0,3,3,1,-0.8589649220011142,-1.527841278967586,0.9071044659743056,normal,2026-07-04 01:00:36.915579
20,2,2120,0,1,4,1,-0.5661223546671414,-1.527841278967586,0.9071044659743056,normal,2026-07-04 01:08:36.915579
13,1,3149,0,0,3,1,0.9194856360950634,-1.527841278967586,0.9071044659743056,normal,2026-07-04 01:10:36.915579
10,0,4009,0,0,4,0,0.5446763688062487,-1.527841278967586,0.9071044659743056,normal,2026-07-04 01:16:36.915579
10,1,3726,0,2,4,1,1.3766364510519276,-1.527841278967586,0.9071044659743056,normal,2026-07-04 01:28:36.915579
29,0,1410,2,1,3,1,-1.6092850946060304,-1.527841278967586,0.9071044659743056,normal,2026-07-04 01:30:36.915579
23,1,2017,2,0,3,1,1.1252674191664942,-1.527841278967586,0.9071044659743056,normal,2026-07-04 01:34:36.915579
6,2,3028,3,2,3,1,-1.182131708185641,-1.527841278967586,0.9071044659743056,normal,2026-07-04 01:43:36.915579
12,1,53,3,2,3,4,1.2512354737640736,-1.527841278967586,0.9071044659743056,normal,2026-07-04 01:45:36.915579
5,2,919,3,3,4,4,1.2131740136537108,-1.3844865905408872,0.9071044659743056,normal,2026-07-04 02:02:36.915579
42,2,2934,2,1,4,4,1.0214153796481937,-1.3844865905408872,0.9071044659743056,normal,2026-07-04 02:02:36.915579
22,2,1943,0,2,3,0,0.13325697486077434,-1.3844865905408872,0.9071044659743056,normal,2026-07-04 02:04:36.915579
2,2,1766,0,1,3,0,0.5901675028219928,-1.3844865905408872,0.9071044659743056,normal,2026-07-04 02:09:36.915579
41,0,1345,0,2,4,1,0.21244595714594583,-1.3844865905408872,0.9071044659743056,normal,2026-07-04 02:16:36.915579
21,0,2665,2,1,4,4,1.405028762457486,-1.3844865905408872,0.9071044659743056,normal,2026-07-04 02:25:36.915579
35,1,4947,1,0,3,0,0.3013521455350505,-1.3844865905408872,0.9071044659743056,normal,2026-07-04 02:57:36.915579
10,1,284,1,3,4,1,0.48046207208974995,-1.2411319021141884,0.9071044659743056,normal,2026-07-04 03:02:36.915579
6,1,2827,3,2,3,0,-0.5590483055153163,-1.2411319021141884,0.9071044659743056,normal,2026-07-04 03:06:36.915579
42,0,2256,2,3,4,1,1.61724062553241,-1.2411319021141884,0.9071044659743056,normal,2026-07-04 03:21:36.915579
16,0,459,0,3,3,1,-1.3911237255189057,-1.2411319021141884,0.9071044659743056,normal,2026-07-04 03:22:36.915579
13,1,574,1,1,3,0,-0.9276197223971548,-1.2411319021141884,0.9071044659743056,normal,2026-07-04 03:23:36.915579
9,0,3041,1,2,3,4,0.7853958810446412,-1.2411319021141884,0.9071044659743056,normal,2026-07-04 03:33:36.915579
10,1,446,2,0,3,0,0.565292993032695,-1.2411319021141884,0.9071044659743056,normal,2026-07-04 03:33:36.915579
13,0,3705,1,3,4,0,1.2840106199702193,-1.2411319021141884,0.9071044659743056,normal,2026-07-04 03:41:36.915579
27,1,438,2,2,3,4,-0.4923446355239231,-1.0977772136874897,0.9071044659743056,normal,2026-07-04 04:13:36.915579
47,0,588,1,3,4,4,1.2190850737466077,-1.0977772136874897,0.9071044659743056,normal,2026-07-04 04:23:36.915579
21,0,817,1,2,4,4,1.3629977611790476,-1.0977772136874897,0.9071044659743056,normal,2026-07-04 04:26:36.915579
28,0,3214,3,0,4,0,-0.9064552438206349,-1.0977772136874897,0.9071044659743056,normal,2026-07-04 04:35:36.915579
4,1,2282,2,0,3,4,0.9197259230907096,-1.0977772136874897,0.9071044659743056,normal,2026-07-04 04:35:36.915579
43,1,1433,3,2,3,4,-1.108988346710929,-1.0977772136874897,0.9071044659743056,normal,2026-07-04 04:42:36.915579
6,2,4203,0,1,3,1,0.8100204923584667,-1.0977772136874897,0.9071044659743056,normal,2026-07-04 04:45:36.915579
45,2,3637,2,2,4,4,1.066012646040134,-0.954422525260791,0.9071044659743056,normal,2026-07-04 05:13:36.915579
42,2,4872,0,0,3,4,0.683523806370466,-0.954422525260791,0.9071044659743056,normal,2026-07-04 05:18:36.915579
18,0,398,3,1,4,4,-1.5173897359910866,-0.954422525260791,0.9071044659743056,normal,2026-07-04 05:36:36.915579
42,2,4105,3,2,3,1,-1.5711563541368867,-0.954422525260791,0.9071044659743056,normal,2026-07-04 05:46:36.915579
16,1,3876,1,2,3,0,-1.4964174870110836,-0.954422525260791,0.9071044659743056,normal,2026-07-04 05:47:36.915579
26,2,3478,0,3,4,4,1.6255064981826408,-0.954422525260791,0.9071044659743056,normal,2026-07-04 05:52:36.915579
18,0,4824,2,3,4,4,-0.6702242926609138,-0.954422525260791,0.9071044659743056,normal,2026-07-04 05:54:36.915579
9,2,626,1,2,3,1,0.8932847420897982,-0.954422525260791,0.9071044659743056,normal,2026-07-04 05:55:36.915579
18,2,2209,1,1,4,1,-1.403349527857386,-0.954422525260791,0.9071044659743056,normal,2026-07-04 05:57:36.915579
38,0,772,1,2,4,4,0.9506172192509887,-0.954422525260791,0.9071044659743056,normal,2026-07-04 05:58:36.915579
48,2,240,1,3,4,1,-1.0313756471171969,-0.8110678368340922,0.9071044659743056,normal,2026-07-04 06:41:36.915579
14,2,3673,2,3,3,0,-1.4161231845459394,-0.8110678368340922,0.9071044659743056,normal,2026-07-04 06:41:36.915579
45,2,2493,1,2,3,4,1.6827428605455723,-0.8110678368340922,0.9071044659743056,normal,2026-07-04 06:41:36.915579
24,2,11,3,3,3,4,0.7785717303682884,-0.8110678368340922,0.9071044659743056,normal,2026-07-04 06:52:36.915579
25,2,414,1,0,4,4,0.30829163396931386,-0.8110678368340922,0.9071044659743056,normal,2026-07-04 06:53:36.915579
24,0,4982,3,0,4,0,1.5937309458783835,-0.8110678368340922,0.9071044659743056,normal,2026-07-04 06:59:36.915579
20,2,920,2,1,4,4,0.3652204289778186,-0.6677131484073935,0.9071044659743056,normal,2026-07-04 07:03:36.915579
4,1,340,3,0,4,4,0.626027934052236,-0.6677131484073935,0.9071044659743056,normal,2026-07-04 07:05:36.915579
39,1,3058,2,1,4,0,0.33816411326805307,-0.6677131484073935,0.9071044659743056,normal,2026-07-04 07:08:36.915579
7,1,13,2,1,3,4,0.7696426656100746,-0.6677131484073935,0.9071044659743056,normal,2026-07-04 07:08:36.915579
39,0,4117,0,0,4,1,-0.7173205438075748,-0.6677131484073935,0.9071044659743056,normal,2026-07-04 07:15:36.915579
18,1,23,1,3,4,4,1.6089939758418315,-0.6677131484073935,0.9071044659743056,normal,2026-07-04 07:19:36.915579
35,2,2066,1,2,4,4,0.2851952479477981,-0.6677131484073935,0.9071044659743056,normal,2026-07-04 07:25:36.915579
38,2,961,0,2,4,1,-0.018873527822766478,-0.6677131484073935,0.9071044659743056,normal,2026-07-04 07:37:36.915579
4,0,1758,0,1,3,0,-0.4962084504139144,-0.6677131484073935,0.9071044659743056,normal,2026-07-04 07:43:36.915579
36,1,4452,0,1,4,0,1.3243596122791341,-0.6677131484073935,0.9071044659743056,normal,2026-07-04 07:47:36.915579
30,1,4264,3,2,4,1,0.9142089336706719,-0.6677131484073935,0.9071044659743056,normal,2026-07-04 07:49:36.915579
1,1,4404,0,2,4,4,0.9241087578912968,-0.6677131484073935,0.9071044659743056,normal,2026-07-04 07:55:36.915579
25,2,1786,1,3,3,0,1.0986628430085434,-0.5243584599806946,0.9071044659743056,normal,2026-07-04 08:03:36.915579
7,0,2111,0,3,4,4,1.618845742663327,-0.5243584599806946,0.9071044659743056,normal,2026-07-04 08:05:36.915579
36,1,3791,3,3,3,0,-1.6001061313723446,-0.5243584599806946,0.9071044659743056,normal,2026-07-04 08:12:36.915579
10,1,4299,0,0,3,4,0.8041863241041766,-0.5243584599806946,0.9071044659743056,normal,2026-07-04 08:15:36.915579
24,1,2942,2,0,3,1,-0.701500048014227,-0.5243584599806946,0.9071044659743056,normal,2026-07-04 08:25:36.915579
37,2,2502,3,1,4,0,1.3501279896922356,-0.5243584599806946,0.9071044659743056,normal,2026-07-04 08:48:36.915579
46,2,2378,2,2,3,4,-0.6156310872500905,-0.3810037715539959,0.9071044659743056,normal,2026-07-04 09:02:36.915579
48,1,443,3,1,3,0,1.541367603787157,-0.3810037715539959,0.9071044659743056,normal,2026-07-04 09:21:36.915579
45,2,4836,0,3,3,4,1.309327257831506,-0.3810037715539959,0.9071044659743056,normal,2026-07-04 09:26:36.915579
46,2,671,1,3,3,4,0.11369761341517133,-0.3810037715539959,0.9071044659743056,normal,2026-07-04 09:27:36.915579
34,0,3975,3,2,3,1,0.9206005677548618,-0.3810037715539959,0.9071044659743056,normal,2026-07-04 09:35:36.915579
45,0,786,0,0,4,1,0.26197391268854664,-0.3810037715539959,0.9071044659743056,normal,2026-07-04 09:37:36.915579
13,2,4128,2,0,3,0,1.3729360313189758,-0.3810037715539959,0.9071044659743056,normal,2026-07-04 09:50:36.915579
22,1,1939,1,1,3,1,-0.7671080093054735,-0.23764908312729716,0.9071044659743056,normal,2026-07-04 10:31:36.915579
15,0,3681,3,0,4,0,-1.1631874814488925,-0.23764908312729716,0.9071044659743056,normal,2026-07-04 10:47:36.915579
38,2,1150,3,2,4,4,1.4106803125950855,-0.23764908312729716,0.9071044659743056,normal,2026-07-04 10:51:36.915579
44,0,2688,2,3,4,0,-0.5105968357132107,-0.09429439470059839,0.9071044659743056,normal,2026-07-04 11:04:36.915579
1,2,4557,3,0,3,4,1.6171252877745,-0.09429439470059839,0.9071044659743056,normal,2026-07-04 11:04:36.915579
27,0,2067,1,0,4,1,-0.3281517256589414,-0.09429439470059839,0.9071044659743056,normal,2026-07-04 11:04:36.915579
5,2,4104,2,0,4,1,-0.050101225776950475,-0.09429439470059839,0.9071044659743056,normal,2026-07-04 11:18:36.915579
46,1,87,2,0,3,4,1.333461683674213,-0.09429439470059839,0.9071044659743056,normal,2026-07-04 11:20:36.915579
45,1,2988,2,1,4,4,-0.1683704850340246,-0.09429439470059839,0.9071044659743056,normal,2026-07-04 11:40:36.915579
29,2,2525,1,0,4,4,-0.8032952308497957,-0.09429439470059839,0.9071044659743056,normal,2026-07-04 11:48:36.915579
22,1,1191,1,1,4,1,-1.4790110970464707,-0.09429439470059839,0.9071044659743056,normal,2026-07-04 11:54:36.915579
35,0,1406,2,0,4,1,-0.09230523369225431,-0.09429439470059839,0.9071044659743056,normal,2026-07-04 11:58:36.915579
7,0,2597,1,0,3,4,1.1692014934504509,0.04906029372610037,0.9071044659743056,normal,2026-07-04 12:15:36.915579
7,0,1538,3,2,4,1,-0.4898168163297247,0.04906029372610037,0.9071044659743056,normal,2026-07-04 12:19:36.915579
1,2,2571,3,2,4,0,1.1167420365609657,0.04906029372610037,0.9071044659743056,normal,2026-07-04 12:26:36.915579
39,2,1257,2,1,3,4,0.009432280264359402,0.04906029372610037,0.9071044659743056,normal,2026-07-04 12:31:36.915579
18,1,1049,1,1,4,1,0.7985732198858805,0.04906029372610037,0.9071044659743056,normal,2026-07-04 12:36:36.915579
14,0,4387,2,2,4,1,1.0255867618926124,0.04906029372610037,0.9071044659743056,normal,2026-07-04 12:40:36.915579
21,1,349,3,0,3,0,1.5556118168890654,0.04906029372610037,0.9071044659743056,normal,2026-07-04 12:48:36.915579
22,1,4290,1,1,3,1,-0.1701005514026774,0.19241498215279915,0.9071044659743056,normal,2026-07-04 13:01:36.915579
22,0,1412,3,2,3,0,0.9700131855395522,0.19241498215279915,0.9071044659743056,normal,2026-07-04 13:01:36.915579
43,2,2668,0,3,3,4,0.9762029785473991,0.19241498215279915,0.9071044659743056,normal,2026-07-04 13:03:36.915579
34,0,1092,0,3,3,1,-1.1467999083458196,0.19241498215279915,0.9071044659743056,normal,2026-07-04 13:04:36.915579
35,1,2890,2,2,4,1,-0.04729467366780245,0.19241498215279915,0.9071044659743056,normal,2026-07-04 13:12:36.915579
1,0,2413,1,2,4,0,-1.6947503732174813,0.19241498215279915,0.9071044659743056,normal,2026-07-04 13:15:36.915579
23,0,981,3,0,4,1,1.6084365100119324,0.19241498215279915,0.9071044659743056,normal,2026-07-04 13:21:36.915579
12,1,1773,1,3,4,0,-1.4800299139080106,0.19241498215279915,0.9071044659743056,normal,2026-07-04 13:25:36.915579
15,1,1632,1,0,4,4,-1.096301193340808,0.19241498215279915,0.9071044659743056,normal,2026-07-04 13:28:36.915579
30,2,4709,3,3,4,4,1.209521651319888,0.19241498215279915,0.9071044659743056,normal,2026-07-04 13:44:36.915579
32,0,1054,3,3,4,0,0.5627843967981483,0.19241498215279915,0.9071044659743056,normal,2026-07-04 13:50:36.915579
6,0,296,1,1,3,0,1.656311291024487,0.19241498215279915,0.9071044659743056,normal,2026-07-04 13:56:36.915579
21,2,2079,2,0,4,1,-0.1696776462903402,0.19241498215279915,0.9071044659743056,normal,2026-07-04 13:58:36.915579
35,0,3782,1,2,4,1,1.6032655338656254,0.3357696705794979,0.9071044659743056,normal,2026-07-04 14:04:36.915579
48,2,2798,0,0,3,1,0.5552009392155534,0.3357696705794979,0.9071044659743056,normal,2026-07-04 14:11:36.915579
6,0,1501,3,0,3,4,0.337078016047732,0.3357696705794979,0.9071044659743056,normal,2026-07-04 14:31:36.915579
12,0,2456,1,0,3,1,1.7094243285421298,0.3357696705794979,0.9071044659743056,normal,2026-07-04 14:51:36.915579
30,0,512,1,1,4,4,0.06770668244848287,0.3357696705794979,0.9071044659743056,normal,2026-07-04 14:59:36.915579
34,1,322,1,0,3,0,-0.49144115642029323,0.47912435900619665,0.9071044659743056,normal,2026-07-04 15:01:36.915579
2,2,4198,0,1,4,1,-1.0424769063160526,0.47912435900619665,0.9071044659743056,normal,2026-07-04 15:01:36.915579
37,2,3732,1,2,3,4,0.5088543834953088,0.47912435900619665,0.9071044659743056,normal,2026-07-04 15:32:36.915579
26,1,4769,2,2,3,4,-1.2490276077735516,0.47912435900619665,0.9071044659743056,normal,2026-07-04 15:35:36.915579
31,1,4899,0,2,4,0,-0.5455922337591275,0.47912435900619665,0.9071044659743056,normal,2026-07-04 15:51:36.915579
30,1,4514,3,0,4,1,0.3627502786625752,0.47912435900619665,0.9071044659743056,normal,2026-07-04 15:57:36.915579
34,1,3582,0,2,3,4,-1.2352447457032836,0.6224790474328954,0.9071044659743056,normal,2026-07-04 16:13:36.915579
35,1,2874,3,1,4,1,-1.1248665113832317,0.6224790474328954,0.9071044659743056,normal,2026-07-04 16:23:36.915579
29,2,2374,1,2,4,0,1.354895283685857,0.6224790474328954,0.9071044659743056,normal,2026-07-04 16:44:36.915579
7,2,4469,2,0,4,0,0.6770648919274951,0.7658337358595942,0.9071044659743056,normal,2026-07-04 17:13:36.915579
22,2,3393,1,0,4,1,-0.9469484083269375,0.7658337358595942,0.9071044659743056,normal,2026-07-04 17:14:36.915579
4,1,2415,1,1,4,0,0.3963327891740923,0.7658337358595942,0.9071044659743056,normal,2026-07-04 17:39:36.915579
22,2,549,0,0,3,1,-0.22426124022133767,0.7658337358595942,0.9071044659743056,normal,2026-07-04 17:40:36.915579
24,0,987,0,3,4,1,0.5023378001733829,0.7658337358595942,0.9071044659743056,normal,2026-07-04 17:53:36.915579
43,2,431,2,2,4,1,-1.3405769531147649,0.7658337358595942,0.9071044659743056,normal,2026-07-04 17:56:36.915579
36,2,968,0,3,3,0,-1.5710698508184542,0.7658337358595942,0.9071044659743056,normal,2026-07-04 17:59:36.915579
31,2,1682,3,3,4,0,1.4148132489202008,0.909188424286293,0.9071044659743056,normal,2026-07-04 18:14:36.915579
33,2,2027,1,3,3,1,-1.0553755122423423,0.909188424286293,0.9071044659743056,normal,2026-07-04 18:28:36.915579
12,2,159,0,0,4,4,1.502614117129333,0.909188424286293,0.9071044659743056,normal,2026-07-04 18:29:36.915579
29,1,1205,2,3,4,4,-0.37224919509993754,0.909188424286293,0.9071044659743056,normal,2026-07-04 18:40:36.915579
44,0,1209,3,0,3,4,-0.7153309674836241,0.909188424286293,0.9071044659743056,normal,2026-07-04 18:52:36.915579
47,2,4934,1,1,4,4,-1.1786811869281613,1.0525431127129916,0.9071044659743056,normal,2026-07-04 19:02:36.915579
41,1,3583,3,1,4,1,0.22737258531548957,1.0525431127129916,0.9071044659743056,normal,2026-07-04 19:36:36.915579
31,1,4101,0,3,3,1,0.3453823346172656,1.1958978011396906,0.9071044659743056,normal,2026-07-04 20:05:36.915579
34,1,160,1,2,3,1,-1.2579278380922878,1.1958978011396906,0.9071044659743056,normal,2026-07-04 20:14:36.915579
3,2,4874,1,1,4,4,-0.46869078367250816,1.1958978011396906,0.9071044659743056,normal,2026-07-04 20:28:36.915579
32,0,1086,1,1,3,4,1.0315747138241165,1.1958978011396906,0.9071044659743056,normal,2026-07-04 20:53:36.915579
34,2,4232,0,1,4,4,0.5598913413705678,1.3392524895663893,0.9071044659743056,normal,2026-07-04 21:01:36.915579
25,2,2652,1,2,3,4,-1.2777851554124922,1.3392524895663893,0.9071044659743056,normal,2026-07-04 21:03:36.915579
23,1,3569,1,3,3,0,-1.235110184985722,1.3392524895663893,0.9071044659743056,normal,2026-07-04 21:05:36.915579
34,1,2758,2,2,3,1,-1.4014752892913453,1.3392524895663893,0.9071044659743056,normal,2026-07-04 21:24:36.915579
47,1,3190,3,0,3,0,0.12689417521606228,1.3392524895663893,0.9071044659743056,normal,2026-07-04 21:33:36.915579
6,2,4003,0,0,3,0,-1.3832230891020576,1.3392524895663893,0.9071044659743056,normal,2026-07-04 21:35:36.915579
5,0,2340,3,3,4,0,0.24857550981131282,1.3392524895663893,0.9071044659743056,normal,2026-07-04 21:38:36.915579
8,2,4195,1,1,4,1,-0.4079942885722707,1.3392524895663893,0.9071044659743056,normal,2026-07-04 21:59:36.915579
27,2,2520,2,1,3,4,0.5692817571604225,1.482607177993088,0.9071044659743056,normal,2026-07-04 22:06:36.915579
23,2,2084,1,1,3,4,-1.5472718267696515,1.482607177993088,0.9071044659743056,normal,2026-07-04 22:33:36.915579
16,1,825,1,1,4,0,0.8539930125617268,1.482607177993088,0.9071044659743056,normal,2026-07-04 22:38:36.915579
37,1,4218,3,1,4,0,-0.4108488980805477,1.482607177993088,0.9071044659743056,normal,2026-07-04 22:53:36.915579
41,2,1231,2,1,4,0,0.616205001670218,1.6259618664197868,0.9071044659743056,normal,2026-07-04 23:00:36.915579
27,1,4279,3,3,3,0,0.3707566413575075,1.6259618664197868,0.9071044659743056,normal,2026-07-04 23:00:36.915579
18,1,1797,2,2,4,1,-0.07816674686843013,1.6259618664197868,0.9071044659743056,normal,2026-07-04 23:02:36.915579
36,1,3383,2,0,4,4,-0.11969795119592447,1.6259618664197868,0.9071044659743056,normal,2026-07-04 23:16:36.915579
5,0,2286,1,3,4,4,-1.1416385436793386,1.6259618664197868,0.9071044659743056,normal,2026-07-04 23:19:36.915579
21,0,4479,0,2,4,1,-1.6376293486124598,1.6259618664197868,0.9071044659743056,normal,2026-07-04 23:29:36.915579
38,1,2863,2,1,4,4,-0.5238510663930567,1.6259618664197868,0.9071044659743056,normal,2026-07-04 23:37:36.915579
49,2,3804,1,2,3,0,1.2215744470215029,1.6259618664197868,0.9071044659743056,normal,2026-07-04 23:53:36.915579
39,1,1873,2,1,4,0,-1.2420304504603332,-1.6711959673942849,1.4024763498976525,normal,2026-07-05 00:08:36.915579
39,2,4671,1,0,4,0,0.6638491071669524,-1.6711959673942849,1.4024763498976525,normal,2026-07-05 00:11:36.915579
25,0,2617,2,3,4,1,0.9018197361751524,-1.6711959673942849,1.4024763498976525,normal,2026-07-05 00:32:36.915579
39,1,1966,2,2,4,1,-1.216223627127928,-1.6711959673942849,1.4024763498976525,normal,2026-07-05 00:33:36.915579
4,0,275,2,1,4,4,-0.49175833525454615,-1.6711959673942849,1.4024763498976525,normal,2026-07-05 00:36:36.915579
12,1,1647,2,0,3,4,0.5619578095331256,-1.6711959673942849,1.4024763498976525,normal,2026-07-05 00:48:36.915579
20,2,862,0,1,4,1,-1.493774330058975,-1.527841278967586,1.4024763498976525,normal,2026-07-05 01:03:36.915579
24,1,4574,1,3,4,1,-0.18581532091794095,-1.527841278967586,1.4024763498976525,normal,2026-07-05 01:10:36.915579
43,2,4139,2,1,4,1,-1.185591840922947,-1.527841278967586,1.4024763498976525,normal,2026-07-05 01:16:36.915579
26,0,4911,1,3,3,1,-0.13227937828796096,-1.527841278967586,1.4024763498976525,normal,2026-07-05 01:21:36.915579
9,1,3488,3,1,4,4,-1.1903110775174388,-1.527841278967586,1.4024763498976525,normal,2026-07-05 01:30:36.915579
46,1,1122,1,0,3,4,-0.4107527832822893,-1.3844865905408872,1.4024763498976525,normal,2026-07-05 02:07:36.915579
33,1,3767,0,2,4,1,0.6113992617572933,-1.3844865905408872,1.4024763498976525,normal,2026-07-05 02:10:36.915579
38,0,2028,1,0,3,1,1.0526815235216813,-1.3844865905408872,1.4024763498976525,normal,2026-07-05 02:11:36.915579
38,2,2076,3,1,3,1,1.0489714923089033,-1.3844865905408872,1.4024763498976525,normal,2026-07-05 02:30:36.915579
43,1,1193,1,1,3,4,-0.22831728470784604,-1.3844865905408872,1.4024763498976525,normal,2026-07-05 02:31:36.915579
6,2,4164,1,0,3,4,0.941092242743572,-1.3844865905408872,1.4024763498976525,normal,2026-07-05 02:33:36.915579
36,1,3457,0,2,4,4,-0.6416397516588384,-1.3844865905408872,1.4024763498976525,normal,2026-07-05 02:42:36.915579
14,2,2423,3,0,3,1,-0.25239404167159823,-1.3844865905408872,1.4024763498976525,normal,2026-07-05 02:46:36.915579
21,1,3548,2,2,3,4,1.2570215846192347,-1.3844865905408872,1.4024763498976525,normal,2026-07-05 02:48:36.915579
15,1,4221,1,1,4,0,1.6869430772294682,-1.2411319021141884,1.4024763498976525,normal,2026-07-05 03:08:36.915579
8,1,3775,0,0,3,4,-0.012155103424497892,-1.2411319021141884,1.4024763498976525,normal,2026-07-05 03:10:36.915579
43,2,3930,0,0,4,4,-0.24797276095170767,-1.2411319021141884,1.4024763498976525,normal,2026-07-05 03:11:36.915579
38,2,190,1,0,3,1,0.8044362225796484,-1.2411319021141884,1.4024763498976525,normal,2026-07-05 03:36:36.915579
18,1,1481,3,2,4,1,-0.6001854391699507,-1.2411319021141884,1.4024763498976525,normal,2026-07-05 03:39:36.915579
9,0,853,0,2,3,1,1.0044607292353958,-1.0977772136874897,1.4024763498976525,normal,2026-07-05 04:01:36.915579
7,1,3614,1,3,4,1,0.6565443824993071,-1.0977772136874897,1.4024763498976525,normal,2026-07-05 04:47:36.915579
29,1,3356,1,1,3,4,1.1109270912663272,-1.0977772136874897,1.4024763498976525,normal,2026-07-05 04:51:36.915579
17,1,4588,2,0,3,4,0.3377123737162379,-0.954422525260791,1.4024763498976525,normal,2026-07-05 05:02:36.915579
12,2,586,3,1,3,4,-0.9687472445719635,-0.954422525260791,1.4024763498976525,normal,2026-07-05 05:06:36.915579
15,2,2802,1,0,3,0,-1.6978356582415788,-0.954422525260791,1.4024763498976525,normal,2026-07-05 05:15:36.915579
22,1,1265,2,1,3,0,-0.7135816781553194,-0.954422525260791,1.4024763498976525,normal,2026-07-05 05:22:36.915579
3,1,354,0,3,3,4,-0.4293798311847851,-0.954422525260791,1.4024763498976525,normal,2026-07-05 05:34:36.915579
26,2,1034,3,1,3,4,-1.4433909528118736,-0.954422525260791,1.4024763498976525,normal,2026-07-05 05:53:36.915579
29,0,4863,2,0,4,0,-1.3814930227334048,-0.954422525260791,1.4024763498976525,normal,2026-07-05 05:56:36.915579
1,2,1771,3,2,3,4,0.23626320415440008,-0.8110678368340922,1.4024763498976525,normal,2026-07-05 06:21:36.915579
50,0,1273,1,3,4,0,-0.3083809116571697,-0.8110678368340922,1.4024763498976525,normal,2026-07-05 06:22:36.915579
27,1,958,1,0,3,1,-1.1676472080880864,-0.8110678368340922,1.4024763498976525,normal,2026-07-05 06:25:36.915579
7,1,1934,3,0,3,4,-0.6396405638550617,-0.6677131484073935,1.4024763498976525,normal,2026-07-05 07:00:36.915579
20,0,2201,2,0,4,0,1.5594852432588826,-0.6677131484073935,1.4024763498976525,normal,2026-07-05 07:24:36.915579
18,1,821,1,3,4,1,1.504978541166492,-0.6677131484073935,1.4024763498976525,normal,2026-07-05 07:28:36.915579
45,0,3255,2,2,4,0,-0.35265138773503096,-0.6677131484073935,1.4024763498976525,normal,2026-07-05 07:35:36.915579
39,0,1963,1,1,3,4,1.1622812279758392,-0.6677131484073935,1.4024763498976525,normal,2026-07-05 07:41:36.915579
4,1,3091,2,3,4,4,1.1628771397250417,-0.5243584599806946,1.4024763498976525,normal,2026-07-05 08:03:36.915579
50,2,3405,0,2,4,0,-0.7976340692323705,-0.5243584599806946,1.4024763498976525,normal,2026-07-05 08:17:36.915579
27,0,1915,2,2,3,4,-0.3086884790115968,-0.5243584599806946,1.4024763498976525,normal,2026-07-05 08:18:36.915579
6,0,3819,3,2,3,1,0.3718331270980025,-0.5243584599806946,1.4024763498976525,normal,2026-07-05 08:23:36.915579
36,2,3984,3,2,4,1,0.8778583169693102,-0.5243584599806946,1.4024763498976525,normal,2026-07-05 08:24:36.915579
39,1,3007,3,3,4,4,0.6484515164859421,-0.5243584599806946,1.4024763498976525,normal,2026-07-05 08:28:36.915579
6,1,3225,3,1,3,1,-1.4612394708484755,-0.5243584599806946,1.4024763498976525,normal,2026-07-05 08:29:36.915579
13,0,1175,3,3,4,4,-0.7282968537686947,-0.5243584599806946,1.4024763498976525,normal,2026-07-05 08:41:36.915579
7,0,655,2,0,3,4,0.009191993268713172,-0.5243584599806946,1.4024763498976525,normal,2026-07-05 08:52:36.915579
36,2,4275,1,3,4,1,-1.421246103293117,-0.3810037715539959,1.4024763498976525,normal,2026-07-05 09:08:36.915579
25,1,882,0,2,4,1,-1.68132313590077,-0.3810037715539959,1.4024763498976525,normal,2026-07-05 09:09:36.915579
36,1,245,3,1,4,1,1.442523145258124,-0.3810037715539959,1.4024763498976525,normal,2026-07-05 09:21:36.915579
43,0,1060,1,1,3,4,-1.554192092244263,-0.3810037715539959,1.4024763498976525,normal,2026-07-05 09:25:36.915579
28,2,1804,3,0,3,1,-1.4718793790156905,-0.3810037715539959,1.4024763498976525,normal,2026-07-05 09:40:36.915579
39,1,3524,0,3,4,4,-0.7824575425873547,-0.23764908312729716,1.4024763498976525,normal,2026-07-05 10:04:36.915579
20,2,2035,1,0,4,4,-0.7063538453262808,-0.23764908312729716,1.4024763498976525,normal,2026-07-05 10:11:36.915579
49,2,1099,3,2,4,0,0.9299044802262836,-0.23764908312729716,1.4024763498976525,normal,2026-07-05 10:13:36.915579
2,0,3275,2,0,3,0,1.0091415199105842,-0.23764908312729716,1.4024763498976525,normal,2026-07-05 10:22:36.915579
18,1,695,1,3,4,1,0.20127741758830897,-0.23764908312729716,1.4024763498976525,normal,2026-07-05 10:28:36.915579
36,0,3188,2,3,3,0,-1.5082011612775745,-0.23764908312729716,1.4024763498976525,normal,2026-07-05 10:30:36.915579
23,2,2054,3,0,4,1,1.5257873949894556,-0.23764908312729716,1.4024763498976525,normal,2026-07-05 10:37:36.915579
30,1,2331,2,0,3,4,1.7167482761694268,-0.23764908312729716,1.4024763498976525,normal,2026-07-05 10:43:36.915579
43,0,4627,1,3,3,0,-1.464392036231354,-0.23764908312729716,1.4024763498976525,normal,2026-07-05 10:49:36.915579
45,2,3169,2,2,4,1,-1.293480701968104,-0.23764908312729716,1.4024763498976525,normal,2026-07-05 10:51:36.915579
12,1,4594,1,1,4,0,-0.25142328220918747,-0.23764908312729716,1.4024763498976525,normal,2026-07-05 10:56:36.915579
8,2,2731,0,1,3,0,-0.7388598700973028,-0.23764908312729716,1.4024763498976525,normal,2026-07-05 10:58:36.915579
15,2,1617,3,1,3,1,1.244709278962322,-0.09429439470059839,1.4024763498976525,normal,2026-07-05 11:04:36.915579
19,1,1601,0,2,4,4,1.1329662145069992,-0.09429439470059839,1.4024763498976525,normal,2026-07-05 11:15:36.915579
23,2,2242,1,2,4,1,0.6227984768307506,-0.09429439470059839,1.4024763498976525,normal,2026-07-05 11:16:36.915579
37,1,3459,3,2,3,1,0.7270253640622591,-0.09429439470059839,1.4024763498976525,normal,2026-07-05 11:22:36.915579
6,0,1331,2,3,3,4,-1.6500377690676309,-0.09429439470059839,1.4024763498976525,normal,2026-07-05 11:23:36.915579
21,1,435,1,1,3,1,-1.0855555588955088,-0.09429439470059839,1.4024763498976525,normal,2026-07-05 11:24:36.915579
31,1,3983,3,0,3,1,-1.6472696628777863,-0.09429439470059839,1.4024763498976525,normal,2026-07-05 11:27:36.915579
4,2,3131,2,3,4,1,0.13598663513131543,-0.09429439470059839,1.4024763498976525,normal,2026-07-05 11:31:36.915579
9,1,1957,3,0,3,0,-1.270278589668504,-0.09429439470059839,1.4024763498976525,normal,2026-07-05 11:39:36.915579
30,2,1565,2,0,3,4,-0.059164851252726317,-0.09429439470059839,1.4024763498976525,normal,2026-07-05 11:43:36.915579
7,2,1747,1,3,3,4,-0.018806247463985595,-0.09429439470059839,1.4024763498976525,normal,2026-07-05 11:59:36.915579
0,2,1277,2,1,4,0,-1.2645117017729945,0.04906029372610037,1.4024763498976525,normal,2026-07-05 12:11:36.915579
12,1,4543,2,3,4,4,0.33928865640767747,0.04906029372610037,1.4024763498976525,normal,2026-07-05 12:34:36.915579
33,1,4987,0,2,3,0,-0.027639197423941046,0.04906029372610037,1.4024763498976525,normal,2026-07-05 12:46:36.915579
6,1,150,0,3,4,0,-1.4557224814284382,0.19241498215279915,1.4024763498976525,normal,2026-07-05 13:03:36.915579
11,0,2045,2,3,3,4,-0.9018225105445756,0.19241498215279915,1.4024763498976525,normal,2026-07-05 13:21:36.915579
15,2,3602,2,3,3,1,-0.2556138874132576,0.19241498215279915,1.4024763498976525,normal,2026-07-05 13:24:36.915579
37,1,2290,2,0,4,1,1.0067290384742964,0.19241498215279915,1.4024763498976525,normal,2026-07-05 13:27:36.915579
24,2,3454,3,0,4,4,-1.456491399814506,0.19241498215279915,1.4024763498976525,normal,2026-07-05 13:36:36.915579
45,2,1432,0,1,3,4,0.8658535786668248,0.19241498215279915,1.4024763498976525,normal,2026-07-05 13:46:36.915579
13,1,3151,0,2,3,0,0.9028481645165181,0.19241498215279915,1.4024763498976525,normal,2026-07-05 13:48:36.915579
34,1,792,2,3,3,1,-1.5234257453217197,0.3357696705794979,1.4024763498976525,normal,2026-07-05 14:08:36.915579
40,0,2511,1,1,3,4,0.9462920533293566,0.3357696705794979,1.4024763498976525,normal,2026-07-05 14:10:36.915579
10,1,2087,0,2,4,4,-1.5443403254227677,0.3357696705794979,1.4024763498976525,normal,2026-07-05 14:48:36.915579
27,2,4687,0,1,4,1,0.41369112173957584,0.3357696705794979,1.4024763498976525,normal,2026-07-05 14:58:36.915579
8,2,4665,2,1,3,0,-0.6147179966666348,0.47912435900619665,1.4024763498976525,normal,2026-07-05 15:01:36.915579
40,0,2246,1,3,3,4,0.9936958718304445,0.47912435900619665,1.4024763498976525,normal,2026-07-05 15:13:36.915579
36,0,910,3,3,3,0,0.12450091673942582,0.47912435900619665,1.4024763498976525,normal,2026-07-05 15:55:36.915579
44,0,4433,0,3,3,4,-0.2631973449958527,0.6224790474328954,1.4024763498976525,normal,2026-07-05 16:03:36.915579
49,2,3490,2,3,4,0,0.6826299387466618,0.6224790474328954,1.4024763498976525,normal,2026-07-05 16:31:36.915579
8,2,143,1,3,3,0,-0.022891126389971497,0.6224790474328954,1.4024763498976525,normal,2026-07-05 16:33:36.915579
20,0,2557,1,1,3,4,1.542174968092528,0.7658337358595942,1.4024763498976525,normal,2026-07-05 17:15:36.915579
15,1,2678,1,3,3,1,0.025848687806909732,0.7658337358595942,1.4024763498976525,normal,2026-07-05 17:30:36.915579
15,2,2546,1,3,4,1,1.7413728874832524,0.7658337358595942,1.4024763498976525,normal,2026-07-05 17:31:36.915579
34,1,2644,1,1,4,4,1.179706840900104,0.7658337358595942,1.4024763498976525,normal,2026-07-05 17:44:36.915579
50,1,4653,3,1,4,1,0.9873138492260808,0.7658337358595942,1.4024763498976525,normal,2026-07-05 17:57:36.915579
18,2,1431,2,1,3,1,-0.7750855375609282,0.909188424286293,1.4024763498976525,normal,2026-07-05 18:08:36.915579
38,1,4999,1,2,4,4,-0.3631951811039875,0.909188424286293,1.4024763498976525,normal,2026-07-05 18:54:36.915579
15,2,3649,1,2,3,1,0.9570569107343075,1.0525431127129916,1.4024763498976525,normal,2026-07-05 19:03:36.915579
27,1,744,3,3,3,0,0.9999913911163759,1.0525431127129916,1.4024763498976525,normal,2026-07-05 19:05:36.915579
34,2,4171,2,3,3,1,-0.6264151676146933,1.0525431127129916,1.4024763498976525,normal,2026-07-05 19:06:36.915579
39,1,3057,1,3,3,0,-0.11146091298517156,1.0525431127129916,1.4024763498976525,normal,2026-07-05 19:15:36.915579
25,1,2832,3,0,4,0,-0.8913556090142258,1.0525431127129916,1.4024763498976525,normal,2026-07-05 19:15:36.915579
24,2,3123,1,0,3,4,1.3219855767621496,1.0525431127129916,1.4024763498976525,normal,2026-07-05 19:17:36.915579
36,1,3588,3,1,4,0,-0.6776635780461211,1.0525431127129916,1.4024763498976525,normal,2026-07-05 19:22:36.915579
14,1,1467,1,2,3,0,0.14703983693104197,1.0525431127129916,1.4024763498976525,normal,2026-07-05 19:25:36.915579
22,1,3063,1,2,3,1,-0.6051257398004373,1.0525431127129916,1.4024763498976525,normal,2026-07-05 19:29:36.915579
46,2,176,3,3,3,0,-1.2550732285840107,1.0525431127129916,1.4024763498976525,normal,2026-07-05 19:34:36.915579
23,1,4276,0,2,3,1,1.0583330736592802,1.0525431127129916,1.4024763498976525,normal,2026-07-05 19:48:36.915579
36,0,1326,1,3,4,1,0.828801323938176,1.1958978011396906,1.4024763498976525,normal,2026-07-05 20:02:36.915579
5,1,4972,0,3,4,1,0.446312484268508,1.1958978011396906,1.4024763498976525,normal,2026-07-05 20:03:36.915579
11,0,4177,2,1,3,0,0.21254207194420424,1.1958978011396906,1.4024763498976525,normal,2026-07-05 20:17:36.915579
39,0,4855,2,2,4,0,-0.14134300376373682,1.1958978011396906,1.4024763498976525,normal,2026-07-05 20:27:36.915579
50,0,1206,1,2,4,1,-1.3400771561638207,1.1958978011396906,1.4024763498976525,normal,2026-07-05 20:43:36.915579
49,0,4424,1,0,4,0,0.09368651241775318,1.1958978011396906,1.4024763498976525,normal,2026-07-05 20:48:36.915579
0,1,4080,2,3,4,0,0.6048346210362384,1.1958978011396906,1.4024763498976525,normal,2026-07-05 20:58:36.915579
47,0,499,2,0,4,1,-0.36979826774434604,1.3392524895663893,1.4024763498976525,normal,2026-07-05 21:10:36.915579
38,2,2474,1,1,3,0,0.7811283840019642,1.3392524895663893,1.4024763498976525,normal,2026-07-05 21:26:36.915579
29,2,4727,2,1,3,1,-1.4949084846784253,1.3392524895663893,1.4024763498976525,normal,2026-07-05 21:45:36.915579
17,2,4986,1,2,4,0,-1.3302734467414545,1.3392524895663893,1.4024763498976525,normal,2026-07-05 21:55:36.915579
3,0,2347,3,1,4,1,1.3916111366206005,1.482607177993088,1.4024763498976525,normal,2026-07-05 22:04:36.915579
40,1,4357,2,1,3,1,0.41768949734712896,1.482607177993088,1.4024763498976525,normal,2026-07-05 22:09:36.915579
25,0,104,1,3,4,0,-1.3612416347403407,1.482607177993088,1.4024763498976525,normal,2026-07-05 22:16:36.915579
41,1,2939,1,0,3,1,-1.5122187598447796,1.482607177993088,1.4024763498976525,normal,2026-07-05 22:20:36.915579
32,1,366,1,2,4,1,-1.6835626107001929,1.482607177993088,1.4024763498976525,normal,2026-07-05 22:22:36.915579
22,0,2064,1,3,3,4,-0.7289312114372005,1.482607177993088,1.4024763498976525,normal,2026-07-05 22:25:36.915579
18,2,205,1,3,3,0,-1.702295384880773,1.482607177993088,1.4024763498976525,normal,2026-07-05 22:32:36.915579
3,0,1660,3,2,3,1,0.4665254263422686,1.482607177993088,1.4024763498976525,normal,2026-07-05 22:35:36.915579
32,0,2849,3,1,4,0,0.9213790976207554,1.482607177993088,1.4024763498976525,normal,2026-07-05 22:54:36.915579
38,2,2202,0,3,4,1,0.8988978463080943,1.482607177993088,1.4024763498976525,normal,2026-07-05 22:59:36.915579
41,1,4308,1,2,3,4,-0.14839782995591003,1.6259618664197868,1.4024763498976525,normal,2026-07-05 23:08:36.915579
12,1,617,3,1,3,1,-0.8171934306779736,1.6259618664197868,1.4024763498976525,normal,2026-07-05 23:15:36.915579
17,1,2589,1,1,4,4,0.7333112718683644,1.6259618664197868,1.4024763498976525,normal,2026-07-05 23:16:36.915579
2,0,1616,0,2,4,0,1.3688223179535126,1.6259618664197868,1.4024763498976525,normal,2026-07-05 23:27:36.915579
36,1,1639,0,1,4,1,1.2147118504258467,1.6259618664197868,1.4024763498976525,normal,2026-07-05 23:29:36.915579
30,0,3633,0,1,3,1,-0.7271434761895927,1.6259618664197868,1.4024763498976525,normal,2026-07-05 23:30:36.915579
28,1,4994,0,2,4,1,-1.450638008600564,1.6259618664197868,1.4024763498976525,normal,2026-07-05 23:47:36.915579
11,1,2855,0,3,4,1,-0.7010002510632829,1.6259618664197868,1.4024763498976525,normal,2026-07-05 23:52:36.915579
26,1,5007,3,0,3,1,-0.8488920911436242,1.6259618664197868,1.4024763498976525,normal,2026-07-05 23:52:36.915579
4,0,2839,0,1,3,0,-0.3284016241344135,-1.6711959673942849,-1.5697549536424282,normal,2026-07-06 00:01:36.915579
21,2,2938,2,1,4,4,0.2507380927721289,-1.6711959673942849,-1.5697549536424282,normal,2026-07-06 00:08:36.915579
38,0,1076,3,2,3,1,-0.6918885681883779,-1.6711959673942849,-1.5697549536424282,normal,2026-07-06 00:10:36.915579
4,2,1954,1,3,3,4,-0.9203342206891612,-1.6711959673942849,-1.5697549536424282,normal,2026-07-06 00:14:36.915579
38,1,593,0,0,3,0,1.6946707070094515,-1.6711959673942849,-1.5697549536424282,normal,2026-07-06 00:36:36.915579
31,0,297,1,2,4,1,-1.7132236374427634,-1.6711959673942849,-1.5697549536424282,normal,2026-07-06 00:52:36.915579
24,0,1210,1,2,3,1,1.4208877041701373,-1.6711959673942849,-1.5697549536424282,normal,2026-07-06 00:56:36.915579
26,2,2710,3,1,4,1,0.12091583476438406,-1.6711959673942849,-1.5697549536424282,normal,2026-07-06 00:58:36.915579
5,2,2543,3,3,3,4,-0.23749624794153198,-1.527841278967586,-1.5697549536424282,normal,2026-07-06 01:14:36.915579
32,2,3092,3,3,4,0,-1.3707569997679312,-1.527841278967586,-1.5697549536424282,normal,2026-07-06 01:19:36.915579
13,0,285,0,0,4,4,1.725215989896,-1.527841278967586,-1.5697549536424282,normal,2026-07-06 01:21:36.915579
18,0,432,0,2,4,0,-0.2422635419351532,-1.527841278967586,-1.5697549536424282,normal,2026-07-06 01:24:36.915579
29,2,2817,3,3,4,0,-1.6079394874304114,-1.527841278967586,-1.5697549536424282,normal,2026-07-06 01:27:36.915579
37,2,2835,0,0,3,0,-1.5373912255086786,-1.527841278967586,-1.5697549536424282,normal,2026-07-06 01:33:36.915579
2,1,4939,1,3,3,4,1.3473502720225654,-1.527841278967586,-1.5697549536424282,normal,2026-07-06 01:50:36.915579
46,0,2954,2,3,4,1,1.1670292990098088,-1.527841278967586,-1.5697549536424282,normal,2026-07-06 01:51:36.915579
19,2,970,3,0,4,4,1.4169566089213652,-1.3844865905408872,-1.5697549536424282,normal,2026-07-06 02:03:36.915579
48,2,4178,1,1,3,4,1.6659227708503364,-1.3844865905408872,-1.5697549536424282,normal,2026-07-06 02:16:36.915579
46,1,1453,3,2,3,0,-1.2716434198037747,-1.3844865905408872,-1.5697549536424282,normal,2026-07-06 02:17:36.915579
30,2,2642,3,0,4,4,0.6774109052012258,-1.3844865905408872,-1.5697549536424282,normal,2026-07-06 02:25:36.915579
26,1,3936,1,3,4,4,-1.1527974717571494,-1.3844865905408872,-1.5697549536424282,normal,2026-07-06 02:28:36.915579
22,1,2442,0,3,4,4,-1.6024513324498517,-1.3844865905408872,-1.5697549536424282,normal,2026-07-06 02:31:36.915579
0,1,3661,3,1,4,4,-1.1640332916735672,-1.3844865905408872,-1.5697549536424282,normal,2026-07-06 02:38:36.915579
20,1,4023,1,2,4,4,1.1994680434220497,-1.3844865905408872,-1.5697549536424282,normal,2026-07-06 02:51:36.915579
13,2,681,3,1,3,1,-1.1743367980468775,-1.2411319021141884,-1.5697549536424282,normal,2026-07-06 03:07:36.915579
0,2,153,3,2,4,0,0.27224858462237944,-1.2411319021141884,-1.5697549536424282,normal,2026-07-06 03:09:36.915579
33,0,4971,0,3,4,1,-0.20724892092958458,-1.2411319021141884,-1.5697549536424282,normal,2026-07-06 03:30:36.915579
48,1,814,0,1,4,1,-0.2830834967555347,-1.2411319021141884,-1.5697549536424282,normal,2026-07-06 03:31:36.915579
27,1,4076,3,1,3,4,-0.12606075084063653,-1.2411319021141884,-1.5697549536424282,normal,2026-07-06 03:40:36.915579
15,0,799,0,0,3,0,0.5820073564498466,-1.2411319021141884,-1.5697549536424282,normal,2026-07-06 03:44:36.915579
16,0,4686,2,0,4,1,-0.718896826499014,-1.2411319021141884,-1.5697549536424282,normal,2026-07-06 03:48:36.915579
19,2,577,1,3,3,0,1.4609675750439286,-1.0977772136874897,-1.5697549536424282,normal,2026-07-06 04:14:36.915579
34,2,1754,0,0,4,0,0.4394691106325035,-1.0977772136874897,-1.5697549536424282,normal,2026-07-06 04:15:36.915579
5,2,3545,0,3,4,4,-0.8081009707627202,-1.0977772136874897,-1.5697549536424282,normal,2026-07-06 04:24:36.915579
7,0,4107,2,1,3,1,1.3569040829694594,-1.0977772136874897,-1.5697549536424282,normal,2026-07-06 04:31:36.915579
44,1,4488,3,0,4,1,-1.4008601545824908,-1.0977772136874897,-1.5697549536424282,normal,2026-07-06 04:33:36.915579
19,1,3221,3,1,4,4,-1.6259898465433562,-1.0977772136874897,-1.5697549536424282,normal,2026-07-06 04:44:36.915579
38,0,4325,2,0,3,4,1.3677650551726688,-1.0977772136874897,-1.5697549536424282,normal,2026-07-06 04:55:36.915579
35,1,3420,2,3,4,4,-1.3083496612586925,-1.0977772136874897,-1.5697549536424282,normal,2026-07-06 04:58:36.915579
49,1,4235,3,2,4,0,-1.5693974533287565,-0.954422525260791,-1.5697549536424282,normal,2026-07-06 05:07:36.915579
15,1,1226,0,2,4,1,-0.33688856082063845,-0.954422525260791,-1.5697549536424282,normal,2026-07-06 05:26:36.915579
26,2,3846,2,0,4,1,0.13518888230577,-0.954422525260791,-1.5697549536424282,normal,2026-07-06 05:31:36.915579
43,2,1015,1,0,4,1,-0.37410421070632627,-0.954422525260791,-1.5697549536424282,normal,2026-07-06 05:46:36.915579
50,0,4900,1,3,4,1,0.3127994180076372,-0.954422525260791,-1.5697549536424282,normal,2026-07-06 05:47:36.915579
24,1,4412,2,3,4,0,-0.6605839783955871,-0.954422525260791,-1.5697549536424282,normal,2026-07-06 05:50:36.915579
27,1,4830,3,3,3,1,0.7011512603710731,-0.954422525260791,-1.5697549536424282,normal,2026-07-06 05:53:36.915579
47,1,3920,2,3,3,1,1.1410398575607126,-0.954422525260791,-1.5697549536424282,normal,2026-07-06 05:54:36.915579
7,0,2013,2,2,3,1,1.3926107305224893,-0.8110678368340922,-1.5697549536424282,normal,2026-07-06 06:00:36.915579
44,2,4146,1,1,3,0,-0.25910285459004095,-0.8110678368340922,-1.5697549536424282,normal,2026-07-06 06:06:36.915579
42,2,3924,1,2,3,0,1.1256134324402245,-0.8110678368340922,-1.5697549536424282,normal,2026-07-06 06:06:36.915579
13,0,4388,1,3,4,0,-0.6385736895943924,-0.8110678368340922,-1.5697549536424282,normal,2026-07-06 06:08:36.915579
17,1,1192,3,3,3,0,-0.512163506924824,-0.8110678368340922,-1.5697549536424282,normal,2026-07-06 06:20:36.915579
40,2,3885,0,3,4,4,1.352473190769743,-0.8110678368340922,-1.5697549536424282,normal,2026-07-06 06:21:36.915579
36,2,733,2,2,4,0,1.131918563205982,-0.8110678368340922,-1.5697549536424282,normal,2026-07-06 06:27:36.915579
19,0,3801,3,2,4,0,1.3883816793991155,-0.8110678368340922,-1.5697549536424282,normal,2026-07-06 06:29:36.915579
44,0,811,0,0,4,4,0.023878334442610696,-0.8110678368340922,-1.5697549536424282,normal,2026-07-06 06:33:36.915579
7,2,1153,2,1,4,0,-0.9412295778305573,-0.8110678368340922,-1.5697549536424282,normal,2026-07-06 06:41:36.915579
44,2,1631,3,1,3,1,0.09409019457043892,-0.8110678368340922,-1.5697549536424282,normal,2026-07-06 06:49:36.915579
40,1,4817,2,2,3,0,1.7324438227250385,-0.8110678368340922,-1.5697549536424282,normal,2026-07-06 06:56:36.915579
12,0,889,2,0,3,4,-1.2959316293236955,-0.6677131484073935,-1.5697549536424282,normal,2026-07-06 07:52:36.915579
0,1,3526,1,0,3,4,0.5575365288132346,-0.6677131484073935,-1.5697549536424282,normal,2026-07-06 07:53:36.915579
1,1,377,0,1,4,0,1.0326319766049596,-0.5243584599806946,-1.5697549536424282,normal,2026-07-06 08:04:36.915579
37,2,84,3,3,3,4,-1.6111112757729418,-0.5243584599806946,-1.5697549536424282,normal,2026-07-06 08:06:36.915579
9,2,2342,1,0,4,4,0.6800636736331599,-0.5243584599806946,-1.5697549536424282,normal,2026-07-06 08:28:36.915579
46,1,3222,2,3,4,1,0.13552528409967463,-0.5243584599806946,-1.5697549536424282,normal,2026-07-06 08:28:36.915579
2,0,4662,1,1,4,1,1.524653240370005,-0.5243584599806946,-1.5697549536424282,normal,2026-07-06 08:41:36.915579
5,2,1445,3,0,3,0,0.9800571819575649,-0.3810037715539959,-1.5697549536424282,normal,2026-07-06 09:05:36.915579
13,1,602,2,0,3,0,-0.2705116811433238,-0.3810037715539959,-1.5697549536424282,normal,2026-07-06 09:06:36.915579
34,2,4151,0,1,3,1,-1.4845569209059857,-0.3810037715539959,-1.5697549536424282,normal,2026-07-06 09:07:36.915579
49,0,1040,1,3,3,0,0.23868529707051403,-0.3810037715539959,-1.5697549536424282,normal,2026-07-06 09:15:36.915579
24,1,1270,1,3,4,4,-0.139987785108292,-0.3810037715539959,-1.5697549536424282,normal,2026-07-06 09:16:36.915579
28,0,734,2,2,3,1,-0.16946619373417152,-0.3810037715539959,-1.5697549536424282,normal,2026-07-06 09:28:36.915579
24,0,941,3,0,4,4,0.8953031528532265,-0.3810037715539959,-1.5697549536424282,normal,2026-07-06 09:35:36.915579
14,0,736,3,1,4,1,-1.149135497943501,-0.3810037715539959,-1.5697549536424282,normal,2026-07-06 09:43:36.915579
48,0,4163,1,0,3,4,-1.6231736829543826,-0.3810037715539959,-1.5697549536424282,normal,2026-07-06 09:53:36.915579
20,2,3987,0,1,3,0,0.8405657752450156,-0.23764908312729716,-1.5697549536424282,normal,2026-07-06 10:03:36.915579
17,0,1775,2,0,4,4,-0.6317783733575171,-0.23764908312729716,-1.5697549536424282,normal,2026-07-06 10:10:36.915579
23,1,3653,0,2,3,0,0.39140210002343157,-0.23764908312729716,-1.5697549536424282,normal,2026-07-06 10:29:36.915579
21,1,850,2,1,3,0,0.13634225988487195,-0.23764908312729716,-1.5697549536424282,normal,2026-07-06 10:38:36.915579
29,0,3730,2,1,3,4,1.1590037133552247,-0.23764908312729716,-1.5697549536424282,normal,2026-07-06 10:38:36.915579
30,1,4800,0,2,3,4,0.5379194984886765,-0.23764908312729716,-1.5697549536424282,normal,2026-07-06 10:44:36.915579
18,2,4377,3,3,3,0,0.8274172708432537,-0.23764908312729716,-1.5697549536424282,normal,2026-07-06 10:46:36.915579
19,2,4369,2,3,4,4,0.3172110872477017,-0.23764908312729716,-1.5697549536424282,normal,2026-07-06 10:55:36.915579
50,1,1185,0,2,4,4,-0.5730041742224493,-0.09429439470059839,-1.5697549536424282,normal,2026-07-06 11:07:36.915579
38,0,3358,0,1,3,1,0.04300517929605043,-0.09429439470059839,-1.5697549536424282,normal,2026-07-06 11:23:36.915579
3,0,1755,0,3,4,4,1.6909030069177184,-0.09429439470059839,-1.5697549536424282,normal,2026-07-06 11:31:36.915579
41,1,2783,1,2,3,1,1.5400604425308415,-0.09429439470059839,-1.5697549536424282,normal,2026-07-06 11:41:36.915579
21,2,4465,3,2,4,4,1.4764612805231974,-0.09429439470059839,-1.5697549536424282,normal,2026-07-06 11:41:36.915579
37,2,224,3,2,3,0,-1.1598811323888003,-0.09429439470059839,-1.5697549536424282,normal,2026-07-06 11:44:36.915579
2,0,3634,2,1,4,1,0.27394020507172867,-0.09429439470059839,-1.5697549536424282,normal,2026-07-06 11:46:36.915579
16,0,374,2,2,4,4,0.007538818738667088,-0.09429439470059839,-1.5697549536424282,normal,2026-07-06 11:54:36.915579
17,2,2492,0,3,3,0,0.5514044046843432,0.04906029372610037,-1.5697549536424282,normal,2026-07-06 12:05:36.915579
22,0,2730,2,1,4,0,-1.5773845930640369,0.04906029372610037,-1.5697549536424282,normal,2026-07-06 12:19:36.915579
13,1,4155,3,1,3,4,-0.7132164419219372,0.04906029372610037,-1.5697549536424282,normal,2026-07-06 12:22:36.915579
35,0,2852,0,2,3,1,1.6342529448241634,0.04906029372610037,-1.5697549536424282,normal,2026-07-06 12:34:36.915579
37,1,3717,1,0,3,4,0.273920982112077,0.04906029372610037,-1.5697549536424282,normal,2026-07-06 12:34:36.915579
41,1,1580,3,3,4,1,-1.1696271729322114,0.04906029372610037,-1.5697549536424282,normal,2026-07-06 12:40:36.915579
42,1,4129,0,1,3,0,-1.0001863950823162,0.04906029372610037,-1.5697549536424282,normal,2026-07-06 12:51:36.915579
42,1,4953,3,1,4,0,0.06434266450943565,0.04906029372610037,-1.5697549536424282,normal,2026-07-06 12:53:36.915579
13,1,3016,2,1,3,0,-0.597744123294185,0.19241498215279915,-1.5697549536424282,normal,2026-07-06 13:02:36.915579
47,1,3579,0,0,4,4,-0.7453091730604476,0.19241498215279915,-1.5697549536424282,normal,2026-07-06 13:11:36.915579
29,2,2339,1,2,3,1,1.005287316500419,0.19241498215279915,-1.5697549536424282,normal,2026-07-06 13:19:36.915579
17,2,3435,2,2,4,4,-1.1143419409739268,0.19241498215279915,-1.5697549536424282,normal,2026-07-06 13:23:36.915579
25,0,2140,2,0,3,1,0.8301277081541433,0.19241498215279915,-1.5697549536424282,normal,2026-07-06 13:26:36.915579
16,1,79,2,2,3,0,-0.3444239610041041,0.19241498215279915,-1.5697549536424282,normal,2026-07-06 13:30:36.915579
20,1,1403,0,0,4,4,0.18199678905765557,0.19241498215279915,-1.5697549536424282,normal,2026-07-06 13:45:36.915579
13,2,1517,2,0,3,0,0.6213952007761766,0.19241498215279915,-1.5697549536424282,normal,2026-07-06 13:46:36.915579
47,2,1819,0,2,3,1,0.30415869764419856,0.19241498215279915,-1.5697549536424282,normal,2026-07-06 13:51:36.915579
7,1,4551,3,3,4,0,-0.25325907485592475,0.3357696705794979,-1.5697549536424282,normal,2026-07-06 14:08:36.915579
3,2,29,3,3,3,0,0.4309629509866266,0.3357696705794979,-1.5697549536424282,normal,2026-07-06 14:11:36.915579
36,1,2534,2,1,4,0,1.524855081446348,0.3357696705794979,-1.5697549536424282,normal,2026-07-06 14:15:36.915579
49,0,3072,2,0,3,4,1.2206805793976991,0.3357696705794979,-1.5697549536424282,normal,2026-07-06 14:26:36.915579
12,0,2144,2,3,4,0,0.6172814874107133,0.3357696705794979,-1.5697549536424282,normal,2026-07-06 14:35:36.915579
22,2,1777,0,1,3,0,-0.46667237290907987,0.3357696705794979,-1.5697549536424282,normal,2026-07-06 14:41:36.915579
33,0,76,1,3,4,0,0.37100653983297976,0.3357696705794979,-1.5697549536424282,normal,2026-07-06 14:43:36.915579
36,0,2968,2,3,4,4,1.587666102108272,0.47912435900619665,-1.5697549536424282,normal,2026-07-06 15:30:36.915579
25,0,504,2,1,3,1,-0.3714994996735213,0.6224790474328954,-1.5697549536424282,normal,2026-07-06 16:16:36.915579
17,0,4697,0,3,3,1,-0.05618529250671294,0.6224790474328954,-1.5697549536424282,normal,2026-07-06 16:27:36.915579
38,1,1522,1,1,3,1,-1.698220117434613,0.6224790474328954,-1.5697549536424282,normal,2026-07-06 16:29:36.915579
3,1,661,3,0,3,4,0.8499754139945219,0.6224790474328954,-1.5697549536424282,normal,2026-07-06 16:49:36.915579
12,2,4265,2,3,4,0,-0.15865327893009118,0.7658337358595942,-1.5697549536424282,normal,2026-07-06 17:06:36.915579
13,0,4810,0,3,3,1,-0.26787813567104113,0.7658337358595942,-1.5697549536424282,normal,2026-07-06 17:06:36.915579
46,2,4271,3,2,3,4,-0.8835799218351139,0.7658337358595942,-1.5697549536424282,normal,2026-07-06 17:07:36.915579
42,0,2040,2,0,4,4,-1.1185613806174746,0.7658337358595942,-1.5697549536424282,normal,2026-07-06 17:07:36.915579
3,2,4946,3,1,3,4,-0.7461261488456448,0.7658337358595942,-1.5697549536424282,normal,2026-07-06 17:13:36.915579
19,2,2508,2,2,4,0,1.441033365885117,0.7658337358595942,-1.5697549536424282,normal,2026-07-06 17:19:36.915579
38,0,1589,0,1,4,1,-1.2693654990850483,0.7658337358595942,-1.5697549536424282,normal,2026-07-06 17:37:36.915579
28,1,676,0,3,4,1,-1.3255542101469626,0.7658337358595942,-1.5697549536424282,normal,2026-07-06 17:43:36.915579
15,2,1358,3,1,4,0,-1.04188099456685,0.7658337358595942,-1.5697549536424282,normal,2026-07-06 17:43:36.915579
0,0,3993,2,0,3,1,-1.0640354555654323,0.7658337358595942,-1.5697549536424282,normal,2026-07-06 17:43:36.915579
11,2,4326,2,1,4,0,0.790326570195302,0.7658337358595942,-1.5697549536424282,normal,2026-07-06 17:59:36.915579
31,0,1287,1,2,4,1,1.7211599454094917,0.909188424286293,-1.5697549536424282,normal,2026-07-06 18:08:36.915579
26,0,3281,3,3,4,4,0.7459407563595302,0.909188424286293,-1.5697549536424282,normal,2026-07-06 18:13:36.915579
12,2,4905,3,1,3,4,0.4268107917018601,0.909188424286293,-1.5697549536424282,normal,2026-07-06 18:13:36.915579
42,0,1057,2,3,3,1,1.2909693313641342,0.909188424286293,-1.5697549536424282,normal,2026-07-06 18:41:36.915579
27,1,4681,3,3,3,0,1.6915661990257023,0.909188424286293,-1.5697549536424282,normal,2026-07-06 18:44:36.915579
24,0,3113,0,3,3,4,-1.3959679113511336,0.909188424286293,-1.5697549536424282,normal,2026-07-06 18:55:36.915579
29,2,3908,0,2,3,4,-1.5295482579707855,1.0525431127129916,-1.5697549536424282,normal,2026-07-06 19:01:36.915579
39,2,2436,0,1,3,1,-0.16406454207204416,1.0525431127129916,-1.5697549536424282,normal,2026-07-06 19:08:36.915579
23,2,36,2,0,3,1,0.5543166830715751,1.0525431127129916,-1.5697549536424282,normal,2026-07-06 19:28:36.915579
3,0,3164,1,3,3,1,0.47356102957479035,1.0525431127129916,-1.5697549536424282,normal,2026-07-06 19:31:36.915579
29,1,2138,2,1,4,4,0.6265853998821352,1.0525431127129916,-1.5697549536424282,normal,2026-07-06 19:59:36.915579
17,1,3269,0,0,3,4,0.46424750562354244,1.1958978011396906,-1.5697549536424282,normal,2026-07-06 20:08:36.915579
25,2,4606,1,3,3,4,-1.0651215527857532,1.1958978011396906,-1.5697549536424282,normal,2026-07-06 20:13:36.915579
35,2,4411,0,3,3,4,0.3601359561499444,1.1958978011396906,-1.5697549536424282,normal,2026-07-06 20:15:36.915579
6,2,288,0,1,4,0,-0.4839634251157826,1.1958978011396906,-1.5697549536424282,normal,2026-07-06 20:25:36.915579
9,2,904,2,1,4,0,-1.5044719071051451,1.1958978011396906,-1.5697549536424282,normal,2026-07-06 20:33:36.915579
6,2,731,0,0,4,0,1.655821105553369,1.1958978011396906,-1.5697549536424282,normal,2026-07-06 20:37:36.915579
49,2,1588,2,1,4,4,-1.1831409135673552,1.1958978011396906,-1.5697549536424282,normal,2026-07-06 20:46:36.915579
14,0,3572,3,3,4,1,-0.1917744384099675,1.1958978011396906,-1.5697549536424282,normal,2026-07-06 20:49:36.915579
29,2,844,2,3,4,1,-1.0698311779004193,1.1958978011396906,-1.5697549536424282,normal,2026-07-06 20:58:36.915579
12,2,1245,3,3,3,1,-0.9339921335216929,1.3392524895663893,-1.5697549536424282,normal,2026-07-06 21:11:36.915579
36,0,511,1,3,3,1,-0.46351980752620137,1.3392524895663893,-1.5697549536424282,normal,2026-07-06 21:13:36.915579
42,2,848,2,3,3,4,-0.3267484496043674,1.3392524895663893,-1.5697549536424282,normal,2026-07-06 21:40:36.915579
15,0,2529,1,2,3,1,-1.610005955592969,1.3392524895663893,-1.5697549536424282,normal,2026-07-06 21:41:36.915579
3,1,217,1,0,4,4,-0.671733294993572,1.3392524895663893,-1.5697549536424282,normal,2026-07-06 21:46:36.915579
16,1,3517,1,2,3,4,-1.6607449575936268,1.3392524895663893,-1.5697549536424282,normal,2026-07-06 21:48:36.915579
37,1,2513,3,0,4,1,-1.0114318264785598,1.3392524895663893,-1.5697549536424282,normal,2026-07-06 21:48:36.915579
14,0,4486,1,2,3,1,0.7324750731235157,1.482607177993088,-1.5697549536424282,normal,2026-07-06 22:11:36.915579
0,1,717,1,2,3,0,-1.5877938257154318,1.482607177993088,-1.5697549536424282,normal,2026-07-06 22:15:36.915579
16,2,2822,2,3,3,4,-1.1482320188398711,1.482607177993088,-1.5697549536424282,normal,2026-07-06 22:17:36.915579
24,1,2945,0,0,4,0,1.574411871428426,1.482607177993088,-1.5697549536424282,normal,2026-07-06 22:21:36.915579
33,0,4715,0,1,4,0,0.5332675422529654,1.482607177993088,-1.5697549536424282,normal,2026-07-06 22:22:36.915579
10,2,2259,0,3,4,0,-1.3172883374967324,1.482607177993088,-1.5697549536424282,normal,2026-07-06 22:48:36.915579
36,0,2230,1,2,4,0,-0.43749192015780164,1.482607177993088,-1.5697549536424282,normal,2026-07-06 22:56:36.915579
17,2,2985,1,2,4,4,-0.18021182817947096,1.6259618664197868,-1.5697549536424282,normal,2026-07-06 23:04:36.915579
44,0,3677,2,1,4,0,-0.3618495739283686,1.6259618664197868,-1.5697549536424282,normal,2026-07-06 23:04:36.915579
9,0,4083,3,2,4,1,-0.27128059952939193,1.6259618664197868,-1.5697549536424282,normal,2026-07-06 23:09:36.915579
19,0,2830,3,0,3,4,1.628976242399772,1.6259618664197868,-1.5697549536424282,normal,2026-07-06 23:12:36.915579
49,2,4043,3,3,3,1,-0.7835724742471532,1.6259618664197868,-1.5697549536424282,normal,2026-07-06 23:25:36.915579
28,0,1961,1,1,4,1,-0.13066464967721825,1.6259618664197868,-1.5697549536424282,normal,2026-07-06 23:38:36.915579
5,1,2770,2,3,4,4,-0.6553072759711959,1.6259618664197868,-1.5697549536424282,normal,2026-07-06 23:41:36.915579
33,0,3137,3,3,4,4,-0.4251796145008889,1.6259618664197868,-1.5697549536424282,normal,2026-07-06 23:42:36.915579
12,2,283,1,3,3,0,0.820833407162547,1.6259618664197868,-1.5697549536424282,normal,2026-07-06 23:58:36.915579
9,2,468,2,1,4,0,1.5041231194619915,-1.6711959673942849,-1.0743830697190815,normal,2026-07-07 00:02:36.915579
44,0,4092,0,3,3,1,-1.2669145717294568,-1.6711959673942849,-1.0743830697190815,normal,2026-07-07 00:11:36.915579
50,1,2651,3,2,3,1,-0.5378934384186222,-1.6711959673942849,-1.0743830697190815,normal,2026-07-07 00:20:36.915579
10,1,645,0,3,4,0,-0.47520736699443383,-1.6711959673942849,-1.0743830697190815,normal,2026-07-07 00:27:36.915579
17,1,827,3,3,4,4,-1.4848260423411095,-1.6711959673942849,-1.0743830697190815,normal,2026-07-07 00:44:36.915579
4,1,2829,3,2,3,0,-0.24108132991657374,-1.6711959673942849,-1.0743830697190815,normal,2026-07-07 00:44:36.915579
38,0,4699,0,1,3,0,-0.8031895045717113,-1.6711959673942849,-1.0743830697190815,normal,2026-07-07 00:50:36.915579
33,2,173,1,2,3,0,1.6676528372189894,-1.6711959673942849,-1.0743830697190815,normal,2026-07-07 00:53:36.915579
9,1,4753,2,0,4,4,0.3227376881475649,-1.527841278967586,-1.0743830697190815,normal,2026-07-07 01:01:36.915579
20,0,3674,2,1,4,1,-0.6757701165204287,-1.527841278967586,-1.0743830697190815,normal,2026-07-07 01:06:36.915579
50,2,4885,1,3,3,1,-0.3365137131074302,-1.527841278967586,-1.0743830697190815,normal,2026-07-07 01:08:36.915579
23,2,98,2,1,4,4,0.22215355177005341,-1.527841278967586,-1.0743830697190815,normal,2026-07-07 01:08:36.915579
42,0,1886,1,2,4,4,-1.315020028257832,-1.527841278967586,-1.0743830697190815,normal,2026-07-07 01:11:36.915579
1,1,1669,0,1,4,0,1.5056321217946496,-1.527841278967586,-1.0743830697190815,normal,2026-07-07 01:27:36.915579
50,1,2008,3,0,4,1,-0.6531735274498573,-1.527841278967586,-1.0743830697190815,normal,2026-07-07 01:29:36.915579
35,0,632,1,0,3,0,-0.946217935860173,-1.527841278967586,-1.0743830697190815,normal,2026-07-07 01:31:36.915579
29,0,715,1,3,3,4,-1.541562607753097,-1.527841278967586,-1.0743830697190815,normal,2026-07-07 01:31:36.915579
40,0,80,1,3,3,1,-1.0582781791497486,-1.527841278967586,-1.0743830697190815,normal,2026-07-07 01:36:36.915579
19,2,4395,1,3,3,1,-0.9261395545039741,-1.527841278967586,-1.0743830697190815,normal,2026-07-07 01:54:36.915579
34,1,4491,3,1,3,4,0.4880166952328675,-1.3844865905408872,-1.0743830697190815,normal,2026-07-07 02:08:36.915579
10,0,1581,3,0,4,0,-1.3936130987938007,-1.3844865905408872,-1.0743830697190815,normal,2026-07-07 02:17:36.915579
10,2,2192,2,1,3,0,-0.7654836692149051,-1.3844865905408872,-1.0743830697190815,normal,2026-07-07 02:19:36.915579
16,1,318,0,0,3,4,-0.48465545166324375,-1.3844865905408872,-1.0743830697190815,normal,2026-07-07 02:20:36.915579
18,1,4252,1,3,4,0,-0.6538751654771444,-1.3844865905408872,-1.0743830697190815,normal,2026-07-07 02:32:36.915579
34,2,1507,3,1,4,1,1.5665689038905335,-1.2411319021141884,-1.0743830697190815,normal,2026-07-07 03:18:36.915579
1,2,4025,0,0,4,0,-1.1933386936625814,-1.2411319021141884,-1.0743830697190815,normal,2026-07-07 03:39:36.915579
14,0,3380,0,2,3,1,-0.023352477421612276,-1.2411319021141884,-1.0743830697190815,normal,2026-07-07 03:39:36.915579
31,0,1419,0,0,4,1,-0.06310555798132439,-1.2411319021141884,-1.0743830697190815,normal,2026-07-07 03:40:36.915579
45,0,2198,2,1,4,1,0.44940738077243125,-1.2411319021141884,-1.0743830697190815,normal,2026-07-07 03:58:36.915579
35,1,3274,3,1,4,1,1.386690058949766,-1.0977772136874897,-1.0743830697190815,normal,2026-07-07 04:02:36.915579
24,1,1156,3,0,4,0,0.37564888458886486,-1.0977772136874897,-1.0743830697190815,normal,2026-07-07 04:13:36.915579
2,2,2194,3,1,3,0,0.2912408687582572,-1.0977772136874897,-1.0743830697190815,normal,2026-07-07 04:16:36.915579
48,2,600,2,3,4,1,1.1696051756031363,-1.0977772136874897,-1.0743830697190815,normal,2026-07-07 04:17:36.915579
43,2,500,2,3,4,0,1.1832630884356679,-1.0977772136874897,-1.0743830697190815,normal,2026-07-07 04:25:36.915579
17,1,860,1,1,4,1,1.4267603183437312,-1.0977772136874897,-1.0743830697190815,normal,2026-07-07 04:44:36.915579
33,1,2773,1,1,4,0,-1.6433577905886658,-1.0977772136874897,-1.0743830697190815,normal,2026-07-07 04:53:36.915579
49,1,777,3,3,3,4,-1.7084275090096648,-0.954422525260791,-1.0743830697190815,normal,2026-07-07 05:25:36.915579
25,2,1859,3,0,4,0,-0.9057632172731738,-0.954422525260791,-1.0743830697190815,normal,2026-07-07 05:30:36.915579
38,1,3347,0,1,4,1,-0.04889017931889349,-0.954422525260791,-1.0743830697190815,normal,2026-07-07 05:44:36.915579
42,0,3950,3,1,3,0,0.49020811263316133,-0.8110678368340922,-1.0743830697190815,normal,2026-07-07 06:12:36.915579
3,2,211,3,0,4,1,-0.10913493486731621,-0.8110678368340922,-1.0743830697190815,normal,2026-07-07 06:14:36.915579
38,0,1513,0,1,4,4,1.4213875011210813,-0.8110678368340922,-1.0743830697190815,normal,2026-07-07 06:30:36.915579
1,1,1364,0,0,3,1,1.3840276790380057,-0.8110678368340922,-1.0743830697190815,normal,2026-07-07 06:34:36.915579
21,2,2598,3,0,3,0,-0.7907426381972367,-0.8110678368340922,-1.0743830697190815,normal,2026-07-07 06:34:36.915579
16,0,1715,0,3,3,0,1.2156153295294765,-0.8110678368340922,-1.0743830697190815,normal,2026-07-07 06:38:36.915579
37,1,1215,2,2,3,0,-1.362500738597527,-0.6677131484073935,-1.0743830697190815,normal,2026-07-07 07:29:36.915579
38,2,1719,2,1,4,4,-1.405954238890191,-0.6677131484073935,-1.0743830697190815,normal,2026-07-07 07:30:36.915579
1,2,2792,2,2,3,4,-1.2231054466832363,-0.6677131484073935,-1.0743830697190815,normal,2026-07-07 07:37:36.915579
42,1,423,2,1,3,4,-0.37918868353420065,-0.5243584599806946,-1.0743830697190815,normal,2026-07-07 08:02:36.915579
17,0,3600,0,3,3,0,1.331126094076532,-0.5243584599806946,-1.0743830697190815,normal,2026-07-07 08:15:36.915579
2,0,3669,2,1,3,1,0.039746887635087685,-0.5243584599806946,-1.0743830697190815,normal,2026-07-07 08:39:36.915579
40,2,2870,0,0,4,1,1.5880313383416547,-0.5243584599806946,-1.0743830697190815,normal,2026-07-07 08:47:36.915579
0,2,4068,3,2,4,4,-1.6571022067396302,-0.5243584599806946,-1.0743830697190815,normal,2026-07-07 08:53:36.915579
34,0,1688,3,1,3,0,-0.9922665357058165,-0.5243584599806946,-1.0743830697190815,normal,2026-07-07 08:57:36.915579
21,2,3558,2,3,3,0,-0.3246435355225066,-0.3810037715539959,-1.0743830697190815,normal,2026-07-07 09:18:36.915579
41,2,3704,1,2,3,0,-1.6797564646891565,-0.3810037715539959,-1.0743830697190815,normal,2026-07-07 09:31:36.915579
45,0,4840,2,0,3,0,-0.1252822209747428,-0.3810037715539959,-1.0743830697190815,normal,2026-07-07 09:45:36.915579
41,0,642,1,3,4,0,0.6005671239935613,-0.3810037715539959,-1.0743830697190815,normal,2026-07-07 09:52:36.915579
48,0,4031,1,1,3,0,-0.7712793915498921,-0.23764908312729716,-1.0743830697190815,normal,2026-07-07 10:20:36.915579
14,1,1161,3,2,3,0,1.2170282170638762,-0.23764908312729716,-1.0743830697190815,normal,2026-07-07 10:39:36.915579
33,0,3729,3,2,4,1,-0.4703247352429025,-0.23764908312729716,-1.0743830697190815,normal,2026-07-07 10:41:36.915579
22,2,2037,2,2,3,1,0.2516319603959327,-0.23764908312729716,-1.0743830697190815,normal,2026-07-07 10:44:36.915579
19,2,3997,3,0,4,0,-0.29686635882580237,-0.09429439470059839,-1.0743830697190815,normal,2026-07-07 11:09:36.915579
41,0,4250,1,3,4,1,-0.26941597244317717,-0.09429439470059839,-1.0743830697190815,normal,2026-07-07 11:17:36.915579
17,2,3527,0,0,4,0,-0.5346735926769628,-0.09429439470059839,-1.0743830697190815,normal,2026-07-07 11:20:36.915579
16,2,1596,1,2,3,4,0.4382484526946207,-0.09429439470059839,-1.0743830697190815,normal,2026-07-07 11:39:36.915579
16,1,2124,1,2,4,0,1.2646146536816556,-0.09429439470059839,-1.0743830697190815,normal,2026-07-07 11:39:36.915579
26,2,3798,3,0,4,4,0.7734968690202398,-0.09429439470059839,-1.0743830697190815,normal,2026-07-07 11:45:36.915579
36,0,3890,1,1,3,4,-1.106172183121955,-0.09429439470059839,-1.0743830697190815,normal,2026-07-07 11:48:36.915579
14,0,2669,1,2,4,1,-0.2852556911961766,-0.09429439470059839,-1.0743830697190815,normal,2026-07-07 11:58:36.915579
25,2,1568,2,0,4,0,-0.7509799461576986,0.04906029372610037,-1.0743830697190815,normal,2026-07-07 12:00:36.915579
37,2,2673,0,1,3,1,-1.3957852932344428,0.04906029372610037,-1.0743830697190815,normal,2026-07-07 12:08:36.915579
0,1,3309,3,2,3,0,0.7640487843514302,0.04906029372610037,-1.0743830697190815,normal,2026-07-07 12:13:36.915579
6,2,2058,3,0,4,0,1.13574393217667,0.04906029372610037,-1.0743830697190815,normal,2026-07-07 12:13:36.915579
48,1,148,1,0,4,0,-0.3867817525966214,0.04906029372610037,-1.0743830697190815,normal,2026-07-07 12:16:36.915579
33,0,2643,2,1,3,1,-0.20105912792173766,0.04906029372610037,-1.0743830697190815,normal,2026-07-07 12:17:36.915579
13,1,1446,0,0,4,0,1.0053257624197223,0.04906029372610037,-1.0743830697190815,normal,2026-07-07 12:37:36.915579
16,1,2100,1,1,4,0,-0.36711666487293393,0.04906029372610037,-1.0743830697190815,normal,2026-07-07 12:58:36.915579
39,1,1490,0,1,3,1,0.700651463420129,0.19241498215279915,-1.0743830697190815,normal,2026-07-07 13:01:36.915579
48,0,1224,0,3,4,0,-0.9548009873446562,0.19241498215279915,-1.0743830697190815,normal,2026-07-07 13:10:36.915579
16,1,1203,1,3,4,4,0.0761167272961009,0.19241498215279915,-1.0743830697190815,normal,2026-07-07 13:15:36.915579
14,0,4624,3,0,3,1,-0.732160668658686,0.19241498215279915,-1.0743830697190815,normal,2026-07-07 13:16:36.915579
27,0,4684,1,0,4,1,-0.8823496524174052,0.19241498215279915,-1.0743830697190815,normal,2026-07-07 13:17:36.915579
12,2,3768,3,0,3,0,-0.48916323570156683,0.19241498215279915,-1.0743830697190815,normal,2026-07-07 13:45:36.915579
17,2,2626,2,2,3,0,1.7275996368928106,0.3357696705794979,-1.0743830697190815,normal,2026-07-07 14:08:36.915579
9,2,929,0,1,3,4,1.0913196724215948,0.3357696705794979,-1.0743830697190815,normal,2026-07-07 14:39:36.915579
23,2,2136,0,1,4,1,-1.0985214451805791,0.3357696705794979,-1.0743830697190815,normal,2026-07-07 14:47:36.915579
38,2,1105,3,0,4,4,-1.4329528857210014,0.3357696705794979,-1.0743830697190815,normal,2026-07-07 14:55:36.915579
46,1,2444,2,0,4,4,-0.05473395905300972,0.47912435900619665,-1.0743830697190815,normal,2026-07-07 15:01:36.915579
46,1,1981,2,0,4,0,-1.0358834311555198,0.47912435900619665,-1.0743830697190815,normal,2026-07-07 15:12:36.915579
33,2,4716,1,0,3,4,-1.4120575285796053,0.47912435900619665,-1.0743830697190815,normal,2026-07-07 15:29:36.915579
0,0,58,2,3,4,1,1.5472209950010989,0.47912435900619665,-1.0743830697190815,normal,2026-07-07 15:38:36.915579
41,2,3086,1,3,3,1,-0.828890601626032,0.47912435900619665,-1.0743830697190815,normal,2026-07-07 15:43:36.915579
50,2,4108,1,0,3,0,0.791729846249876,0.47912435900619665,-1.0743830697190815,normal,2026-07-07 15:45:36.915579
12,2,2866,2,2,4,4,-0.46633597111517505,0.6224790474328954,-1.0743830697190815,normal,2026-07-07 16:13:36.915579
21,0,3635,1,0,4,0,0.9268576411214893,0.6224790474328954,-1.0743830697190815,normal,2026-07-07 16:14:36.915579
45,1,1996,3,0,3,4,-0.004158352209391435,0.6224790474328954,-1.0743830697190815,normal,2026-07-07 16:19:36.915579
28,2,1008,3,1,4,4,1.2618561589716366,0.6224790474328954,-1.0743830697190815,normal,2026-07-07 16:27:36.915579
30,2,2804,2,1,4,4,0.27281566193210427,0.6224790474328954,-1.0743830697190815,normal,2026-07-07 16:44:36.915579
43,0,4774,3,0,4,1,-0.8737281550136186,0.6224790474328954,-1.0743830697190815,normal,2026-07-07 16:54:36.915579
43,0,4730,2,1,4,1,0.8864125340143161,0.7658337358595942,-1.0743830697190815,normal,2026-07-07 17:05:36.915579
38,1,3461,3,0,3,0,-0.14553360896780695,0.7658337358595942,-1.0743830697190815,normal,2026-07-07 17:28:36.915579
40,1,1510,2,0,3,4,-1.0690718709941773,0.909188424286293,-1.0743830697190815,normal,2026-07-07 18:00:36.915579
15,1,3925,1,3,3,4,-1.050214147575861,0.909188424286293,-1.0743830697190815,normal,2026-07-07 18:08:36.915579
39,2,710,3,0,4,1,0.5998462630066226,0.909188424286293,-1.0743830697190815,normal,2026-07-07 18:12:36.915579
27,2,1352,1,0,4,1,1.1137432548553008,0.909188424286293,-1.0743830697190815,normal,2026-07-07 18:12:36.915579
47,1,2633,3,1,3,4,0.6412621295762069,0.909188424286293,-1.0743830697190815,normal,2026-07-07 18:17:36.915579
49,0,1881,0,2,4,4,0.5612561715058385,0.909188424286293,-1.0743830697190815,normal,2026-07-07 18:28:36.915579
14,1,4811,2,2,4,4,-0.22751953188230042,0.909188424286293,-1.0743830697190815,normal,2026-07-07 18:40:36.915579
24,1,2326,2,3,4,1,-0.4795613673555435,1.0525431127129916,-1.0743830697190815,normal,2026-07-07 19:08:36.915579
8,0,3871,2,0,3,1,-1.0854786670569019,1.0525431127129916,-1.0743830697190815,normal,2026-07-07 19:46:36.915579
20,0,4506,2,3,4,4,0.23250511554249295,1.0525431127129916,-1.0743830697190815,normal,2026-07-07 19:47:36.915579
45,2,1348,1,0,3,0,-1.6158305123674337,1.0525431127129916,-1.0743830697190815,normal,2026-07-07 19:47:36.915579
5,2,2738,1,3,3,4,0.27455533978058333,1.0525431127129916,-1.0743830697190815,normal,2026-07-07 19:50:36.915579
25,2,3359,1,0,3,0,0.8159603868908418,1.1958978011396906,-1.0743830697190815,normal,2026-07-07 20:35:36.915579
7,1,788,3,0,3,1,-0.39185661394466975,1.1958978011396906,-1.0743830697190815,normal,2026-07-07 20:36:36.915579
48,2,4090,2,0,4,4,0.9607957763865628,1.1958978011396906,-1.0743830697190815,normal,2026-07-07 20:38:36.915579
15,2,4533,1,2,4,0,0.8156335965767628,1.1958978011396906,-1.0743830697190815,normal,2026-07-07 20:44:36.915579
28,2,1390,1,2,3,4,1.73885467976888,1.3392524895663893,-1.0743830697190815,normal,2026-07-07 21:27:36.915579
3,0,3790,2,0,3,0,0.8691310932874392,1.3392524895663893,-1.0743830697190815,normal,2026-07-07 21:55:36.915579
26,2,2382,1,0,4,4,0.407943456803718,1.482607177993088,-1.0743830697190815,normal,2026-07-07 22:03:36.915579
22,0,380,3,2,3,1,-1.4537040706650097,1.482607177993088,-1.0743830697190815,normal,2026-07-07 22:23:36.915579
19,2,3909,3,0,4,4,1.5640026387770316,1.482607177993088,-1.0743830697190815,normal,2026-07-07 22:31:36.915579
47,0,2587,2,1,3,1,0.3311381215153574,1.482607177993088,-1.0743830697190815,normal,2026-07-07 22:36:36.915579
25,0,859,1,2,3,4,0.5155055275347961,1.482607177993088,-1.0743830697190815,normal,2026-07-07 22:45:36.915579
22,2,1940,2,2,3,4,1.0037783141677605,1.482607177993088,-1.0743830697190815,normal,2026-07-07 22:50:36.915579
48,2,1765,0,3,3,0,-0.02270850827328031,1.482607177993088,-1.0743830697190815,normal,2026-07-07 22:57:36.915579
36,2,4741,3,1,3,1,-0.3875122250633859,1.6259618664197868,-1.0743830697190815,normal,2026-07-07 23:03:36.915579
14,2,3182,0,0,3,0,-1.1445027646674417,1.6259618664197868,-1.0743830697190815,normal,2026-07-07 23:06:36.915579
43,2,4908,2,1,4,0,1.1905101442243582,1.6259618664197868,-1.0743830697190815,normal,2026-07-07 23:08:36.915579
15,1,305,0,3,4,1,-0.13833461057824592,1.6259618664197868,-1.0743830697190815,normal,2026-07-07 23:09:36.915579
1,0,1708,3,2,4,4,0.034422127811567275,1.6259618664197868,-1.0743830697190815,normal,2026-07-07 23:17:36.915579
0,1,3344,1,0,3,0,1.1819751501390043,1.6259618664197868,-1.0743830697190815,normal,2026-07-07 23:48:36.915579
15,0,2796,3,0,3,0,-0.38713737735017795,1.6259618664197868,-1.0743830697190815,normal,2026-07-07 23:49:36.915579
39,0,2960,1,1,4,1,-0.39558586811709934,1.6259618664197868,-1.0743830697190815,normal,2026-07-07 23:58:36.915579
18,0,1737,0,1,4,1,0.6976815161539414,-1.6711959673942849,-0.5790111857957346,normal,2026-07-08 00:23:36.915579
22,2,1724,0,1,4,0,-1.1682815657565924,-1.6711959673942849,-0.5790111857957346,normal,2026-07-08 00:28:36.915579
46,2,313,2,3,3,1,-0.11691062204642812,-1.6711959673942849,-0.5790111857957346,normal,2026-07-08 00:30:36.915579
14,1,4303,2,3,3,0,0.5179372319307362,-1.6711959673942849,-0.5790111857957346,normal,2026-07-08 00:33:36.915579
33,2,1803,2,1,4,4,-0.08149231888817397,-1.6711959673942849,-0.5790111857957346,normal,2026-07-08 00:35:36.915579
13,0,2973,1,0,3,4,0.004616928871608972,-1.6711959673942849,-0.5790111857957346,normal,2026-07-08 00:43:36.915579
9,0,1564,3,2,3,0,0.26087820398839995,-1.6711959673942849,-0.5790111857957346,normal,2026-07-08 00:45:36.915579
6,2,2732,0,0,4,1,-1.5056637306035505,-1.6711959673942849,-0.5790111857957346,normal,2026-07-08 00:46:36.915579
47,0,1578,3,2,4,1,0.14290690060592687,-1.6711959673942849,-0.5790111857957346,normal,2026-07-08 00:49:36.915579
38,2,384,0,3,3,0,-1.5443211024631158,-1.6711959673942849,-0.5790111857957346,normal,2026-07-08 00:56:36.915579
5,0,3288,3,1,3,1,-1.6962593755501396,-1.6711959673942849,-0.5790111857957346,normal,2026-07-08 00:57:36.915579
45,1,1414,0,1,3,4,-0.6930227228078281,-1.6711959673942849,-0.5790111857957346,normal,2026-07-08 00:57:36.915579
3,2,4571,1,2,4,4,-0.879495042909128,-1.527841278967586,-0.5790111857957346,normal,2026-07-08 01:11:36.915579
44,0,1286,3,0,4,4,-1.1002707345088838,-1.527841278967586,-0.5790111857957346,normal,2026-07-08 01:21:36.915579
46,0,3066,3,2,3,0,1.508390616504668,-1.527841278967586,-0.5790111857957346,normal,2026-07-08 01:23:36.915579
5,1,2959,0,1,4,0,0.21013920198774194,-1.527841278967586,-0.5790111857957346,normal,2026-07-08 01:30:36.915579
12,0,2976,2,1,3,1,0.5646009664852341,-1.527841278967586,-0.5790111857957346,normal,2026-07-08 01:31:36.915579
4,2,3147,0,1,3,0,-0.18493106477396276,-1.527841278967586,-0.5790111857957346,normal,2026-07-08 01:34:36.915579
49,2,3533,2,1,3,4,-0.7225011314337074,-1.527841278967586,-0.5790111857957346,normal,2026-07-08 01:36:36.915579
26,2,3315,3,2,3,4,-0.692580594735839,-1.527841278967586,-0.5790111857957346,normal,2026-07-08 01:39:36.915579
37,1,837,0,2,4,0,0.20771710907162796,-1.527841278967586,-0.5790111857957346,normal,2026-07-08 01:51:36.915579
8,2,4323,0,0,3,0,-0.029571104868936722,-1.527841278967586,-0.5790111857957346,normal,2026-07-08 01:59:36.915579
24,0,4032,2,1,4,0,-0.8242001994710176,-1.3844865905408872,-0.5790111857957346,normal,2026-07-08 02:03:36.915579
17,1,1107,1,0,3,1,-1.2975848038537416,-1.3844865905408872,-0.5790111857957346,normal,2026-07-08 02:22:36.915579
0,1,3974,3,0,3,0,-0.757333134322585,-1.3844865905408872,-0.5790111857957346,normal,2026-07-08 02:32:36.915579
0,0,2530,2,2,3,4,-1.62574955954771,-1.3844865905408872,-0.5790111857957346,normal,2026-07-08 02:50:36.915579
23,1,3575,2,3,3,1,-0.13128939586589852,-1.3844865905408872,-0.5790111857957346,normal,2026-07-08 02:59:36.915579
29,2,3750,0,3,4,4,0.8691887621663943,-1.2411319021141884,-0.5790111857957346,normal,2026-07-08 03:08:36.915579
38,2,370,3,2,4,0,1.2408454640723305,-1.2411319021141884,-0.5790111857957346,normal,2026-07-08 03:10:36.915579
45,1,1208,0,2,3,0,-1.0853344948595143,-1.2411319021141884,-0.5790111857957346,normal,2026-07-08 03:24:36.915579
6,1,4135,3,3,3,0,0.3847797904234216,-1.2411319021141884,-0.5790111857957346,normal,2026-07-08 03:30:36.915579
21,1,460,1,0,3,1,-0.8897408804034832,-1.2411319021141884,-0.5790111857957346,normal,2026-07-08 03:36:36.915579
33,2,4919,3,2,4,4,-0.07641745754012563,-1.2411319021141884,-0.5790111857957346,normal,2026-07-08 03:39:36.915579
42,2,2962,1,0,3,0,0.1116599796920912,-1.2411319021141884,-0.5790111857957346,normal,2026-07-08 03:56:36.915579
20,2,61,0,2,4,0,-0.8558508025375391,-1.0977772136874897,-0.5790111857957346,normal,2026-07-08 04:17:36.915579
10,2,2237,3,1,4,0,0.13071954418675005,-1.0977772136874897,-0.5790111857957346,normal,2026-07-08 04:22:36.915579
11,0,3837,2,2,4,4,-0.04864028084342142,-1.0977772136874897,-0.5790111857957346,normal,2026-07-08 04:25:36.915579
30,1,3085,1,1,3,4,-0.3879735760950267,-1.0977772136874897,-0.5790111857957346,normal,2026-07-08 04:35:36.915579
44,1,3802,0,2,4,4,-0.33490859597651335,-1.0977772136874897,-0.5790111857957346,normal,2026-07-08 04:48:36.915579
48,0,1417,0,3,4,0,1.7370669445212719,-1.0977772136874897,-0.5790111857957346,normal,2026-07-08 04:50:36.915579
47,0,3664,2,0,3,1,0.41407558093260993,-1.0977772136874897,-0.5790111857957346,normal,2026-07-08 04:52:36.915579
17,1,228,3,2,3,4,-1.0886696783590837,-0.954422525260791,-0.5790111857957346,normal,2026-07-08 05:08:36.915579
6,1,2883,2,1,4,1,0.5799889456864183,-0.954422525260791,-0.5790111857957346,normal,2026-07-08 05:09:36.915579
22,1,822,1,2,3,0,-0.48291577381476486,-0.954422525260791,-0.5790111857957346,normal,2026-07-08 05:12:36.915579
33,1,764,3,3,4,4,-1.585419790198447,-0.954422525260791,-0.5790111857957346,normal,2026-07-08 05:16:36.915579
0,2,4780,2,0,4,1,-0.8593205467546706,-0.954422525260791,-0.5790111857957346,normal,2026-07-08 05:34:36.915579
4,0,2714,2,3,3,1,0.9851224318257874,-0.954422525260791,-0.5790111857957346,normal,2026-07-08 05:35:36.915579
10,2,469,1,0,4,0,-1.5952331111006388,-0.954422525260791,-0.5790111857957346,normal,2026-07-08 05:44:36.915579
3,2,1457,2,3,4,1,0.5616790766181755,-0.954422525260791,-0.5790111857957346,normal,2026-07-08 05:46:36.915579
8,2,581,0,2,3,0,0.468937907778557,-0.8110678368340922,-0.5790111857957346,normal,2026-07-08 06:14:36.915579
14,0,1722,1,0,4,0,-1.1688005856671884,-0.8110678368340922,-0.5790111857957346,normal,2026-07-08 06:14:36.915579
31,0,3415,0,0,4,4,-0.05780002111745566,-0.8110678368340922,-0.5790111857957346,normal,2026-07-08 06:45:36.915579
6,1,3567,2,2,4,0,-0.6357479145255927,-0.8110678368340922,-0.5790111857957346,normal,2026-07-08 06:48:36.915579
3,0,4896,1,2,3,4,1.2126261593036374,-0.6677131484073935,-0.5790111857957346,normal,2026-07-08 07:14:36.915579
45,2,3745,3,0,4,0,0.6902133963292566,-0.6677131484073935,-0.5790111857957346,normal,2026-07-08 07:18:36.915579
12,0,3088,3,2,4,4,1.4082101622798422,-0.6677131484073935,-0.5790111857957346,normal,2026-07-08 07:24:36.915579
9,1,1608,3,1,4,1,-0.11686256464729892,-0.6677131484073935,-0.5790111857957346,normal,2026-07-08 07:35:36.915579
17,0,3696,2,1,3,0,1.197555358936706,-0.6677131484073935,-0.5790111857957346,normal,2026-07-08 07:41:36.915579
13,1,4415,0,3,4,0,0.1198777949431922,-0.6677131484073935,-0.5790111857957346,normal,2026-07-08 07:45:36.915579
37,2,1845,2,3,3,1,0.0693694684583548,-0.6677131484073935,-0.5790111857957346,normal,2026-07-08 07:59:36.915579
12,1,1283,3,0,3,1,-0.7906176889595007,-0.5243584599806946,-0.5790111857957346,normal,2026-07-08 08:00:36.915579
26,0,735,0,2,4,4,-1.6686840399297784,-0.5243584599806946,-0.5790111857957346,normal,2026-07-08 08:04:36.915579
0,2,1305,0,3,4,1,1.476096044289815,-0.5243584599806946,-0.5790111857957346,normal,2026-07-08 08:10:36.915579
36,2,1740,1,2,3,1,-0.2507793130608555,-0.5243584599806946,-0.5790111857957346,normal,2026-07-08 08:12:36.915579
4,0,4519,2,3,3,4,0.0708880822708389,-0.5243584599806946,-0.5790111857957346,normal,2026-07-08 08:26:36.915579
46,2,760,1,3,3,1,-1.1366213512102452,-0.5243584599806946,-0.5790111857957346,normal,2026-07-08 08:30:36.915579
24,1,3024,3,1,4,4,-1.4317322277831186,-0.5243584599806946,-0.5790111857957346,normal,2026-07-08 08:53:36.915579
15,1,4851,3,3,4,1,0.45493398167229454,-0.3810037715539959,-0.5790111857957346,normal,2026-07-08 09:00:36.915579
5,2,1585,1,0,3,1,1.045107677418912,-0.3810037715539959,-0.5790111857957346,normal,2026-07-08 09:02:36.915579
17,1,1042,1,0,4,4,-1.6463757952539824,-0.3810037715539959,-0.5790111857957346,normal,2026-07-08 09:11:36.915579
29,2,1382,1,2,3,1,0.8747730319452126,-0.3810037715539959,-0.5790111857957346,normal,2026-07-08 09:14:36.915579
47,1,54,3,1,3,0,-1.2565533964771913,-0.3810037715539959,-0.5790111857957346,normal,2026-07-08 09:35:36.915579
7,1,803,1,2,4,0,-0.8094081320190357,-0.3810037715539959,-0.5790111857957346,normal,2026-07-08 09:47:36.915579
0,0,739,1,0,3,1,0.006116319724441391,-0.23764908312729716,-0.5790111857957346,normal,2026-07-08 10:06:36.915579
40,2,3456,1,1,3,0,-0.8794469855099988,-0.23764908312729716,-0.5790111857957346,normal,2026-07-08 10:11:36.915579
49,1,1029,1,0,4,1,-1.568916879337464,-0.23764908312729716,-0.5790111857957346,normal,2026-07-08 10:27:36.915579
7,2,3148,0,1,4,4,0.8556269641321214,-0.23764908312729716,-0.5790111857957346,normal,2026-07-08 10:57:36.915579
29,0,255,2,1,4,4,0.5908018604904987,-0.09429439470059839,-0.5790111857957346,normal,2026-07-08 11:03:36.915579
40,0,3191,2,0,4,1,1.3896407832563018,-0.09429439470059839,-0.5790111857957346,normal,2026-07-08 11:09:36.915579
24,0,144,0,0,3,0,-0.16709215821718673,-0.09429439470059839,-0.5790111857957346,normal,2026-07-08 11:10:36.915579
13,2,4341,0,1,3,1,1.4305856873144192,-0.09429439470059839,-0.5790111857957346,normal,2026-07-08 11:20:36.915579
47,1,3236,3,1,4,0,-1.1903879693560455,-0.09429439470059839,-0.5790111857957346,normal,2026-07-08 11:31:36.915579
16,1,884,1,2,4,1,-1.319662373013717,0.04906029372610037,-0.5790111857957346,normal,2026-07-08 12:01:36.915579
5,1,3446,0,3,4,4,-0.7834475250094172,0.04906029372610037,-0.5790111857957346,normal,2026-07-08 12:05:36.915579
5,0,2247,2,3,4,4,-0.700413950793906,0.04906029372610037,-0.5790111857957346,normal,2026-07-08 12:20:36.915579
35,0,1263,3,2,3,1,1.7109717767940913,0.04906029372610037,-0.5790111857957346,normal,2026-07-08 12:20:36.915579
23,1,2164,1,0,3,4,-1.6575635577712708,0.04906029372610037,-0.5790111857957346,normal,2026-07-08 12:29:36.915579
15,1,2426,2,1,3,4,0.07955763707375506,0.04906029372610037,-0.5790111857957346,normal,2026-07-08 12:32:36.915579
24,0,4876,1,2,4,1,0.573972159315437,0.19241498215279915,-0.5790111857957346,normal,2026-07-08 13:02:36.915579
48,1,1393,1,0,4,4,1.0155715999140775,0.19241498215279915,-0.5790111857957346,normal,2026-07-08 13:05:36.915579
46,1,1776,1,0,3,4,-1.6511527007274294,0.19241498215279915,-0.5790111857957346,normal,2026-07-08 13:05:36.915579
16,1,3448,2,3,4,4,1.5340724905993375,0.19241498215279915,-0.5790111857957346,normal,2026-07-08 13:17:36.915579
29,0,3144,0,3,4,0,0.38020472602631716,0.19241498215279915,-0.5790111857957346,normal,2026-07-08 13:32:36.915579
12,0,4406,0,3,3,1,-0.5832596231966304,0.19241498215279915,-0.5790111857957346,normal,2026-07-08 13:34:36.915579
48,0,1907,0,3,4,0,0.22204782549196916,0.19241498215279915,-0.5790111857957346,normal,2026-07-08 13:39:36.915579
9,2,227,0,1,4,0,-1.475925812022373,0.3357696705794979,-0.5790111857957346,normal,2026-07-08 14:01:36.915579
50,1,2540,2,0,4,1,-0.6818926291694946,0.3357696705794979,-0.5790111857957346,normal,2026-07-08 14:02:36.915579
48,1,1717,1,0,3,4,-1.620588194881229,0.3357696705794979,-0.5790111857957346,normal,2026-07-08 14:32:36.915579
14,0,996,2,2,3,0,-1.2615225315471554,0.3357696705794979,-0.5790111857957346,normal,2026-07-08 14:38:36.915579
10,1,4454,1,3,3,4,0.8894017042401553,0.3357696705794979,-0.5790111857957346,normal,2026-07-08 14:43:36.915579
49,1,3480,3,2,3,4,-0.7552282202407239,0.3357696705794979,-0.5790111857957346,normal,2026-07-08 14:43:36.915579
49,2,727,0,3,4,4,-1.4612875282476048,0.3357696705794979,-0.5790111857957346,normal,2026-07-08 14:48:36.915579
13,2,3565,1,1,4,1,-1.3562052193115957,0.3357696705794979,-0.5790111857957346,normal,2026-07-08 14:58:36.915579
42,1,967,0,3,3,0,-1.5618524416654647,0.47912435900619665,-0.5790111857957346,normal,2026-07-08 15:13:36.915579
39,0,1595,3,2,3,1,-0.7414357466906303,0.47912435900619665,-0.5790111857957346,normal,2026-07-08 15:21:36.915579
36,1,2923,2,2,4,1,-0.42381478436561826,0.47912435900619665,-0.5790111857957346,normal,2026-07-08 15:21:36.915579
21,0,256,2,1,3,1,1.6261408558511465,0.47912435900619665,-0.5790111857957346,normal,2026-07-08 15:26:36.915579
35,0,737,0,3,3,1,-0.24943370588523672,0.47912435900619665,-0.5790111857957346,normal,2026-07-08 15:30:36.915579
21,2,1027,0,3,3,1,-0.19101513150372543,0.47912435900619665,-0.5790111857957346,normal,2026-07-08 15:42:36.915579
42,2,2690,2,3,4,1,-0.7435502722523172,0.47912435900619665,-0.5790111857957346,normal,2026-07-08 15:45:36.915579
13,2,3970,0,3,4,0,-0.6168421337081476,0.47912435900619665,-0.5790111857957346,normal,2026-07-08 15:55:36.915579
50,0,664,0,2,3,1,1.6210371600636209,0.6224790474328954,-0.5790111857957346,normal,2026-07-08 16:31:36.915579
25,1,1337,1,3,4,4,1.2878648233803849,0.6224790474328954,-0.5790111857957346,normal,2026-07-08 16:37:36.915579
24,2,230,3,3,3,0,-0.6361227622388009,0.6224790474328954,-0.5790111857957346,normal,2026-07-08 16:40:36.915579
1,0,1080,3,1,4,1,0.2898375927036832,0.6224790474328954,-0.5790111857957346,normal,2026-07-08 16:40:36.915579
16,0,3043,0,0,4,1,-1.312328813906594,0.6224790474328954,-0.5790111857957346,normal,2026-07-08 16:43:36.915579
39,1,831,2,2,3,1,0.7770531165558043,0.6224790474328954,-0.5790111857957346,normal,2026-07-08 16:45:36.915579
33,2,378,3,2,4,4,-1.3939302776280538,0.7658337358595942,-0.5790111857957346,normal,2026-07-08 17:02:36.915579
3,2,3944,1,0,3,1,-0.07445671565565222,0.7658337358595942,-0.5790111857957346,normal,2026-07-08 17:05:36.915579
42,0,624,1,2,4,0,-0.9006210755663444,0.7658337358595942,-0.5790111857957346,normal,2026-07-08 17:05:36.915579
13,2,4183,2,1,4,4,0.35790609283034724,0.7658337358595942,-0.5790111857957346,normal,2026-07-08 17:15:36.915579
34,2,1349,0,1,4,1,0.18330395031397095,0.7658337358595942,-0.5790111857957346,normal,2026-07-08 17:15:36.915579
49,2,2118,1,1,4,0,1.0101603367721241,0.7658337358595942,-0.5790111857957346,normal,2026-07-08 17:19:36.915579
11,2,168,2,1,3,4,-0.9819918637719837,0.7658337358595942,-0.5790111857957346,normal,2026-07-08 17:48:36.915579
30,1,3106,2,1,3,4,0.32073850034378837,0.7658337358595942,-0.5790111857957346,normal,2026-07-08 17:50:36.915579
17,1,2680,3,2,3,0,-1.0351721816484072,0.7658337358595942,-0.5790111857957346,normal,2026-07-08 17:53:36.915579
2,1,1637,3,0,4,4,-0.2053362364442406,0.7658337358595942,-0.5790111857957346,normal,2026-07-08 17:53:36.915579
5,2,751,2,3,4,0,-0.9302340449097858,0.909188424286293,-0.5790111857957346,normal,2026-07-08 18:11:36.915579
35,1,1727,2,3,3,4,-0.3310159466470445,0.909188424286293,-0.5790111857957346,normal,2026-07-08 18:22:36.915579
9,2,560,3,0,3,0,1.279560504810851,0.909188424286293,-0.5790111857957346,normal,2026-07-08 18:31:36.915579
36,0,231,0,1,3,0,-1.375870307035283,0.909188424286293,-0.5790111857957346,normal,2026-07-08 18:51:36.915579
10,2,1524,1,2,4,4,-1.7045829170793252,1.0525431127129916,-0.5790111857957346,normal,2026-07-08 19:19:36.915579
13,0,4130,2,1,4,1,0.3524948296883941,1.0525431127129916,-0.5790111857957346,normal,2026-07-08 19:26:36.915579
35,0,2042,1,0,4,4,-1.7038043872134312,1.0525431127129916,-0.5790111857957346,normal,2026-07-08 19:29:36.915579
1,1,1221,3,0,3,0,1.4217719603141155,1.0525431127129916,-0.5790111857957346,normal,2026-07-08 19:36:36.915579
21,1,1928,2,0,4,1,-1.356368614468635,1.0525431127129916,-0.5790111857957346,normal,2026-07-08 19:36:36.915579
40,1,1832,0,2,4,1,0.39298799419469677,1.0525431127129916,-0.5790111857957346,normal,2026-07-08 19:48:36.915579
9,1,3938,3,2,4,1,-1.445966829405201,1.0525431127129916,-0.5790111857957346,normal,2026-07-08 19:49:36.915579
31,2,3105,1,2,4,1,-0.2312968434538592,1.1958978011396906,-0.5790111857957346,normal,2026-07-08 20:01:36.915579
23,2,1870,2,2,3,4,0.8863356421757094,1.1958978011396906,-0.5790111857957346,normal,2026-07-08 20:20:36.915579
7,2,3279,3,1,3,0,-0.8902118429149498,1.1958978011396906,-0.5790111857957346,normal,2026-07-08 20:22:36.915579
38,1,3401,3,2,4,4,-0.5352695044261654,1.1958978011396906,-0.5790111857957346,normal,2026-07-08 20:24:36.915579
36,1,1552,0,1,4,4,0.375389374633567,1.1958978011396906,-0.5790111857957346,normal,2026-07-08 20:26:36.915579
17,2,3576,2,1,3,0,-0.4321479373746296,1.1958978011396906,-0.5790111857957346,normal,2026-07-08 20:45:36.915579
44,1,3722,2,0,3,0,-0.5471108475716115,1.3392524895663893,-0.5790111857957346,normal,2026-07-08 21:02:36.915579
44,2,4821,2,3,4,4,-1.103951931282184,1.3392524895663893,-0.5790111857957346,normal,2026-07-08 21:11:36.915579
28,2,492,2,0,4,0,-0.8032087275313631,1.3392524895663893,-0.5790111857957346,normal,2026-07-08 21:14:36.915579
17,0,466,3,0,3,0,0.5453107264747545,1.3392524895663893,-0.5790111857957346,normal,2026-07-08 21:15:36.915579
3,1,572,2,0,3,4,0.4183815238945904,1.3392524895663893,-0.5790111857957346,normal,2026-07-08 21:20:36.915579
0,0,1314,3,2,3,0,1.2945736362988276,1.3392524895663893,-0.5790111857957346,normal,2026-07-08 21:20:36.915579
47,1,791,0,3,4,4,0.10184665878989914,1.3392524895663893,-0.5790111857957346,normal,2026-07-08 21:20:36.915579
29,1,4625,1,2,4,4,0.9199085412074004,1.3392524895663893,-0.5790111857957346,normal,2026-07-08 21:37:36.915579
4,2,2909,0,2,4,4,-0.007137910955404594,1.3392524895663893,-0.5790111857957346,normal,2026-07-08 21:40:36.915579
38,1,4632,0,0,3,0,0.5527307889003099,1.3392524895663893,-0.5790111857957346,normal,2026-07-08 21:49:36.915579
4,0,2006,3,0,4,1,1.2171916122209157,1.482607177993088,-0.5790111857957346,normal,2026-07-08 22:07:36.915579
40,2,3723,1,3,4,1,-0.884531458337873,1.482607177993088,-0.5790111857957346,normal,2026-07-08 22:42:36.915579
29,0,969,3,3,4,4,0.8802131295266435,1.482607177993088,-0.5790111857957346,normal,2026-07-08 22:54:36.915579
29,2,1396,3,3,4,0,0.8608363861977313,1.482607177993088,-0.5790111857957346,normal,2026-07-08 22:58:36.915579
4,1,966,0,0,4,0,0.5320468843150825,1.6259618664197868,-0.5790111857957346,normal,2026-07-08 23:07:36.915579
18,2,1567,2,3,3,1,0.5534228154477714,1.6259618664197868,-0.5790111857957346,normal,2026-07-08 23:14:36.915579
34,2,1135,0,1,4,0,-1.6792182218189091,1.6259618664197868,-0.5790111857957346,normal,2026-07-08 23:20:36.915579
43,2,3606,2,3,3,4,-0.03922103061408926,1.6259618664197868,-0.5790111857957346,normal,2026-07-08 23:24:36.915579
42,1,3313,1,2,4,0,1.264153302650015,1.6259618664197868,-0.5790111857957346,normal,2026-07-08 23:32:36.915579
11,0,41,1,2,3,4,0.3479966571298968,1.6259618664197868,-0.5790111857957346,normal,2026-07-08 23:36:36.915579
26,1,1880,0,1,4,1,1.0485678101562177,1.6259618664197868,-0.5790111857957346,normal,2026-07-08 23:36:36.915579
13,1,2539,0,0,4,1,-1.7005268725928169,1.6259618664197868,-0.5790111857957346,normal,2026-07-08 23:40:36.915579
28,1,1010,0,2,4,4,0.2386949085503399,1.6259618664197868,-0.5790111857957346,normal,2026-07-08 23:40:36.915579
33,0,3593,1,1,3,1,1.3286655552411144,-1.6711959673942849,-0.0836393018723879,normal,2026-07-09 00:04:36.915579
36,2,4109,2,3,4,1,0.4085009226336172,-1.6711959673942849,-0.0836393018723879,normal,2026-07-09 00:06:36.915579
27,0,3552,0,3,3,1,1.4873318642062328,-1.6711959673942849,-0.0836393018723879,normal,2026-07-09 00:09:36.915579
29,0,4532,1,0,3,4,-0.3672320026308442,-1.6711959673942849,-0.0836393018723879,normal,2026-07-09 00:12:36.915579
0,2,2561,1,2,4,1,-1.3787249165435604,-1.6711959673942849,-0.0836393018723879,normal,2026-07-09 00:16:36.915579
44,2,2875,0,0,4,0,-1.1694926122146496,-1.6711959673942849,-0.0836393018723879,normal,2026-07-09 00:20:36.915579
2,0,1067,3,2,3,0,0.1253371154842746,-1.6711959673942849,-0.0836393018723879,normal,2026-07-09 00:23:36.915579
42,1,1476,3,1,4,0,1.4124007674839125,-1.6711959673942849,-0.0836393018723879,normal,2026-07-09 00:40:36.915579
29,1,2906,2,2,3,1,-1.3248717950793272,-1.527841278967586,-0.0836393018723879,normal,2026-07-09 01:20:36.915579
1,1,2624,0,0,3,0,0.9761453096684441,-1.527841278967586,-0.0836393018723879,normal,2026-07-09 01:22:36.915579
50,0,3510,1,1,4,0,0.7953918200635245,-1.527841278967586,-0.0836393018723879,normal,2026-07-09 01:28:36.915579
36,2,1814,2,0,3,1,1.6052935561088797,-1.527841278967586,-0.0836393018723879,normal,2026-07-09 01:50:36.915579
26,2,1180,3,0,3,1,1.4699831431205752,-1.3844865905408872,-0.0836393018723879,normal,2026-07-09 02:23:36.915579
36,0,3889,2,1,3,0,1.0373223787599741,-1.3844865905408872,-0.0836393018723879,normal,2026-07-09 02:59:36.915579
35,2,1499,2,2,3,1,1.5919720450702526,-1.2411319021141884,-0.0836393018723879,normal,2026-07-09 03:04:36.915579
1,2,3150,1,3,3,0,1.1262862360280341,-1.2411319021141884,-0.0836393018723879,normal,2026-07-09 03:06:36.915579
5,1,1628,0,3,3,4,1.38503688441972,-1.2411319021141884,-0.0836393018723879,normal,2026-07-09 03:10:36.915579
17,0,1293,2,1,4,0,-0.16173856395418879,-1.2411319021141884,-0.0836393018723879,normal,2026-07-09 03:29:36.915579
32,0,2527,0,0,4,1,-0.8190484462843625,-1.2411319021141884,-0.0836393018723879,normal,2026-07-09 03:43:36.915579
37,1,1539,3,2,3,0,0.7292360044222046,-1.2411319021141884,-0.0836393018723879,normal,2026-07-09 03:51:36.915579
49,1,3809,2,2,3,4,-1.0639681752066514,-1.2411319021141884,-0.0836393018723879,normal,2026-07-09 03:55:36.915579
37,2,302,1,3,4,4,-0.0876148315372398,-1.0977772136874897,-0.0836393018723879,normal,2026-07-09 04:01:36.915579
30,1,4300,3,0,4,1,-0.9512255168494405,-1.0977772136874897,-0.0836393018723879,normal,2026-07-09 04:10:36.915579
28,1,812,1,3,3,0,-1.4117115153058748,-1.0977772136874897,-0.0836393018723879,normal,2026-07-09 04:18:36.915579
18,1,2289,3,2,3,1,0.4305304343944636,-1.0977772136874897,-0.0836393018723879,normal,2026-07-09 04:19:36.915579
33,2,298,2,0,3,4,-0.04401715904718802,-1.0977772136874897,-0.0836393018723879,normal,2026-07-09 04:38:36.915579
34,2,2482,1,3,3,1,-0.9169509797904623,-1.0977772136874897,-0.0836393018723879,normal,2026-07-09 04:39:36.915579
39,1,3662,3,0,3,4,1.0236356314879649,-1.0977772136874897,-0.0836393018723879,normal,2026-07-09 04:42:36.915579
47,2,4722,2,3,3,0,-1.0168527011003388,-1.0977772136874897,-0.0836393018723879,normal,2026-07-09 04:44:36.915579
24,2,3914,2,1,4,4,-0.44595963388437493,-1.0977772136874897,-0.0836393018723879,normal,2026-07-09 04:52:36.915579
10,1,1634,2,3,3,4,-1.1933098592231037,-0.954422525260791,-0.0836393018723879,normal,2026-07-09 05:17:36.915579
36,1,3407,2,0,4,0,1.5042288457400754,-0.954422525260791,-0.0836393018723879,normal,2026-07-09 05:29:36.915579
38,0,3990,2,2,3,4,0.8886423973339133,-0.954422525260791,-0.0836393018723879,normal,2026-07-09 05:40:36.915579
18,0,1643,1,2,4,4,-1.1233575090505734,-0.954422525260791,-0.0836393018723879,normal,2026-07-09 05:42:36.915579
24,0,2649,0,2,4,0,-1.6474234465550002,-0.954422525260791,-0.0836393018723879,normal,2026-07-09 05:59:36.915579
11,2,2361,2,2,3,1,-0.17679014136146848,-0.8110678368340922,-0.0836393018723879,normal,2026-07-09 06:03:36.915579
25,0,3010,3,3,4,0,-1.7009113317858506,-0.8110678368340922,-0.0836393018723879,normal,2026-07-09 06:11:36.915579
41,2,2826,2,0,3,1,0.8595965053001967,-0.8110678368340922,-0.0836393018723879,normal,2026-07-09 06:29:36.915579
43,2,467,2,0,3,4,-0.03523226648636177,-0.8110678368340922,-0.0836393018723879,normal,2026-07-09 06:51:36.915579
41,2,3688,1,3,4,4,-0.7695493251812392,-0.8110678368340922,-0.0836393018723879,normal,2026-07-09 06:57:36.915579
6,1,3928,1,3,4,1,-0.5984169268819945,-0.6677131484073935,-0.0836393018723879,normal,2026-07-09 07:06:36.915579
1,2,748,0,1,4,1,-0.22804816327272232,-0.6677131484073935,-0.0836393018723879,normal,2026-07-09 07:13:36.915579
3,1,1131,0,2,3,4,-1.5435714070366995,-0.6677131484073935,-0.0836393018723879,normal,2026-07-09 07:23:36.915579
31,1,1096,2,2,3,0,-1.0928891180026314,-0.6677131484073935,-0.0836393018723879,normal,2026-07-09 07:51:36.915579
14,1,684,2,0,3,0,0.7021027968738324,-0.5243584599806946,-0.0836393018723879,normal,2026-07-09 08:20:36.915579
22,0,3387,0,2,4,4,0.26820215161569694,-0.5243584599806946,-0.0836393018723879,normal,2026-07-09 08:20:36.915579
44,1,2949,1,0,3,0,-0.32408606969260717,-0.5243584599806946,-0.0836393018723879,normal,2026-07-09 08:29:36.915579
9,2,1836,1,2,4,4,-0.4101472600532607,-0.5243584599806946,-0.0836393018723879,normal,2026-07-09 08:32:36.915579
40,2,3658,2,3,4,4,-0.7966152523708305,-0.5243584599806946,-0.0836393018723879,normal,2026-07-09 08:50:36.915579
19,2,1667,3,0,4,0,0.034720083686168544,-0.5243584599806946,-0.0836393018723879,normal,2026-07-09 08:59:36.915579
22,1,4284,3,1,3,4,1.3911017281898308,-0.3810037715539959,-0.0836393018723879,normal,2026-07-09 09:05:36.915579
9,0,1461,1,1,4,1,-1.2189725103581213,-0.3810037715539959,-0.0836393018723879,normal,2026-07-09 09:07:36.915579
19,0,516,3,3,4,0,1.7364710327720694,-0.3810037715539959,-0.0836393018723879,normal,2026-07-09 09:26:36.915579
11,2,973,2,0,4,4,-0.8346382665618899,-0.3810037715539959,-0.0836393018723879,normal,2026-07-09 09:31:36.915579
39,1,2689,1,2,3,0,0.605814991978475,-0.3810037715539959,-0.0836393018723879,normal,2026-07-09 09:32:36.915579
46,1,3784,0,1,4,4,-0.33002596422498204,-0.3810037715539959,-0.0836393018723879,normal,2026-07-09 09:40:36.915579
40,1,4348,1,1,3,4,0.03966999579648096,-0.3810037715539959,-0.0836393018723879,normal,2026-07-09 09:40:36.915579
31,0,2686,2,3,4,4,1.6880580088892672,-0.3810037715539959,-0.0836393018723879,normal,2026-07-09 09:43:36.915579
33,0,794,0,2,4,4,0.02197526143709254,-0.3810037715539959,-0.0836393018723879,normal,2026-07-09 09:44:36.915579
13,2,4677,0,0,3,0,1.3391709026907674,-0.23764908312729716,-0.0836393018723879,normal,2026-07-09 10:00:36.915579
12,0,1906,1,2,3,4,1.3437555785676976,-0.23764908312729716,-0.0836393018723879,normal,2026-07-09 10:01:36.915579
47,2,137,2,1,4,0,1.2704488219359458,-0.23764908312729716,-0.0836393018723879,normal,2026-07-09 10:06:36.915579
21,1,2155,1,0,4,4,-1.1201472747887398,-0.23764908312729716,-0.0836393018723879,normal,2026-07-09 10:08:36.915579
1,0,3400,3,3,3,1,1.1280163023966867,-0.23764908312729716,-0.0836393018723879,normal,2026-07-09 10:18:36.915579
23,0,1440,2,1,3,1,-1.024032476530248,-0.23764908312729716,-0.0836393018723879,normal,2026-07-09 10:37:36.915579
27,0,3296,1,2,3,4,-0.40066072946514764,-0.23764908312729716,-0.0836393018723879,normal,2026-07-09 10:42:36.915579
39,1,596,2,3,3,1,-1.5685997005032108,-0.23764908312729716,-0.0836393018723879,normal,2026-07-09 10:51:36.915579
28,1,2429,3,2,4,1,-0.9192769579083178,-0.23764908312729716,-0.0836393018723879,normal,2026-07-09 10:52:36.915579
47,0,1016,1,0,3,1,-0.3592640858552153,-0.09429439470059839,-0.0836393018723879,normal,2026-07-09 11:00:36.915579
6,2,4191,1,3,4,0,0.0016277586457697538,-0.09429439470059839,-0.0836393018723879,normal,2026-07-09 11:03:36.915579
16,1,3294,2,2,3,0,-0.42177715064253835,-0.09429439470059839,-0.0836393018723879,normal,2026-07-09 11:06:36.915579
1,2,3361,2,0,4,4,-0.8164245122919057,-0.09429439470059839,-0.0836393018723879,normal,2026-07-09 11:15:36.915579
0,1,4728,3,3,4,1,-0.44199009271629913,-0.09429439470059839,-0.0836393018723879,normal,2026-07-09 11:18:36.915579
4,2,3431,3,0,4,0,-1.2867142201707062,-0.09429439470059839,-0.0836393018723879,normal,2026-07-09 11:21:36.915579
1,1,1391,0,2,3,0,0.9348640038164221,-0.09429439470059839,-0.0836393018723879,normal,2026-07-09 11:33:36.915579
44,0,2125,1,0,4,1,-1.1633508766059317,-0.09429439470059839,-0.0836393018723879,normal,2026-07-09 11:36:36.915579
22,1,1055,3,3,3,1,-0.14200619587172045,-0.09429439470059839,-0.0836393018723879,normal,2026-07-09 11:40:36.915579
12,1,835,0,0,3,1,0.6056035394223065,-0.09429439470059839,-0.0836393018723879,normal,2026-07-09 11:49:36.915579
28,1,4427,1,0,4,4,-0.46906563138571633,-0.09429439470059839,-0.0836393018723879,normal,2026-07-09 11:52:36.915579
45,2,4848,1,1,3,0,0.8035135205163668,-0.09429439470059839,-0.0836393018723879,normal,2026-07-09 11:57:36.915579
8,0,1174,2,1,3,1,-0.054599398335447955,-0.09429439470059839,-0.0836393018723879,normal,2026-07-09 11:57:36.915579
44,2,306,1,0,4,4,1.4301243362827785,0.04906029372610037,-0.0836393018723879,normal,2026-07-09 12:02:36.915579
5,0,3244,0,0,4,4,1.5555157020908068,0.04906029372610037,-0.0836393018723879,normal,2026-07-09 12:18:36.915579
43,1,1944,1,2,3,0,-0.4251507800614114,0.04906029372610037,-0.0836393018723879,normal,2026-07-09 12:21:36.915579
37,2,4802,0,3,4,1,0.8413154706714316,0.04906029372610037,-0.0836393018723879,normal,2026-07-09 12:24:36.915579
1,2,2371,2,2,3,4,0.35601263130465516,0.04906029372610037,-0.0836393018723879,normal,2026-07-09 12:26:36.915579
9,0,3473,0,2,4,1,1.0283356451228054,0.04906029372610037,-0.0836393018723879,normal,2026-07-09 12:34:36.915579
39,2,2085,2,2,4,1,-0.07765733843766015,0.04906029372610037,-0.0836393018723879,normal,2026-07-09 12:41:36.915579
40,2,1160,3,1,3,1,1.3044734605194521,0.19241498215279915,-0.0836393018723879,normal,2026-07-09 13:02:36.915579
38,1,2869,3,3,4,0,-0.2694736413221322,0.19241498215279915,-0.0836393018723879,normal,2026-07-09 13:08:36.915579
8,2,4013,1,2,3,0,1.7116157459424233,0.19241498215279915,-0.0836393018723879,normal,2026-07-09 13:09:36.915579
3,2,4111,1,3,3,4,1.472164949041043,0.19241498215279915,-0.0836393018723879,normal,2026-07-09 13:20:36.915579
25,0,2399,0,0,3,1,1.570086705506794,0.19241498215279915,-0.0836393018723879,normal,2026-07-09 13:32:36.915579
4,0,4525,0,2,3,4,-1.4806931060159942,0.19241498215279915,-0.0836393018723879,normal,2026-07-09 13:47:36.915579
5,1,4459,3,1,4,1,0.9826042241114146,0.19241498215279915,-0.0836393018723879,normal,2026-07-09 13:52:36.915579
10,0,2183,2,0,4,1,1.6690272788340856,0.19241498215279915,-0.0836393018723879,normal,2026-07-09 13:59:36.915579
21,0,1784,1,1,4,1,0.16550348967649828,0.3357696705794979,-0.0836393018723879,normal,2026-07-09 14:02:36.915579
31,0,4688,3,0,3,4,-1.340048321724343,0.3357696705794979,-0.0836393018723879,normal,2026-07-09 14:16:36.915579
15,2,1184,2,3,4,0,0.8797902244143061,0.3357696705794979,-0.0836393018723879,normal,2026-07-09 14:18:36.915579
37,0,2602,3,3,3,4,1.102507434938883,0.3357696705794979,-0.0836393018723879,normal,2026-07-09 14:21:36.915579
37,0,3762,3,0,3,1,-0.7645609671516235,0.3357696705794979,-0.0836393018723879,normal,2026-07-09 14:26:36.915579
7,2,1479,2,1,3,0,1.6999762438733201,0.3357696705794979,-0.0836393018723879,normal,2026-07-09 14:33:36.915579
46,0,2255,2,3,4,4,0.39593871850123263,0.3357696705794979,-0.0836393018723879,normal,2026-07-09 14:53:36.915579
11,1,4940,2,3,4,4,1.2333965672072975,0.47912435900619665,-0.0836393018723879,normal,2026-07-09 15:06:36.915579
29,1,4329,3,0,3,0,0.9797496146031376,0.47912435900619665,-0.0836393018723879,normal,2026-07-09 15:11:36.915579
0,1,4708,3,1,4,0,-0.591756171362681,0.47912435900619665,-0.0836393018723879,normal,2026-07-09 15:16:36.915579
9,0,3289,1,3,4,4,-0.9764075939931652,0.47912435900619665,-0.0836393018723879,normal,2026-07-09 15:19:36.915579
31,2,594,2,2,4,4,-1.3628371403914314,0.47912435900619665,-0.0836393018723879,normal,2026-07-09 15:38:36.915579
38,2,1847,1,2,3,0,1.4235500840818973,0.47912435900619665,-0.0836393018723879,normal,2026-07-09 15:39:36.915579
13,1,3535,3,1,3,0,-0.31843451955500796,0.47912435900619665,-0.0836393018723879,normal,2026-07-09 15:42:36.915579
8,2,2888,0,2,4,4,1.7378550858669917,0.6224790474328954,-0.0836393018723879,normal,2026-07-09 16:14:36.915579
46,2,3402,2,0,4,0,1.3837393346432305,0.6224790474328954,-0.0836393018723879,normal,2026-07-09 16:14:36.915579
30,1,1806,0,0,3,4,-0.5567703847965901,0.6224790474328954,-0.0836393018723879,normal,2026-07-09 16:16:36.915579
24,0,1448,2,2,3,0,0.06311239509172699,0.6224790474328954,-0.0836393018723879,normal,2026-07-09 16:19:36.915579
42,2,461,0,0,3,0,-1.0129600517708697,0.6224790474328954,-0.0836393018723879,normal,2026-07-09 16:23:36.915579
19,0,2460,1,1,4,0,0.7085232653974994,0.6224790474328954,-0.0836393018723879,normal,2026-07-09 16:28:36.915579
14,2,436,1,0,4,1,0.11601398005320085,0.6224790474328954,-0.0836393018723879,normal,2026-07-09 16:30:36.915579
8,1,1247,0,0,4,0,-0.7357457506337276,0.6224790474328954,-0.0836393018723879,normal,2026-07-09 16:34:36.915579
36,0,1129,1,2,3,0,0.9510497358431518,0.6224790474328954,-0.0836393018723879,normal,2026-07-09 16:48:36.915579
15,2,740,2,3,4,4,1.3583073590240335,0.7658337358595942,-0.0836393018723879,normal,2026-07-09 17:22:36.915579
45,1,183,1,3,3,0,-0.9316757668836633,0.7658337358595942,-0.0836393018723879,normal,2026-07-09 17:59:36.915579
45,2,4941,2,1,4,0,-1.40741518382372,0.909188424286293,-0.0836393018723879,normal,2026-07-09 18:00:36.915579
0,1,4938,2,3,3,4,-0.6267419579287721,0.909188424286293,-0.0836393018723879,normal,2026-07-09 18:06:36.915579
20,1,4750,1,0,4,0,0.9087111672102864,0.909188424286293,-0.0836393018723879,normal,2026-07-09 18:07:36.915579
33,0,1255,3,0,4,1,-0.25177890696274374,0.909188424286293,-0.0836393018723879,normal,2026-07-09 18:10:36.915579
29,2,2797,1,2,4,1,1.4969625669917335,0.909188424286293,-0.0836393018723879,normal,2026-07-09 18:13:36.915579
39,2,3234,1,2,4,4,0.006500778917475227,0.909188424286293,-0.0836393018723879,normal,2026-07-09 18:26:36.915579
24,1,1128,2,1,4,1,-0.05500308048813347,0.909188424286293,-0.0836393018723879,normal,2026-07-09 18:31:36.915579
0,1,3206,3,3,3,0,-0.28734138231838574,0.909188424286293,-0.0836393018723879,normal,2026-07-09 18:49:36.915579
6,1,3396,2,3,3,4,-1.6697605256702737,0.909188424286293,-0.0836393018723879,normal,2026-07-09 18:56:36.915579
27,0,3700,1,2,3,0,1.0714335206619128,1.0525431127129916,-0.0836393018723879,normal,2026-07-09 19:01:36.915579
9,0,510,3,3,4,4,-1.4671793653808503,1.0525431127129916,-0.0836393018723879,normal,2026-07-09 19:03:36.915579
26,0,1223,0,3,3,4,-0.9649987674398823,1.0525431127129916,-0.0836393018723879,normal,2026-07-09 19:05:36.915579
45,0,3108,1,2,3,0,1.317410512365045,1.0525431127129916,-0.0836393018723879,normal,2026-07-09 19:30:36.915579
31,1,3355,3,0,3,0,0.2210097856707773,1.0525431127129916,-0.0836393018723879,normal,2026-07-09 19:32:36.915579
48,0,2322,1,1,3,4,1.375608022710562,1.0525431127129916,-0.0836393018723879,normal,2026-07-09 19:39:36.915579
18,2,38,3,3,4,1,-0.38747377914408254,1.1958978011396906,-0.0836393018723879,normal,2026-07-09 20:09:36.915579
4,2,1698,3,1,4,1,0.12452975117890334,1.1958978011396906,-0.0836393018723879,normal,2026-07-09 20:12:36.915579
0,1,2472,3,0,4,0,-1.5854774590774021,1.1958978011396906,-0.0836393018723879,normal,2026-07-09 20:15:36.915579
17,1,4650,3,0,3,4,-1.653872749518145,1.1958978011396906,-0.0836393018723879,normal,2026-07-09 20:18:36.915579
33,0,810,0,0,3,1,-0.9508602806160582,1.1958978011396906,-0.0836393018723879,normal,2026-07-09 20:22:36.915579
21,2,2434,2,3,4,1,-0.8063901273537192,1.1958978011396906,-0.0836393018723879,normal,2026-07-09 20:39:36.915579
13,1,962,2,0,3,4,0.0707919674725805,1.1958978011396906,-0.0836393018723879,normal,2026-07-09 20:43:36.915579
12,2,1005,2,3,3,1,-0.6215709817824652,1.3392524895663893,-0.0836393018723879,normal,2026-07-09 21:12:36.915579
38,1,1977,0,3,3,1,0.06197824047227672,1.3392524895663893,-0.0836393018723879,normal,2026-07-09 21:17:36.915579
45,1,4798,2,2,4,4,-0.15585633830076898,1.3392524895663893,-0.0836393018723879,normal,2026-07-09 21:27:36.915579
48,0,2082,2,1,3,0,-0.058347875467529,1.3392524895663893,-0.0836393018723879,normal,2026-07-09 21:31:36.915579
13,0,4450,2,3,4,4,-1.289597664118461,1.3392524895663893,-0.0836393018723879,normal,2026-07-09 21:34:36.915579
43,1,1925,1,2,4,0,-0.22434774353977024,1.3392524895663893,-0.0836393018723879,normal,2026-07-09 21:45:36.915579
9,0,93,1,2,4,4,-0.5987244942364217,1.3392524895663893,-0.0836393018723879,normal,2026-07-09 21:51:36.915579
25,2,1650,1,0,3,1,0.1429837924445336,1.3392524895663893,-0.0836393018723879,normal,2026-07-09 21:53:36.915579
17,0,3171,0,0,3,0,0.3738130919421278,1.482607177993088,-0.0836393018723879,normal,2026-07-09 22:24:36.915579
30,0,3119,1,3,3,0,0.8070986024914086,1.482607177993088,-0.0836393018723879,normal,2026-07-09 22:34:36.915579
48,2,2818,0,3,4,4,1.1869923426080975,1.482607177993088,-0.0836393018723879,normal,2026-07-09 22:42:36.915579
2,1,348,2,0,4,1,1.2478714558250263,1.482607177993088,-0.0836393018723879,normal,2026-07-09 22:43:36.915579
0,2,4882,1,1,3,0,0.996934940531756,1.482607177993088,-0.0836393018723879,normal,2026-07-09 22:54:36.915579
39,2,4693,2,2,3,4,-1.2751419984603836,1.482607177993088,-0.0836393018723879,normal,2026-07-09 22:55:36.915579
29,0,4893,0,0,4,1,0.08547830864647801,1.482607177993088,-0.0836393018723879,normal,2026-07-09 22:56:36.915579
39,1,936,3,1,4,1,1.1867424441326255,1.482607177993088,-0.0836393018723879,normal,2026-07-09 22:58:36.915579
3,1,2470,3,1,3,1,-1.2281322506321555,1.6259618664197868,-0.0836393018723879,normal,2026-07-09 23:12:36.915579
30,2,4267,2,3,4,0,0.9436969537763771,1.6259618664197868,-0.0836393018723879,normal,2026-07-09 23:13:36.915579
34,2,3547,0,2,4,1,-0.6860063425349583,1.6259618664197868,-0.0836393018723879,normal,2026-07-09 23:31:36.915579
13,1,2903,2,2,4,4,0.08042267025808135,1.6259618664197868,-0.0836393018723879,normal,2026-07-09 23:42:36.915579
7,0,4229,2,3,4,1,-0.013721774636111414,1.6259618664197868,-0.0836393018723879,normal,2026-07-09 23:52:36.915579
29,2,3852,0,3,4,0,0.5782684907975914,1.6259618664197868,-0.0836393018723879,normal,2026-07-09 23:56:36.915579
4,0,3988,2,0,3,4,0.4800007210581096,-1.6711959673942849,0.41173258205095886,normal,2026-07-10 00:02:36.915579
6,1,3096,3,0,4,1,0.8067814236571557,-1.6711959673942849,0.41173258205095886,normal,2026-07-10 00:06:36.915579
35,2,3348,2,2,3,4,-1.0923412636525582,-1.6711959673942849,0.41173258205095886,normal,2026-07-10 00:19:36.915579
50,1,4620,0,0,3,0,-0.05095664748145115,-1.6711959673942849,0.41173258205095886,normal,2026-07-10 00:49:36.915579
26,1,1767,3,0,3,0,0.8042247700234799,-1.6711959673942849,0.41173258205095886,normal,2026-07-10 00:54:36.915579
9,2,3218,1,1,3,4,-0.402237012156587,-1.527841278967586,0.41173258205095886,normal,2026-07-10 01:17:36.915579
28,0,293,1,3,3,1,1.6071293487556169,-1.527841278967586,0.41173258205095886,normal,2026-07-10 01:17:36.915579
12,0,3118,0,1,3,4,1.264758825879043,-1.527841278967586,0.41173258205095886,normal,2026-07-10 01:17:36.915579
14,1,2898,3,1,3,1,-0.01333731544307736,-1.527841278967586,0.41173258205095886,normal,2026-07-10 01:20:36.915579
8,0,3632,3,1,4,4,0.28201384812544206,-1.527841278967586,0.41173258205095886,normal,2026-07-10 01:36:36.915579
8,0,1489,0,3,3,1,0.2545057928638618,-1.527841278967586,0.41173258205095886,normal,2026-07-10 01:54:36.915579
1,0,4673,2,2,4,0,0.600480620675129,-1.3844865905408872,0.41173258205095886,normal,2026-07-10 02:00:36.915579
35,2,429,0,1,3,4,0.4375468146673337,-1.3844865905408872,0.41173258205095886,normal,2026-07-10 02:10:36.915579
12,2,3290,0,1,4,1,-0.18326827876409083,-1.3844865905408872,0.41173258205095886,normal,2026-07-10 02:17:36.915579
20,0,2777,0,0,3,0,-0.5085399790304789,-1.3844865905408872,0.41173258205095886,normal,2026-07-10 02:23:36.915579
30,1,3883,0,2,3,0,1.6006223769135168,-1.3844865905408872,0.41173258205095886,normal,2026-07-10 02:26:36.915579
49,2,634,0,0,3,0,-0.6990587321384614,-1.3844865905408872,0.41173258205095886,normal,2026-07-10 02:28:36.915579
24,2,2887,3,1,4,1,-0.29010948850823043,-1.3844865905408872,0.41173258205095886,normal,2026-07-10 02:28:36.915579
34,1,2179,0,2,4,1,-1.3683252953719915,-1.3844865905408872,0.41173258205095886,normal,2026-07-10 02:34:36.915579
6,1,3200,3,0,4,0,1.5917413695544325,-1.3844865905408872,0.41173258205095886,normal,2026-07-10 02:36:36.915579
45,2,4649,3,1,3,0,-0.5679004784349234,-1.3844865905408872,0.41173258205095886,normal,2026-07-10 02:36:36.915579
39,0,721,3,2,4,0,0.21368583804348032,-1.3844865905408872,0.41173258205095886,normal,2026-07-10 02:38:36.915579
22,0,1035,2,2,3,1,0.30044866643142065,-1.3844865905408872,0.41173258205095886,normal,2026-07-10 02:41:36.915579
21,1,662,2,3,4,4,1.6766876282552876,-1.3844865905408872,0.41173258205095886,normal,2026-07-10 02:47:36.915579
22,2,2466,1,1,3,4,1.5875699873100138,-1.3844865905408872,0.41173258205095886,normal,2026-07-10 02:54:36.915579
42,0,656,0,3,3,0,0.534517034630326,-1.3844865905408872,0.41173258205095886,normal,2026-07-10 02:57:36.915579
38,2,3940,2,1,3,0,1.2731400362871839,-1.2411319021141884,0.41173258205095886,normal,2026-07-10 03:02:36.915579
22,1,3155,1,3,3,0,-0.3198858530087112,-1.2411319021141884,0.41173258205095886,normal,2026-07-10 03:04:36.915579
37,2,2677,3,2,3,0,-0.078368587944773,-1.2411319021141884,0.41173258205095886,normal,2026-07-10 03:17:36.915579
3,2,4542,2,0,4,4,1.3425349206298147,-1.2411319021141884,0.41173258205095886,normal,2026-07-10 03:41:36.915579
41,2,4173,3,2,4,0,-1.6372064435001223,-1.0977772136874897,0.41173258205095886,normal,2026-07-10 04:03:36.915579
3,1,4977,1,3,3,1,0.9349601186146804,-1.0977772136874897,0.41173258205095886,normal,2026-07-10 04:13:36.915579
23,1,4675,0,0,3,0,0.6172718759308873,-1.0977772136874897,0.41173258205095886,normal,2026-07-10 04:23:36.915579
30,0,151,0,1,4,0,-1.1269522025054408,-1.0977772136874897,0.41173258205095886,normal,2026-07-10 04:32:36.915579
21,2,3395,2,2,4,4,0.8057818297552674,-1.0977772136874897,0.41173258205095886,normal,2026-07-10 04:53:36.915579
10,0,3735,0,0,3,0,-1.1540661870941615,-1.0977772136874897,0.41173258205095886,normal,2026-07-10 04:56:36.915579
9,0,3577,2,1,3,1,0.48687292913359137,-1.0977772136874897,0.41173258205095886,normal,2026-07-10 04:57:36.915579
7,0,2380,3,1,4,0,-1.2701248059912904,-0.954422525260791,0.41173258205095886,normal,2026-07-10 05:07:36.915579
9,1,2878,2,1,3,4,0.9531354269653611,-0.954422525260791,0.41173258205095886,normal,2026-07-10 05:22:36.915579
45,1,2666,1,1,3,1,0.4590573065175838,-0.954422525260791,0.41173258205095886,normal,2026-07-10 05:28:36.915579
35,2,2004,2,3,4,4,-1.2917218011599734,-0.954422525260791,0.41173258205095886,normal,2026-07-10 05:30:36.915579
40,2,3352,2,3,3,0,-0.0758503802304004,-0.954422525260791,0.41173258205095886,normal,2026-07-10 05:52:36.915579
41,2,1178,1,2,4,0,-0.27742233513810943,-0.954422525260791,0.41173258205095886,normal,2026-07-10 05:52:36.915579
11,2,62,2,0,3,0,0.6445973130757768,-0.8110678368340922,0.41173258205095886,normal,2026-07-10 06:01:36.915579
33,1,2675,3,3,3,1,1.609042033240961,-0.8110678368340922,0.41173258205095886,normal,2026-07-10 06:03:36.915579
15,0,1974,1,1,4,0,1.3875550921340924,-0.8110678368340922,0.41173258205095886,normal,2026-07-10 06:06:36.915579
11,1,4402,3,2,3,1,-0.7103137750145307,-0.8110678368340922,0.41173258205095886,normal,2026-07-10 06:06:36.915579
30,0,1330,1,3,3,4,1.117953083019023,-0.8110678368340922,0.41173258205095886,normal,2026-07-10 06:10:36.915579
44,1,2478,3,2,3,4,-0.11152819334395267,-0.8110678368340922,0.41173258205095886,normal,2026-07-10 06:30:36.915579
2,2,2160,0,2,3,4,1.1850892696025794,-0.8110678368340922,0.41173258205095886,normal,2026-07-10 06:50:36.915579
12,2,3779,3,0,4,1,1.4625726921748454,-0.6677131484073935,0.41173258205095886,normal,2026-07-10 07:22:36.915579
16,1,4723,0,2,3,1,-0.09511178580140212,-0.5243584599806946,0.41173258205095886,normal,2026-07-10 08:01:36.915579
5,0,1142,3,2,3,0,-1.4298772121767296,-0.5243584599806946,0.41173258205095886,normal,2026-07-10 08:16:36.915579
5,2,4056,2,2,3,0,-1.0338842433517432,-0.5243584599806946,0.41173258205095886,normal,2026-07-10 08:39:36.915579
37,2,4194,1,2,3,1,-0.4740443779355061,-0.5243584599806946,0.41173258205095886,normal,2026-07-10 08:39:36.915579
46,0,2437,1,0,4,0,-1.301881135335896,-0.5243584599806946,0.41173258205095886,normal,2026-07-10 08:44:36.915579
22,0,4338,0,1,3,4,0.026483045475415856,-0.5243584599806946,0.41173258205095886,normal,2026-07-10 08:48:36.915579
41,0,2517,3,0,3,1,0.4236678377988074,-0.3810037715539959,0.41173258205095886,normal,2026-07-10 09:11:36.915579
25,2,2568,1,0,4,0,1.7272728465787315,-0.3810037715539959,0.41173258205095886,normal,2026-07-10 09:46:36.915579
8,1,3931,2,3,3,0,0.9958296203517832,-0.3810037715539959,0.41173258205095886,normal,2026-07-10 09:49:36.915579
20,2,180,3,0,3,4,0.6362064911878105,-0.3810037715539959,0.41173258205095886,normal,2026-07-10 09:51:36.915579
23,0,2603,1,1,4,0,1.1078418062422295,-0.3810037715539959,0.41173258205095886,normal,2026-07-10 09:58:36.915579
37,0,2953,1,2,3,0,-0.7703182435673072,-0.23764908312729716,0.41173258205095886,normal,2026-07-10 10:13:36.915579
3,1,4274,0,0,4,4,-0.961769310218397,-0.23764908312729716,0.41173258205095886,normal,2026-07-10 10:24:36.915579
44,0,693,2,3,3,0,-0.2792100703857175,-0.23764908312729716,0.41173258205095886,normal,2026-07-10 10:32:36.915579
32,0,3996,2,1,4,4,-0.19977118962507395,-0.23764908312729716,0.41173258205095886,normal,2026-07-10 10:38:36.915579
43,1,1561,1,3,3,0,-0.8837433169921534,-0.23764908312729716,0.41173258205095886,normal,2026-07-10 10:42:36.915579
19,2,264,0,3,3,4,0.6716536287855419,-0.23764908312729716,0.41173258205095886,normal,2026-07-10 10:43:36.915579
8,1,2159,2,3,4,4,1.6047360902789805,-0.23764908312729716,0.41173258205095886,normal,2026-07-10 10:45:36.915579
48,2,3989,1,0,4,1,-0.8052367497746171,-0.23764908312729716,0.41173258205095886,normal,2026-07-10 10:49:36.915579
41,2,2655,2,1,3,4,1.7195644397584005,-0.23764908312729716,0.41173258205095886,normal,2026-07-10 10:50:36.915579
31,1,4710,2,0,4,1,1.4771533070706582,-0.23764908312729716,0.41173258205095886,normal,2026-07-10 10:51:36.915579
24,0,965,2,3,3,1,0.15319118401958554,-0.09429439470059839,0.41173258205095886,normal,2026-07-10 11:03:36.915579
45,2,767,2,2,3,4,-0.607499775317422,-0.09429439470059839,0.41173258205095886,normal,2026-07-10 11:10:36.915579
2,2,4434,3,1,3,4,1.2298403196717331,-0.09429439470059839,0.41173258205095886,normal,2026-07-10 11:26:36.915579
24,0,2932,2,2,3,1,1.2957174023981033,-0.09429439470059839,0.41173258205095886,normal,2026-07-10 11:32:36.915579
27,2,2009,0,1,4,4,1.308885129759517,-0.09429439470059839,0.41173258205095886,normal,2026-07-10 11:43:36.915579
9,2,1817,2,0,4,0,0.829387624207553,-0.09429439470059839,0.41173258205095886,normal,2026-07-10 11:44:36.915579
13,1,2696,1,2,3,0,0.3574351303188804,0.04906029372610037,0.41173258205095886,normal,2026-07-10 12:08:36.915579
29,0,2747,0,3,4,1,1.4262989673120905,0.04906029372610037,0.41173258205095886,normal,2026-07-10 12:19:36.915579
25,1,939,1,2,4,1,0.7194803523989677,0.04906029372610037,0.41173258205095886,normal,2026-07-10 12:20:36.915579
46,1,3013,3,2,3,0,0.17996876681440127,0.04906029372610037,0.41173258205095886,normal,2026-07-10 12:20:36.915579
34,1,1070,0,0,4,1,-1.4402768333482985,0.04906029372610037,0.41173258205095886,normal,2026-07-10 12:29:36.915579
25,1,2308,0,0,4,4,1.3694758985816702,0.04906029372610037,0.41173258205095886,normal,2026-07-10 12:32:36.915579
2,2,1518,0,1,4,4,1.3879107168876488,0.04906029372610037,0.41173258205095886,normal,2026-07-10 12:33:36.915579
31,1,2606,3,0,3,1,1.155043783666975,0.04906029372610037,0.41173258205095886,normal,2026-07-10 12:35:36.915579
28,2,1945,1,2,3,4,-0.592525089748749,0.04906029372610037,0.41173258205095886,normal,2026-07-10 12:44:36.915579
40,2,754,3,2,3,0,0.07452122164501009,0.04906029372610037,0.41173258205095886,normal,2026-07-10 12:47:36.915579
10,0,1408,0,0,4,1,-1.0162087319520068,0.04906029372610037,0.41173258205095886,normal,2026-07-10 12:48:36.915579
23,0,3414,2,3,4,1,0.6636280431309579,0.04906029372610037,0.41173258205095886,normal,2026-07-10 12:53:36.915579
27,1,2352,0,3,4,4,-1.1803343614582074,0.19241498215279915,0.41173258205095886,normal,2026-07-10 13:01:36.915579
4,2,3942,3,0,4,4,0.9801532967558233,0.19241498215279915,0.41173258205095886,normal,2026-07-10 13:09:36.915579
25,2,498,2,3,3,4,0.19561625597088392,0.19241498215279915,0.41173258205095886,normal,2026-07-10 13:11:36.915579
34,1,2431,3,3,4,1,1.0291333979483508,0.19241498215279915,0.41173258205095886,normal,2026-07-10 13:16:36.915579
47,0,2698,2,0,4,1,-0.6122959037505208,0.19241498215279915,0.41173258205095886,normal,2026-07-10 13:37:36.915579
38,2,2212,0,3,3,4,-0.058213314749967236,0.19241498215279915,0.41173258205095886,normal,2026-07-10 13:48:36.915579
49,1,847,1,0,3,1,1.622123257283942,0.19241498215279915,0.41173258205095886,normal,2026-07-10 13:52:36.915579
4,2,2549,1,2,4,4,-1.008029362620209,0.19241498215279915,0.41173258205095886,normal,2026-07-10 13:53:36.915579
21,0,4672,2,0,4,4,-1.5361321216514925,0.19241498215279915,0.41173258205095886,normal,2026-07-10 13:57:36.915579
0,2,545,1,1,3,0,0.5642549532115033,0.19241498215279915,0.41173258205095886,normal,2026-07-10 13:59:36.915579
3,1,3227,2,0,4,4,-1.4799241876299265,0.3357696705794979,0.41173258205095886,normal,2026-07-10 14:00:36.915579
39,0,3327,2,1,4,0,-1.4615182037634251,0.3357696705794979,0.41173258205095886,normal,2026-07-10 14:35:36.915579
12,2,4302,0,2,4,4,-1.075521173957322,0.3357696705794979,0.41173258205095886,normal,2026-07-10 14:43:36.915579
6,1,575,1,1,3,4,0.9309232970878235,0.3357696705794979,0.41173258205095886,normal,2026-07-10 14:48:36.915579
43,0,3565,2,1,3,1,0.05677842988649246,0.3357696705794979,0.41173258205095886,normal,2026-07-10 14:50:36.915579
10,1,161,1,3,4,1,0.4688802388996019,0.3357696705794979,0.41173258205095886,normal,2026-07-10 14:55:36.915579
11,2,2593,1,2,3,1,-0.7669157797089565,0.3357696705794979,0.41173258205095886,normal,2026-07-10 14:56:36.915579
14,1,3075,2,1,4,4,0.8397680224194702,0.3357696705794979,0.41173258205095886,normal,2026-07-10 14:59:36.915579
48,2,3739,1,2,4,1,0.023791831124177914,0.3357696705794979,0.41173258205095886,normal,2026-07-10 14:59:36.915579
49,2,1812,1,2,3,0,0.14365659603234307,0.47912435900619665,0.41173258205095886,normal,2026-07-10 15:00:36.915579
27,2,925,0,1,3,4,1.3114513948730186,0.47912435900619665,0.41173258205095886,normal,2026-07-10 15:02:36.915579
40,1,1207,1,0,4,4,-1.2914046223257205,0.47912435900619665,0.41173258205095886,normal,2026-07-10 15:08:36.915579
6,1,4202,1,3,4,0,-1.5349114637136094,0.47912435900619665,0.41173258205095886,normal,2026-07-10 15:28:36.915579
8,0,3845,2,3,4,4,-1.2216060558304036,0.47912435900619665,0.41173258205095886,normal,2026-07-10 15:29:36.915579
31,2,4209,0,0,3,1,0.21915477006438835,0.47912435900619665,0.41173258205095886,normal,2026-07-10 15:30:36.915579
40,1,667,2,2,4,4,-1.2303717254315782,0.47912435900619665,0.41173258205095886,normal,2026-07-10 15:43:36.915579
16,0,40,2,1,4,0,0.8226307538899807,0.47912435900619665,0.41173258205095886,normal,2026-07-10 15:45:36.915579
14,0,1366,0,1,3,4,-0.240168239333118,0.6224790474328954,0.41173258205095886,normal,2026-07-10 16:07:36.915579
21,1,18,1,1,3,4,1.4473769425701775,0.6224790474328954,0.41173258205095886,normal,2026-07-10 16:17:36.915579
21,0,4062,2,2,4,1,0.47136000069467093,0.6224790474328954,0.41173258205095886,normal,2026-07-10 16:25:36.915579
15,1,1526,3,2,3,1,1.5745656551056402,0.6224790474328954,0.41173258205095886,normal,2026-07-10 16:27:36.915579
38,1,2123,1,1,3,1,1.0903777473986616,0.6224790474328954,0.41173258205095886,normal,2026-07-10 16:32:36.915579
17,1,1148,0,3,4,4,0.3648648042242618,0.6224790474328954,0.41173258205095886,normal,2026-07-10 16:37:36.915579
42,0,1493,2,1,3,0,-0.4209697863371671,0.6224790474328954,0.41173258205095886,normal,2026-07-10 16:38:36.915579
35,0,1913,3,0,3,4,-0.22520316524427092,0.6224790474328954,0.41173258205095886,normal,2026-07-10 16:39:36.915579
17,2,780,2,0,4,1,0.804714955494598,0.7658337358595942,0.41173258205095886,normal,2026-07-10 17:05:36.915579
27,0,732,2,2,3,4,-0.8750545392295858,0.7658337358595942,0.41173258205095886,normal,2026-07-10 17:28:36.915579
46,2,3324,1,3,3,0,1.6057933530598238,0.7658337358595942,0.41173258205095886,normal,2026-07-10 17:35:36.915579
3,0,2457,2,3,3,4,0.2809181394252954,0.7658337358595942,0.41173258205095886,normal,2026-07-10 17:46:36.915579
39,2,4078,1,3,4,1,0.6709327677986032,0.7658337358595942,0.41173258205095886,normal,2026-07-10 17:46:36.915579
25,1,3514,3,3,3,4,0.905212588553677,0.7658337358595942,0.41173258205095886,normal,2026-07-10 17:49:36.915579
5,2,637,1,3,3,1,1.175045273184567,0.7658337358595942,0.41173258205095886,normal,2026-07-10 17:56:36.915579
23,0,274,3,3,3,4,-0.9302340449097858,0.909188424286293,0.41173258205095886,normal,2026-07-10 18:01:36.915579
30,0,629,0,1,4,0,-0.6329894198155741,0.909188424286293,0.41173258205095886,normal,2026-07-10 18:10:36.915579
44,0,2994,0,3,4,4,0.2556976163622669,0.909188424286293,0.41173258205095886,normal,2026-07-10 18:25:36.915579
27,0,4034,1,2,3,0,1.6491987959533587,0.909188424286293,0.41173258205095886,normal,2026-07-10 18:28:36.915579
4,1,3663,1,1,4,1,-1.3729099712489214,0.909188424286293,0.41173258205095886,normal,2026-07-10 18:33:36.915579
30,0,3280,3,0,4,1,1.2510528556473823,0.909188424286293,0.41173258205095886,normal,2026-07-10 18:36:36.915579
44,2,4903,1,1,4,1,-1.126702304029969,0.909188424286293,0.41173258205095886,normal,2026-07-10 18:41:36.915579
19,0,3069,0,0,3,0,-1.3577334446039058,1.0525431127129916,0.41173258205095886,normal,2026-07-10 19:12:36.915579
2,2,3333,2,0,3,1,-1.3705263242521109,1.0525431127129916,0.41173258205095886,normal,2026-07-10 19:18:36.915579
11,1,14,3,3,4,4,-1.5159287910575572,1.0525431127129916,0.41173258205095886,normal,2026-07-10 19:23:36.915579
7,1,4894,2,1,3,4,1.1605607730870122,1.0525431127129916,0.41173258205095886,normal,2026-07-10 19:35:36.915579
37,0,3179,0,0,4,0,1.514993703145027,1.0525431127129916,0.41173258205095886,normal,2026-07-10 19:36:36.915579
37,1,4742,0,0,3,0,-1.2447697222107004,1.0525431127129916,0.41173258205095886,normal,2026-07-10 19:43:36.915579
25,2,571,2,0,4,4,0.26092626138752895,1.0525431127129916,0.41173258205095886,normal,2026-07-10 19:52:36.915579
37,0,4414,2,0,3,1,-0.04739078846606107,1.1958978011396906,0.41173258205095886,normal,2026-07-10 20:09:36.915579
4,1,4707,2,0,3,0,-0.24465680041178967,1.1958978011396906,0.41173258205095886,normal,2026-07-10 20:20:36.915579
30,1,3977,2,1,4,4,-0.7115440444322395,1.1958978011396906,0.41173258205095886,normal,2026-07-10 20:37:36.915579
27,2,1155,3,1,4,0,0.6264892850838768,1.1958978011396906,0.41173258205095886,normal,2026-07-10 20:40:36.915579
2,2,233,0,3,4,1,0.312616799890946,1.1958978011396906,0.41173258205095886,normal,2026-07-10 20:48:36.915579
23,0,4467,3,0,3,0,-1.2249989082089285,1.1958978011396906,0.41173258205095886,normal,2026-07-10 20:51:36.915579
31,1,239,3,2,4,4,0.9690808719964451,1.1958978011396906,0.41173258205095886,normal,2026-07-10 20:51:36.915579
19,0,2174,2,0,4,0,-0.32000119076662126,1.3392524895663893,0.41173258205095886,normal,2026-07-10 21:13:36.915579
40,2,663,1,0,4,1,0.3986395443322962,1.3392524895663893,0.41173258205095886,normal,2026-07-10 21:20:36.915579
47,2,338,0,2,3,1,1.0222611898728684,1.3392524895663893,0.41173258205095886,normal,2026-07-10 21:24:36.915579
42,1,4067,2,3,4,1,-1.698979424340855,1.3392524895663893,0.41173258205095886,normal,2026-07-10 21:24:36.915579
13,1,4658,1,1,3,4,-0.698693495905079,1.3392524895663893,0.41173258205095886,normal,2026-07-10 21:36:36.915579
3,2,2762,0,0,4,0,-1.2836673810659118,1.3392524895663893,0.41173258205095886,normal,2026-07-10 21:38:36.915579
23,2,3001,2,3,4,1,0.22438341508965035,1.3392524895663893,0.41173258205095886,normal,2026-07-10 21:39:36.915579
14,1,2592,0,1,3,1,-1.4446308337094083,1.3392524895663893,0.41173258205095886,normal,2026-07-10 21:41:36.915579
50,2,351,0,1,3,4,0.9369977523377604,1.3392524895663893,0.41173258205095886,normal,2026-07-10 21:49:36.915579
34,1,1020,0,3,3,1,-0.3131674286104426,1.482607177993088,0.41173258205095886,normal,2026-07-10 22:01:36.915579
23,2,2636,3,0,3,4,1.3242538860010495,1.482607177993088,0.41173258205095886,normal,2026-07-10 22:04:36.915579
0,0,532,0,2,4,0,0.6967588140906603,1.482607177993088,0.41173258205095886,normal,2026-07-10 22:08:36.915579
22,1,3135,2,2,4,0,-0.9680552180245023,1.482607177993088,0.41173258205095886,normal,2026-07-10 22:09:36.915579
25,0,32,1,3,3,1,1.1075438503676283,1.482607177993088,0.41173258205095886,normal,2026-07-10 22:10:36.915579
31,0,1514,1,3,4,1,-0.3475861378668085,1.482607177993088,0.41173258205095886,normal,2026-07-10 22:31:36.915579
15,0,2424,2,0,3,1,-0.17170566853359429,1.482607177993088,0.41173258205095886,normal,2026-07-10 22:36:36.915579
40,2,1759,2,0,4,0,-0.9486496402561129,1.482607177993088,0.41173258205095886,normal,2026-07-10 22:37:36.915579
3,1,1654,1,1,3,4,-0.1645451160633366,1.482607177993088,0.41173258205095886,normal,2026-07-10 22:37:36.915579
9,1,4796,0,1,3,0,-0.4389240306518532,1.482607177993088,0.41173258205095886,normal,2026-07-10 22:48:36.915579
40,0,206,1,2,4,0,-1.0484552467677308,1.482607177993088,0.41173258205095886,normal,2026-07-10 22:59:36.915579
12,2,3948,3,0,4,1,1.7270710055023886,1.6259618664197868,0.41173258205095886,normal,2026-07-10 23:09:36.915579
40,1,3964,1,0,4,4,0.13168069216933498,1.6259618664197868,0.41173258205095886,normal,2026-07-10 23:10:36.915579
13,0,809,2,3,3,4,-0.8167801370454622,1.6259618664197868,0.41173258205095886,normal,2026-07-10 23:17:36.915579
11,2,2292,0,3,3,4,0.5213108613496089,1.6259618664197868,0.41173258205095886,normal,2026-07-10 23:28:36.915579
13,1,3104,1,0,3,1,-0.2053650708837181,1.6259618664197868,0.41173258205095886,normal,2026-07-10 23:31:36.915579
6,0,4871,1,3,3,1,-0.6648130295189606,1.6259618664197868,0.41173258205095886,normal,2026-07-10 23:38:36.915579
34,2,2349,2,3,4,4,-0.4423361059900296,1.6259618664197868,0.41173258205095886,normal,2026-07-10 23:40:36.915579
49,0,304,3,3,3,1,1.3637570680852897,1.6259618664197868,0.41173258205095886,normal,2026-07-10 23:48:36.915579
42,1,252,0,2,3,4,1.2236793611033638,1.6259618664197868,0.41173258205095886,normal,2026-07-10 23:55:36.915579
8,2,66,2,0,4,4,-1.1647060952613766,1.6259618664197868,0.41173258205095886,normal,2026-07-10 23:59:36.915579
6,0,1137,0,1,4,0,-1.132180847530703,-1.6711959673942849,0.9071044659743056,normal,2026-07-11 00:15:36.915579
42,0,171,2,2,4,1,-1.4957735178627516,-1.6711959673942849,0.9071044659743056,normal,2026-07-11 00:29:36.915579
6,1,2724,2,0,3,0,-0.9127699860662178,-1.6711959673942849,0.9071044659743056,normal,2026-07-11 00:40:36.915579
21,2,2879,3,0,3,4,-0.3964028439022964,-1.6711959673942849,0.9071044659743056,normal,2026-07-11 00:42:36.915579
5,2,309,3,3,3,4,-1.204190054385965,-1.6711959673942849,0.9071044659743056,normal,2026-07-11 00:42:36.915579
45,2,2640,1,0,4,1,-1.3912775091961194,-1.527841278967586,0.9071044659743056,normal,2026-07-11 01:04:36.915579
31,1,2748,1,3,4,4,1.1366858571996028,-1.527841278967586,0.9071044659743056,normal,2026-07-11 01:11:36.915579
37,0,2106,1,3,3,4,1.0477027769718912,-1.527841278967586,0.9071044659743056,normal,2026-07-11 01:17:36.915579
7,2,3259,1,2,4,4,1.4962609289644466,-1.527841278967586,0.9071044659743056,normal,2026-07-11 01:23:36.915579
36,2,287,2,0,3,4,0.5801331178838062,-1.527841278967586,0.9071044659743056,normal,2026-07-11 01:27:36.915579
40,2,762,1,0,3,4,-0.8022860254680816,-1.527841278967586,0.9071044659743056,normal,2026-07-11 01:29:36.915579
11,2,4431,0,3,4,4,0.7304758853197392,-1.527841278967586,0.9071044659743056,normal,2026-07-11 01:33:36.915579
12,0,3009,2,1,3,4,-0.9772053468187107,-1.527841278967586,0.9071044659743056,normal,2026-07-11 01:46:36.915579
5,1,3487,0,1,3,0,-0.40936873018736697,-1.527841278967586,0.9071044659743056,normal,2026-07-11 01:53:36.915579
3,2,2122,2,1,4,1,-0.6380931156030999,-1.3844865905408872,0.9071044659743056,normal,2026-07-11 02:04:36.915579
49,1,4603,3,0,4,1,-1.5529329883870766,-1.3844865905408872,0.9071044659743056,normal,2026-07-11 02:05:36.915579
4,2,4925,3,3,4,4,0.6848021331873039,-1.3844865905408872,0.9071044659743056,normal,2026-07-11 02:15:36.915579
29,0,3111,2,3,3,4,0.20061422548032531,-1.3844865905408872,0.9071044659743056,normal,2026-07-11 02:26:36.915579
48,1,959,2,2,3,1,1.6405484641100943,-1.3844865905408872,0.9071044659743056,normal,2026-07-11 02:29:36.915579
40,2,1751,1,1,4,1,1.4711845780988064,-1.3844865905408872,0.9071044659743056,normal,2026-07-11 02:29:36.915579
29,2,3584,3,2,4,4,-0.9277542831147167,-1.3844865905408872,0.9071044659743056,normal,2026-07-11 02:37:36.915579
39,0,1427,2,2,4,0,0.17305811281961586,-1.3844865905408872,0.9071044659743056,normal,2026-07-11 02:41:36.915579
49,0,4339,1,1,3,1,0.49409115048280433,-1.3844865905408872,0.9071044659743056,normal,2026-07-11 02:57:36.915579
11,0,1359,0,2,4,1,-0.3385801812699879,-1.2411319021141884,0.9071044659743056,normal,2026-07-11 03:05:36.915579
36,0,330,3,3,4,4,0.008317348604560819,-1.2411319021141884,0.9071044659743056,normal,2026-07-11 03:13:36.915579
47,1,3434,2,2,3,1,0.0856609267631692,-1.2411319021141884,0.9071044659743056,normal,2026-07-11 03:25:36.915579
31,0,3152,0,3,4,1,0.6636761005300873,-1.2411319021141884,0.9071044659743056,normal,2026-07-11 03:27:36.915579
22,2,1036,3,1,4,4,-1.2178095212991933,-1.2411319021141884,0.9071044659743056,normal,2026-07-11 03:28:36.915579
0,2,1219,3,1,4,4,-1.1642062983104324,-1.2411319021141884,0.9071044659743056,normal,2026-07-11 03:40:36.915579
41,1,2771,0,3,4,1,1.0818235303536556,-1.2411319021141884,0.9071044659743056,normal,2026-07-11 03:44:36.915579
21,0,1504,3,1,3,0,-1.245942322749454,-1.2411319021141884,0.9071044659743056,normal,2026-07-11 03:44:36.915579
43,0,3326,2,3,3,1,-1.3860873100901607,-1.2411319021141884,0.9071044659743056,normal,2026-07-11 03:56:36.915579
40,1,4005,3,2,4,0,0.6501431369352918,-1.2411319021141884,0.9071044659743056,normal,2026-07-11 03:58:36.915579
0,2,1606,2,3,4,1,-0.7531617520781664,-1.0977772136874897,0.9071044659743056,normal,2026-07-11 04:01:36.915579
21,2,2746,0,1,4,4,0.7414329723212073,-1.0977772136874897,0.9071044659743056,normal,2026-07-11 04:03:36.915579
27,0,2547,1,2,3,0,1.5933368752055233,-1.0977772136874897,0.9071044659743056,normal,2026-07-11 04:31:36.915579
39,0,1788,1,0,4,4,-1.0920625307376086,-1.0977772136874897,0.9071044659743056,normal,2026-07-11 04:39:36.915579
18,2,3345,0,3,3,4,1.7353753240719227,-1.0977772136874897,0.9071044659743056,normal,2026-07-11 04:45:36.915579
9,0,2532,0,1,4,1,0.5911959311633583,-0.954422525260791,0.9071044659743056,normal,2026-07-11 05:25:36.915579
17,0,2573,0,1,3,4,1.215384654013656,-0.954422525260791,0.9071044659743056,normal,2026-07-11 05:27:36.915579
49,2,4993,1,0,4,0,-1.3662972731287373,-0.954422525260791,0.9071044659743056,normal,2026-07-11 05:30:36.915579
14,2,1587,1,1,4,0,1.4624861888564127,-0.954422525260791,0.9071044659743056,normal,2026-07-11 05:36:36.915579
42,2,4289,3,0,4,0,-1.4339140337035863,-0.954422525260791,0.9071044659743056,normal,2026-07-11 05:41:36.915579
8,0,3497,2,3,4,4,1.3563370056597344,-0.8110678368340922,0.9071044659743056,normal,2026-07-11 06:04:36.915579
22,0,3230,2,1,3,4,-0.243801378707289,-0.8110678368340922,0.9071044659743056,normal,2026-07-11 06:05:36.915579
33,0,1022,0,2,4,1,-0.33213087830684307,-0.8110678368340922,0.9071044659743056,normal,2026-07-11 06:10:36.915579
33,0,4112,2,1,4,1,-0.8461528193932571,-0.8110678368340922,0.9071044659743056,normal,2026-07-11 06:30:36.915579
42,0,1307,2,2,3,4,-1.6693568435175878,-0.8110678368340922,0.9071044659743056,normal,2026-07-11 06:31:36.915579
36,0,4641,0,3,3,4,0.6007689650699042,-0.6677131484073935,0.9071044659743056,normal,2026-07-11 07:12:36.915579
4,2,391,3,2,3,1,-1.2041708314263133,-0.6677131484073935,0.9071044659743056,normal,2026-07-11 07:14:36.915579
9,1,3412,2,3,3,4,1.2859809733345184,-0.6677131484073935,0.9071044659743056,normal,2026-07-11 07:20:36.915579
47,0,4060,1,3,4,4,1.3843544693520846,-0.6677131484073935,0.9071044659743056,normal,2026-07-11 07:22:36.915579
45,1,1404,1,0,4,4,-0.026332036167625434,-0.6677131484073935,0.9071044659743056,normal,2026-07-11 07:31:36.915579
11,2,3271,1,1,4,4,-0.3820913504416071,-0.6677131484073935,0.9071044659743056,normal,2026-07-11 07:31:36.915579
34,1,2471,2,2,3,0,0.420178870622024,-0.6677131484073935,0.9071044659743056,normal,2026-07-11 07:31:36.915579
7,1,4868,0,3,3,0,0.7689410275827876,-0.6677131484073935,0.9071044659743056,normal,2026-07-11 07:36:36.915579
22,0,4593,2,3,3,0,-0.9865957626085655,-0.6677131484073935,0.9071044659743056,normal,2026-07-11 07:46:36.915579
19,0,2845,1,3,4,4,1.5877333824670532,-0.6677131484073935,0.9071044659743056,normal,2026-07-11 07:52:36.915579
23,0,2285,0,1,3,1,1.4812189630369925,-0.6677131484073935,0.9071044659743056,normal,2026-07-11 07:55:36.915579
27,1,2186,0,3,3,0,0.021331292288760573,-0.5243584599806946,0.9071044659743056,normal,2026-07-11 08:15:36.915579
5,0,2223,2,1,4,0,1.6152510492084595,-0.5243584599806946,0.9071044659743056,normal,2026-07-11 08:24:36.915579
15,0,290,3,0,4,4,-0.0003810406378326462,-0.5243584599806946,0.9071044659743056,normal,2026-07-11 08:43:36.915579
48,1,3501,0,3,4,4,-1.0322214573418713,-0.5243584599806946,0.9071044659743056,normal,2026-07-11 08:45:36.915579
38,0,1033,1,3,4,1,-0.9365007297562394,-0.3810037715539959,0.9071044659743056,normal,2026-07-11 09:09:36.915579
15,1,3578,3,1,3,0,-1.5681287379917443,-0.3810037715539959,0.9071044659743056,normal,2026-07-11 09:15:36.915579
39,2,2427,0,3,3,0,1.4332576787060054,-0.3810037715539959,0.9071044659743056,normal,2026-07-11 09:22:36.915579
0,0,631,3,3,3,0,0.6132446658838564,-0.3810037715539959,0.9071044659743056,normal,2026-07-11 09:26:36.915579
18,2,3314,0,2,3,4,-1.4569623623259726,-0.3810037715539959,0.9071044659743056,normal,2026-07-11 09:46:36.915579
25,0,3832,3,2,4,1,-0.34824932997479213,-0.3810037715539959,0.9071044659743056,normal,2026-07-11 09:59:36.915579
45,1,4172,0,2,4,1,0.15106704697807283,-0.23764908312729716,0.9071044659743056,normal,2026-07-11 10:00:36.915579
37,2,28,2,2,4,0,0.2654148224662006,-0.23764908312729716,0.9071044659743056,normal,2026-07-11 10:25:36.915579
30,2,3789,2,3,4,4,-1.3040917756958414,-0.23764908312729716,0.9071044659743056,normal,2026-07-11 10:33:36.915579
25,0,2235,3,2,4,4,0.551279455446607,-0.23764908312729716,0.9071044659743056,normal,2026-07-11 10:43:36.915579
45,1,915,3,2,3,0,1.0641480189539192,-0.23764908312729716,0.9071044659743056,normal,2026-07-11 10:48:36.915579
17,1,537,1,3,3,1,-1.1921757046036536,-0.23764908312729716,0.9071044659743056,normal,2026-07-11 10:51:36.915579
19,1,1387,0,2,4,1,-1.0323560180594333,-0.23764908312729716,0.9071044659743056,normal,2026-07-11 10:52:36.915579
47,0,2840,3,2,3,0,-1.4693803942609698,-0.09429439470059839,0.9071044659743056,normal,2026-07-11 11:20:36.915579
24,0,299,1,3,4,4,1.6247952486755277,-0.09429439470059839,0.9071044659743056,normal,2026-07-11 11:21:36.915579
33,2,1028,2,0,3,0,-1.4190450744129977,-0.09429439470059839,0.9071044659743056,normal,2026-07-11 11:41:36.915579
12,0,1043,0,2,4,4,-0.4877022907680378,-0.09429439470059839,0.9071044659743056,normal,2026-07-11 11:56:36.915579
34,2,1165,0,0,3,4,-1.1122466383718919,-0.09429439470059839,0.9071044659743056,normal,2026-07-11 11:57:36.915579
13,2,2791,2,3,4,4,0.06821609087925286,0.04906029372610037,0.9071044659743056,normal,2026-07-11 12:11:36.915579
18,2,3812,1,2,3,1,-0.8869151053346835,0.04906029372610037,0.9071044659743056,normal,2026-07-11 12:19:36.915579
26,1,3025,2,0,4,1,0.35841550126111743,0.04906029372610037,0.9071044659743056,normal,2026-07-11 12:27:36.915579
40,0,4648,1,3,4,4,0.8296086882435475,0.04906029372610037,0.9071044659743056,normal,2026-07-11 12:38:36.915579
35,0,174,3,3,3,0,-1.4494461851021587,0.04906029372610037,0.9071044659743056,normal,2026-07-11 12:49:36.915579
29,0,888,3,2,4,0,-0.38100525322128603,0.04906029372610037,0.9071044659743056,normal,2026-07-11 12:52:36.915579
15,0,2375,0,0,4,4,-0.10230117271113733,0.04906029372610037,0.9071044659743056,normal,2026-07-11 12:56:36.915579
24,1,2723,3,3,3,4,0.26239681780088403,0.19241498215279915,0.9071044659743056,normal,2026-07-11 13:07:36.915579
8,0,3919,3,1,4,0,-1.3099259439501318,0.19241498215279915,0.9071044659743056,normal,2026-07-11 13:16:36.915579
14,2,907,2,3,4,0,-0.9845004600065304,0.19241498215279915,0.9071044659743056,normal,2026-07-11 13:42:36.915579
17,0,2559,0,3,4,1,-1.2243549390605966,0.19241498215279915,0.9071044659743056,normal,2026-07-11 13:46:36.915579
10,2,4714,3,1,4,4,1.5605136716002483,0.3357696705794979,0.9071044659743056,normal,2026-07-11 14:04:36.915579
40,1,2882,1,2,3,0,-0.22977822964137512,0.3357696705794979,0.9071044659743056,normal,2026-07-11 14:08:36.915579
9,1,1301,2,0,4,1,-0.6892357997564434,0.3357696705794979,0.9071044659743056,normal,2026-07-11 14:08:36.915579
25,2,1097,3,2,4,0,-0.3764686347434852,0.3357696705794979,0.9071044659743056,normal,2026-07-11 14:20:36.915579
28,0,4670,0,2,3,4,0.4535595400571983,0.3357696705794979,0.9071044659743056,normal,2026-07-11 14:24:36.915579
41,2,3494,2,0,4,4,-0.7664640401571416,0.3357696705794979,0.9071044659743056,normal,2026-07-11 14:27:36.915579
21,2,2805,3,0,4,1,0.8421901153355842,0.3357696705794979,0.9071044659743056,normal,2026-07-11 14:38:36.915579
27,1,3509,1,2,4,4,1.0160425624255438,0.3357696705794979,0.9071044659743056,normal,2026-07-11 14:42:36.915579
15,0,3248,2,0,4,4,0.8593754412642022,0.47912435900619665,0.9071044659743056,normal,2026-07-11 15:14:36.915579
23,2,3213,3,1,3,4,-0.28673585908935734,0.47912435900619665,0.9071044659743056,normal,2026-07-11 15:28:36.915579
33,2,2000,3,0,4,1,-0.2959821026818242,0.47912435900619665,0.9071044659743056,normal,2026-07-11 15:31:36.915579
41,1,2463,1,2,4,4,0.7840791083085,0.47912435900619665,0.9071044659743056,normal,2026-07-11 15:33:36.915579
32,0,3320,3,1,3,0,-0.016537938225085067,0.47912435900619665,0.9071044659743056,normal,2026-07-11 15:35:36.915579
0,0,83,2,2,3,4,-1.3268133140041487,0.47912435900619665,0.9071044659743056,normal,2026-07-11 15:42:36.915579
43,1,1238,1,3,4,1,-0.6021461810544242,0.47912435900619665,0.9071044659743056,normal,2026-07-11 15:48:36.915579
14,0,1285,1,3,4,4,1.1262477901087309,0.47912435900619665,0.9071044659743056,normal,2026-07-11 15:51:36.915579
23,1,2658,1,2,4,1,-1.175768908540929,0.47912435900619665,0.9071044659743056,normal,2026-07-11 15:57:36.915579
46,2,1334,2,3,4,0,-0.026197475450063668,0.6224790474328954,0.9071044659743056,normal,2026-07-11 16:18:36.915579
8,1,1516,1,2,4,4,0.04392788135933199,0.6224790474328954,0.9071044659743056,normal,2026-07-11 16:24:36.915579
39,1,3173,2,3,4,0,-0.2360064685685254,0.6224790474328954,0.9071044659743056,normal,2026-07-11 16:31:36.915579
15,2,2632,0,0,4,0,-1.685148504871458,0.6224790474328954,0.9071044659743056,normal,2026-07-11 16:32:36.915579
25,0,1274,1,2,3,4,-1.7000270756418727,0.6224790474328954,0.9071044659743056,normal,2026-07-11 16:51:36.915579
33,1,3055,1,0,3,4,1.5784294699956314,0.7658337358595942,0.9071044659743056,normal,2026-07-11 17:02:36.915579
50,2,1965,3,1,3,0,0.060084778946584406,0.7658337358595942,0.9071044659743056,normal,2026-07-11 17:09:36.915579
37,1,244,2,0,4,4,0.5385826905966602,0.7658337358595942,0.9071044659743056,normal,2026-07-11 17:14:36.915579
47,0,1167,0,1,4,0,1.7207178173375026,0.7658337358595942,0.9071044659743056,normal,2026-07-11 17:18:36.915579
34,1,2752,0,3,3,1,0.36254843758623234,0.7658337358595942,0.9071044659743056,normal,2026-07-11 17:22:36.915579
16,1,344,0,1,3,1,-1.195770398058521,0.7658337358595942,0.9071044659743056,normal,2026-07-11 17:34:36.915579
14,2,1949,3,2,3,1,-0.8940276004058119,0.7658337358595942,0.9071044659743056,normal,2026-07-11 17:52:36.915579
44,0,2550,0,0,3,1,-0.7736534270668769,0.909188424286293,0.9071044659743056,normal,2026-07-11 18:00:36.915579
40,2,1397,3,1,4,1,-0.8693068742937279,0.909188424286293,0.9071044659743056,normal,2026-07-11 18:25:36.915579
7,0,530,0,2,4,1,-0.3676260733037041,0.909188424286293,0.9071044659743056,normal,2026-07-11 18:30:36.915579
9,0,4923,2,2,3,1,-0.6416109172193608,0.909188424286293,0.9071044659743056,normal,2026-07-11 18:32:36.915579
34,2,4065,2,2,4,0,0.6794677618839574,0.909188424286293,0.9071044659743056,normal,2026-07-11 18:50:36.915579
11,0,3821,0,2,4,4,-0.7221358952003253,1.0525431127129916,0.9071044659743056,normal,2026-07-11 19:13:36.915579
9,2,2270,2,1,3,1,-1.7083025597719288,1.0525431127129916,0.9071044659743056,normal,2026-07-11 19:13:36.915579
45,2,557,1,1,4,1,-0.6969826524960778,1.0525431127129916,0.9071044659743056,normal,2026-07-11 19:15:36.915579
40,0,4577,0,0,4,0,-1.6964131592273535,1.0525431127129916,0.9071044659743056,normal,2026-07-11 19:32:36.915579
43,0,4278,3,1,4,1,0.7828488388907912,1.0525431127129916,0.9071044659743056,normal,2026-07-11 19:46:36.915579
27,0,911,1,0,3,1,0.5991446249793356,1.0525431127129916,0.9071044659743056,normal,2026-07-11 19:50:36.915579
42,2,4168,0,0,4,4,1.587320088834542,1.1958978011396906,0.9071044659743056,normal,2026-07-11 20:06:36.915579
37,1,1325,1,1,4,1,1.4510677508233036,1.1958978011396906,0.9071044659743056,normal,2026-07-11 20:24:36.915579
15,0,2974,3,3,3,0,0.9005702437977919,1.1958978011396906,0.9071044659743056,normal,2026-07-11 20:30:36.915579
35,0,4958,3,3,3,4,-1.6642435362502361,1.1958978011396906,0.9071044659743056,normal,2026-07-11 20:33:36.915579
49,1,2182,0,3,4,0,1.5534876798475525,1.1958978011396906,0.9071044659743056,normal,2026-07-11 20:33:36.915579
19,1,3079,1,1,3,4,1.0329587669190388,1.1958978011396906,0.9071044659743056,normal,2026-07-11 20:42:36.915579
32,1,4877,3,1,4,1,0.6233271082211724,1.3392524895663893,0.9071044659743056,normal,2026-07-11 21:06:36.915579
16,0,1835,0,1,4,1,1.3555200298745371,1.3392524895663893,0.9071044659743056,normal,2026-07-11 21:08:36.915579
7,1,4287,2,3,3,1,1.51910741651049,1.3392524895663893,0.9071044659743056,normal,2026-07-11 21:19:36.915579
39,0,2867,1,0,4,0,1.0936744849789277,1.3392524895663893,0.9071044659743056,normal,2026-07-11 21:25:36.915579
18,0,2778,3,1,3,1,-1.4465915755938814,1.3392524895663893,0.9071044659743056,normal,2026-07-11 21:28:36.915579
9,1,1982,0,3,3,1,0.10507611601138458,1.3392524895663893,0.9071044659743056,normal,2026-07-11 21:33:36.915579
10,2,5008,3,2,1,4,-1.6028165686832339,1.3392524895663893,0.9071044659743056,impossible_travel,2026-07-11 21:38:36.998575
5,2,1452,3,1,4,1,-0.609921868233536,1.3392524895663893,0.9071044659743056,normal,2026-07-11 21:40:36.915579
10,2,5009,3,2,1,4,-1.6749026673771028,1.3392524895663893,0.9071044659743056,impossible_travel,2026-07-11 21:53:36.998575
21,2,4515,3,3,4,4,1.4461274501928174,1.482607177993088,0.9071044659743056,normal,2026-07-11 22:01:36.915579
42,0,2634,3,1,3,4,0.1869082552486644,1.482607177993088,0.9071044659743056,normal,2026-07-11 22:05:36.915579
43,2,4659,3,2,4,4,-0.7650703755823934,1.482607177993088,0.9071044659743056,normal,2026-07-11 22:17:36.915579
8,2,69,2,0,3,0,-1.0077506297052594,1.482607177993088,0.9071044659743056,normal,2026-07-11 22:22:36.915579
4,2,998,2,1,4,4,-1.60396033478251,1.482607177993088,0.9071044659743056,normal,2026-07-11 22:33:36.915579
46,2,543,3,2,3,4,-1.0623053891967795,1.482607177993088,0.9071044659743056,normal,2026-07-11 22:35:36.915579
44,1,2362,3,2,3,1,-1.6692991746386328,1.482607177993088,0.9071044659743056,normal,2026-07-11 22:45:36.915579
50,0,128,3,0,3,0,-1.2362635625648237,1.482607177993088,0.9071044659743056,normal,2026-07-11 22:45:36.915579
30,1,2917,0,0,3,4,-0.43599252930496923,1.482607177993088,0.9071044659743056,normal,2026-07-11 22:52:36.915579
45,1,2372,0,1,3,0,0.17816180860714173,1.6259618664197868,0.9071044659743056,normal,2026-07-11 23:07:36.915579
19,2,838,0,3,3,1,1.5425978732048655,1.6259618664197868,0.9071044659743056,normal,2026-07-11 23:11:36.915579
21,2,1706,0,3,4,1,0.6989213970514764,1.6259618664197868,0.9071044659743056,normal,2026-07-11 23:38:36.915579
8,0,4160,1,2,4,0,0.6591394820522862,-1.6711959673942849,1.4024763498976525,normal,2026-07-12 00:17:36.915579
1,2,1187,2,3,4,1,-0.7914442762245237,-1.6711959673942849,1.4024763498976525,normal,2026-07-12 00:29:36.915579
36,2,4490,0,0,3,1,0.6544202454577944,-1.6711959673942849,1.4024763498976525,normal,2026-07-12 00:38:36.915579
6,0,603,3,2,3,0,-0.4960354437770491,-1.6711959673942849,1.4024763498976525,normal,2026-07-12 00:50:36.915579
16,2,598,0,0,4,0,-0.15579866942181395,-1.527841278967586,1.4024763498976525,normal,2026-07-12 01:09:36.915579
39,2,4216,3,2,4,0,-0.4488719122716072,-1.527841278967586,1.4024763498976525,normal,2026-07-12 01:15:36.915579
21,0,3740,1,3,3,4,1.6366750377402774,-1.527841278967586,1.4024763498976525,normal,2026-07-12 01:20:36.915579
42,0,991,0,3,3,0,0.14232060033655017,-1.527841278967586,1.4024763498976525,normal,2026-07-12 01:28:36.915579
36,2,4359,0,0,4,4,1.6616264393681819,-1.527841278967586,1.4024763498976525,normal,2026-07-12 01:32:36.915579
27,0,4517,2,3,4,0,0.9047416260422105,-1.527841278967586,1.4024763498976525,normal,2026-07-12 01:35:36.915579
30,2,3473,3,0,4,1,-1.037084866133751,-1.527841278967586,1.4024763498976525,normal,2026-07-12 01:37:36.915579
47,0,1494,3,2,4,4,-0.5521376515205306,-1.527841278967586,1.4024763498976525,normal,2026-07-12 01:39:36.915579
35,2,3098,2,1,4,0,-1.3435949577800814,-1.527841278967586,1.4024763498976525,normal,2026-07-12 01:42:36.915579
46,1,2015,2,1,3,1,1.7231302987737906,-1.527841278967586,1.4024763498976525,normal,2026-07-12 01:44:36.915579
38,0,4316,3,3,4,0,-0.3893191832706457,-1.527841278967586,1.4024763498976525,normal,2026-07-12 01:52:36.915579
33,0,768,3,1,3,4,1.028287587723676,-1.3844865905408872,1.4024763498976525,normal,2026-07-12 02:02:36.915579
19,0,4397,2,2,4,0,-0.7806217499406175,-1.3844865905408872,1.4024763498976525,normal,2026-07-12 02:10:36.915579
41,0,1110,3,0,4,4,-0.6031842208756157,-1.3844865905408872,1.4024763498976525,normal,2026-07-12 02:12:36.915579
13,2,4426,3,0,3,4,1.5581396360832638,-1.3844865905408872,1.4024763498976525,normal,2026-07-12 02:23:36.915579
22,2,3134,3,1,4,4,-0.09941772876338258,-1.3844865905408872,1.4024763498976525,normal,2026-07-12 02:31:36.915579
5,1,1822,2,0,3,0,-0.7482214514476799,-1.3844865905408872,1.4024763498976525,normal,2026-07-12 02:40:36.915579
49,2,990,0,0,4,1,-0.2741255975578431,-1.3844865905408872,1.4024763498976525,normal,2026-07-12 02:53:36.915579
18,0,2837,2,1,4,0,0.8927849451388542,-1.2411319021141884,1.4024763498976525,normal,2026-07-12 03:01:36.915579
25,2,1668,3,0,3,4,1.6792154474494856,-1.2411319021141884,1.4024763498976525,normal,2026-07-12 03:07:36.915579
6,1,3943,0,1,4,4,-0.4683736048382552,-1.2411319021141884,1.4024763498976525,normal,2026-07-12 03:11:36.915579
47,2,2330,2,2,4,4,-0.5886804978184093,-1.2411319021141884,1.4024763498976525,normal,2026-07-12 03:26:36.915579
19,2,3097,2,1,3,0,-0.8014498267232326,-1.2411319021141884,1.4024763498976525,normal,2026-07-12 03:33:36.915579
21,0,2094,1,1,3,4,1.4500489339617637,-1.2411319021141884,1.4024763498976525,normal,2026-07-12 03:42:36.915579
27,2,4645,3,3,4,1,-1.1910127155447257,-1.2411319021141884,1.4024763498976525,normal,2026-07-12 03:53:36.915579
23,0,2187,1,3,4,1,-0.7382351239086226,-1.0977772136874897,1.4024763498976525,normal,2026-07-12 04:04:36.915579
48,2,690,1,3,4,4,-0.48573193740373877,-1.0977772136874897,1.4024763498976525,normal,2026-07-12 04:15:36.915579
27,0,623,1,3,3,0,-0.12796382384615468,-1.0977772136874897,1.4024763498976525,normal,2026-07-12 04:27:36.915579
6,0,3721,2,0,3,4,-0.6563357043125617,-1.0977772136874897,1.4024763498976525,normal,2026-07-12 04:29:36.915579
39,0,580,1,0,4,4,0.8599425185739275,-1.0977772136874897,1.4024763498976525,normal,2026-07-12 04:40:36.915579
20,2,3971,0,0,4,4,0.908989900125236,-1.0977772136874897,1.4024763498976525,normal,2026-07-12 04:48:36.915579
5,0,1140,1,0,3,1,-1.10164517612398,-1.0977772136874897,1.4024763498976525,normal,2026-07-12 04:53:36.915579
37,2,4266,0,1,3,4,-1.2418670553032938,-0.954422525260791,1.4024763498976525,normal,2026-07-12 05:15:36.915579
15,1,3761,3,3,4,1,1.3055787806994248,-0.954422525260791,1.4024763498976525,normal,2026-07-12 05:21:36.915579
10,0,896,3,0,3,4,-1.0618440381651388,-0.954422525260791,1.4024763498976525,normal,2026-07-12 05:22:36.915579
10,2,4,3,0,4,1,0.9748573713717802,-0.954422525260791,1.4024763498976525,normal,2026-07-12 05:33:36.915579
10,0,729,2,0,3,1,1.2198828265721535,-0.8110678368340922,1.4024763498976525,normal,2026-07-12 06:10:36.915579
30,2,4589,2,1,4,0,-0.9434978870694577,-0.8110678368340922,1.4024763498976525,normal,2026-07-12 06:21:36.915579
43,1,2172,1,2,4,0,0.9316345465949366,-0.8110678368340922,1.4024763498976525,normal,2026-07-12 06:29:36.915579
19,0,716,1,2,3,0,-0.7335351102737823,-0.8110678368340922,1.4024763498976525,normal,2026-07-12 06:31:36.915579
18,0,579,0,2,4,0,0.9065197498099926,-0.8110678368340922,1.4024763498976525,normal,2026-07-12 06:40:36.915579
44,0,683,3,0,3,4,-1.2156949957375065,-0.8110678368340922,1.4024763498976525,normal,2026-07-12 06:45:36.915579
20,0,2264,0,0,4,1,-0.7396768458825,-0.8110678368340922,1.4024763498976525,normal,2026-07-12 06:52:36.915579
44,1,2323,0,1,4,0,0.8370768080682323,-0.8110678368340922,1.4024763498976525,normal,2026-07-12 06:53:36.915579
32,2,2971,3,2,4,0,-1.0012821037824629,-0.8110678368340922,1.4024763498976525,normal,2026-07-12 06:58:36.915579
46,0,554,3,2,4,1,-1.2411365828365293,-0.8110678368340922,1.4024763498976525,normal,2026-07-12 06:59:36.915579
4,2,563,0,0,3,1,1.679590295162694,-0.6677131484073935,1.4024763498976525,normal,2026-07-12 07:10:36.915579
27,1,2993,3,0,4,1,0.8837020967034268,-0.6677131484073935,1.4024763498976525,normal,2026-07-12 07:12:36.915579
12,1,864,3,2,3,1,-0.16740933705143968,-0.6677131484073935,1.4024763498976525,normal,2026-07-12 07:45:36.915579
32,1,3742,1,2,4,1,-0.7180990736734686,-0.5243584599806946,1.4024763498976525,normal,2026-07-12 08:03:36.915579
46,0,3838,2,3,4,4,-0.7515950808665529,-0.5243584599806946,1.4024763498976525,normal,2026-07-12 08:14:36.915579
39,2,4391,1,0,4,1,0.07379074917824555,-0.5243584599806946,1.4024763498976525,normal,2026-07-12 08:36:36.915579
8,1,1190,1,0,3,1,-0.9751869360552824,-0.5243584599806946,1.4024763498976525,normal,2026-07-12 08:43:36.915579
46,2,2,3,3,3,4,-1.0361429411108178,-0.5243584599806946,1.4024763498976525,normal,2026-07-12 08:49:36.915579
45,1,960,1,1,3,4,-1.102462151909177,-0.3810037715539959,1.4024763498976525,normal,2026-07-12 09:00:36.915579
23,0,3839,1,0,3,1,0.914266602549627,-0.3810037715539959,1.4024763498976525,normal,2026-07-12 09:05:36.915579
7,2,300,3,2,3,4,0.26600112273557747,-0.3810037715539959,1.4024763498976525,normal,2026-07-12 09:16:36.915579
3,2,1252,2,1,3,0,1.6038902800543058,-0.3810037715539959,1.4024763498976525,normal,2026-07-12 09:20:36.915579
14,0,2943,3,2,4,4,0.7201435445069513,-0.3810037715539959,1.4024763498976525,normal,2026-07-12 09:26:36.915579
43,0,1061,3,2,3,1,-0.46477891138338756,-0.3810037715539959,1.4024763498976525,normal,2026-07-12 09:31:36.915579
22,1,4992,0,1,3,4,1.659954041878484,-0.3810037715539959,1.4024763498976525,normal,2026-07-12 09:42:36.915579
35,0,1953,1,2,4,1,1.0030478417009958,-0.3810037715539959,1.4024763498976525,normal,2026-07-12 09:47:36.915579
44,0,3585,2,0,4,4,-0.5113465311396269,-0.3810037715539959,1.4024763498976525,normal,2026-07-12 09:49:36.915579
13,2,3857,3,2,3,0,-1.3902394693749276,-0.3810037715539959,1.4024763498976525,normal,2026-07-12 09:54:36.915579
7,1,2283,2,2,4,0,1.2092333069251124,-0.3810037715539959,1.4024763498976525,normal,2026-07-12 09:56:36.915579
43,1,3245,2,1,4,1,-1.4673043146185862,-0.3810037715539959,1.4024763498976525,normal,2026-07-12 09:59:36.915579
44,0,4418,1,2,3,0,-0.8247192193816135,-0.23764908312729716,1.4024763498976525,normal,2026-07-12 10:11:36.915579
32,0,4430,1,0,3,4,1.1280739712756422,-0.23764908312729716,1.4024763498976525,normal,2026-07-12 10:21:36.915579
22,0,2569,1,1,3,1,0.7879621461581431,-0.23764908312729716,1.4024763498976525,normal,2026-07-12 10:38:36.915579
37,0,3900,2,2,3,4,-0.41144480982975046,-0.23764908312729716,1.4024763498976525,normal,2026-07-12 10:45:36.915579
30,0,3404,0,3,4,4,-1.0165355222660857,-0.23764908312729716,1.4024763498976525,normal,2026-07-12 10:49:36.915579
32,2,1248,3,0,3,4,0.34583407416908074,-0.23764908312729716,1.4024763498976525,normal,2026-07-12 10:52:36.915579
11,2,1942,2,3,3,1,-0.9305704467036906,-0.23764908312729716,1.4024763498976525,normal,2026-07-12 10:54:36.915579
38,0,2596,3,1,4,1,-1.6139754967610447,-0.09429439470059839,1.4024763498976525,normal,2026-07-12 11:15:36.915579
26,0,317,3,1,4,4,0.7714400123375083,-0.09429439470059839,1.4024763498976525,normal,2026-07-12 11:20:36.915579
17,2,2892,1,3,4,1,-0.06205790668030691,-0.09429439470059839,1.4024763498976525,normal,2026-07-12 11:22:36.915579
4,0,830,0,0,4,0,-0.7748164161258045,-0.09429439470059839,1.4024763498976525,normal,2026-07-12 11:26:36.915579
41,2,4499,0,1,3,0,1.5792848917001319,-0.09429439470059839,1.4024763498976525,normal,2026-07-12 11:37:36.915579
4,1,3676,2,3,3,4,0.7133001708709463,-0.09429439470059839,1.4024763498976525,normal,2026-07-12 11:40:36.915579
46,2,1216,2,3,4,0,-1.021985231327342,-0.09429439470059839,1.4024763498976525,normal,2026-07-12 11:48:36.915579
32,2,2128,3,0,4,0,-0.893450911616261,-0.09429439470059839,1.4024763498976525,normal,2026-07-12 11:58:36.915579
32,0,2344,2,1,4,4,0.6414831936122014,0.04906029372610037,1.4024763498976525,normal,2026-07-12 12:07:36.915579
30,1,2820,2,0,3,4,1.1148389635554479,0.04906029372610037,1.4024763498976525,normal,2026-07-12 12:14:36.915579
33,1,3220,1,3,3,1,0.9006759700758764,0.04906029372610037,1.4024763498976525,normal,2026-07-12 12:14:36.915579
23,0,3529,0,1,3,0,-1.703890890531864,0.04906029372610037,1.4024763498976525,normal,2026-07-12 12:15:36.915579
21,1,1783,0,3,4,4,1.5380804776867165,0.04906029372610037,1.4024763498976525,normal,2026-07-12 12:22:36.915579
33,1,1385,2,2,4,0,-0.6870443823561498,0.04906029372610037,1.4024763498976525,normal,2026-07-12 12:35:36.915579
28,2,2570,1,3,4,4,-1.5780958425711498,0.04906029372610037,1.4024763498976525,normal,2026-07-12 12:46:36.915579
10,2,363,3,1,4,1,0.15325846437836643,0.04906029372610037,1.4024763498976525,normal,2026-07-12 12:47:36.915579
35,1,2672,1,0,3,1,-0.7839088760410579,0.04906029372610037,1.4024763498976525,normal,2026-07-12 12:52:36.915579
42,2,1298,0,1,3,0,0.6138309661532334,0.04906029372610037,1.4024763498976525,normal,2026-07-12 12:52:36.915579
0,2,3927,1,0,3,1,0.6847540757881745,0.04906029372610037,1.4024763498976525,normal,2026-07-12 12:55:36.915579
35,0,2700,2,1,3,4,-0.49772706422639856,0.19241498215279915,1.4024763498976525,normal,2026-07-12 13:07:36.915579
13,0,781,3,0,4,1,1.4158897346606958,0.19241498215279915,1.4024763498976525,normal,2026-07-12 13:13:36.915579
50,1,3615,0,0,3,0,-0.7789012950517904,0.19241498215279915,1.4024763498976525,normal,2026-07-12 13:25:36.915579
22,0,1441,0,3,4,4,-0.7574965294796243,0.19241498215279915,1.4024763498976525,normal,2026-07-12 13:26:36.915579
7,2,1100,3,3,4,1,0.7526976266771024,0.19241498215279915,1.4024763498976525,normal,2026-07-12 13:39:36.915579
45,1,1890,0,3,3,0,-0.20567263823814544,0.19241498215279915,1.4024763498976525,normal,2026-07-12 13:40:36.915579
19,1,4165,1,2,4,1,0.39955263491575166,0.19241498215279915,1.4024763498976525,normal,2026-07-12 13:40:36.915579
38,2,123,1,2,3,0,0.8638543908630482,0.19241498215279915,1.4024763498976525,normal,2026-07-12 13:59:36.915579
11,2,4052,1,2,3,4,-1.6721633956267359,0.3357696705794979,1.4024763498976525,normal,2026-07-12 14:10:36.915579
7,1,4010,1,2,4,0,-0.9644509130898089,0.3357696705794979,1.4024763498976525,normal,2026-07-12 14:27:36.915579
35,1,413,1,3,3,0,0.9366613505438558,0.3357696705794979,1.4024763498976525,normal,2026-07-12 14:29:36.915579
13,0,4998,1,1,3,1,0.8970908881008346,0.3357696705794979,1.4024763498976525,normal,2026-07-12 14:33:36.915579
4,1,3282,3,1,4,4,-0.8353399045891768,0.3357696705794979,1.4024763498976525,normal,2026-07-12 14:51:36.915579
1,2,2726,0,0,4,4,1.4448106774566762,0.3357696705794979,1.4024763498976525,normal,2026-07-12 14:53:36.915579
45,1,1798,2,3,4,1,0.9149970750163917,0.3357696705794979,1.4024763498976525,normal,2026-07-12 14:53:36.915579
27,1,1853,2,3,4,0,1.461323199797485,0.3357696705794979,1.4024763498976525,normal,2026-07-12 14:54:36.915579
49,0,215,2,3,4,1,0.41849686165250044,0.47912435900619665,1.4024763498976525,normal,2026-07-12 15:33:36.915579
19,2,1340,2,0,3,1,-1.1420422258320244,0.47912435900619665,1.4024763498976525,normal,2026-07-12 15:41:36.915579
16,2,979,2,3,4,4,-1.6834568844221087,0.47912435900619665,1.4024763498976525,normal,2026-07-12 15:45:36.915579
11,2,4211,0,1,4,0,0.7709882727856935,0.47912435900619665,1.4024763498976525,normal,2026-07-12 15:58:36.915579
6,0,619,0,1,4,4,-0.03369442971422598,0.6224790474328954,1.4024763498976525,normal,2026-07-12 16:14:36.915579
10,1,2842,0,3,4,4,-0.4284186832022002,0.6224790474328954,1.4024763498976525,normal,2026-07-12 16:20:36.915579
50,0,3329,3,0,3,4,0.21450281382867742,0.6224790474328954,1.4024763498976525,normal,2026-07-12 16:24:36.915579
7,2,4344,1,1,4,4,-1.0421885619212772,0.6224790474328954,1.4024763498976525,normal,2026-07-12 16:41:36.915579
2,0,3749,2,3,3,0,-0.13358653954427657,0.6224790474328954,1.4024763498976525,normal,2026-07-12 16:58:36.915579
16,2,50,1,2,3,1,1.7176613667528824,0.7658337358595942,1.4024763498976525,normal,2026-07-12 17:00:36.915579
16,0,3833,0,0,3,4,0.4630364591654857,0.7658337358595942,1.4024763498976525,normal,2026-07-12 17:02:36.915579
39,0,320,0,3,3,4,1.3917649202978144,0.7658337358595942,1.4024763498976525,normal,2026-07-12 17:04:36.915579
11,0,2516,0,0,4,0,-0.7620139249977735,0.7658337358595942,1.4024763498976525,normal,2026-07-12 17:23:36.915579
18,1,263,3,2,4,0,-1.138985775247404,0.7658337358595942,1.4024763498976525,normal,2026-07-12 17:25:36.915579
37,1,3354,0,3,4,4,-0.1607197470926486,0.7658337358595942,1.4024763498976525,normal,2026-07-12 17:35:36.915579
35,0,1477,0,1,3,0,-0.2802192757674316,0.7658337358595942,1.4024763498976525,normal,2026-07-12 17:36:36.915579
4,1,2683,1,2,3,1,0.9057123855046211,0.7658337358595942,1.4024763498976525,normal,2026-07-12 17:41:36.915579
5,2,2977,2,3,3,0,-0.9912381073644506,0.909188424286293,1.4024763498976525,normal,2026-07-12 18:30:36.915579
33,2,333,0,0,4,4,1.3761654885404613,0.909188424286293,1.4024763498976525,normal,2026-07-12 18:37:36.915579
39,2,2238,0,3,4,1,-1.3169134897835242,0.909188424286293,1.4024763498976525,normal,2026-07-12 18:38:36.915579
42,2,3913,2,0,4,4,0.5066437431353633,0.909188424286293,1.4024763498976525,normal,2026-07-12 18:46:36.915579
46,2,1291,3,0,4,1,0.8338281278870951,1.0525431127129916,1.4024763498976525,normal,2026-07-12 19:12:36.915579
31,0,808,2,1,4,1,-0.5362018179692728,1.0525431127129916,1.4024763498976525,normal,2026-07-12 19:27:36.915579
2,1,2346,3,2,4,4,0.5001944401722185,1.0525431127129916,1.4024763498976525,normal,2026-07-12 19:33:36.915579
19,2,541,0,2,4,4,1.585272843631636,1.0525431127129916,1.4024763498976525,normal,2026-07-12 19:46:36.915579
6,2,1268,1,2,4,0,-0.32654660852802475,1.0525431127129916,1.4024763498976525,normal,2026-07-12 19:50:36.915579
30,0,3229,1,2,3,1,-1.043601449455677,1.0525431127129916,1.4024763498976525,normal,2026-07-12 19:58:36.915579
44,2,1139,0,2,3,4,0.7759189619363538,1.1958978011396906,1.4024763498976525,normal,2026-07-12 20:28:36.915579
27,2,1573,1,3,4,0,-1.6118801941590097,1.1958978011396906,1.4024763498976525,normal,2026-07-12 20:52:36.915579
49,1,3030,2,1,3,4,1.5320252453964314,1.3392524895663893,1.4024763498976525,normal,2026-07-12 21:11:36.915579
10,1,16,3,3,4,4,1.4651870146874761,1.3392524895663893,1.4024763498976525,normal,2026-07-12 21:14:36.915579
11,0,4979,1,2,4,4,-1.2103990703534637,1.3392524895663893,1.4024763498976525,normal,2026-07-12 21:37:36.915579
25,1,1357,1,3,6,1,-1.7037371068546503,1.3392524895663893,1.4024763498976525,lateral_movement,2026-07-12 21:38:36.998575
25,1,1426,3,3,6,1,-1.7037371068546503,1.3392524895663893,1.4024763498976525,lateral_movement,2026-07-12 21:40:36.998575
25,1,3498,0,3,6,1,-1.7037371068546503,1.3392524895663893,1.4024763498976525,lateral_movement,2026-07-12 21:42:36.998575
38,1,3051,1,3,3,1,-1.178710021367639,1.3392524895663893,1.4024763498976525,normal,2026-07-12 21:44:36.915579
25,1,3065,2,3,6,1,-1.7037371068546503,1.3392524895663893,1.4024763498976525,lateral_movement,2026-07-12 21:44:36.998575
25,1,620,4,3,6,1,-1.7037371068546503,1.3392524895663893,1.4024763498976525,lateral_movement,2026-07-12 21:46:36.998575
39,2,155,1,2,3,4,0.0004551581070161276,1.3392524895663893,1.4024763498976525,normal,2026-07-12 21:48:36.915579
37,1,2211,3,3,3,0,0.031279173908514604,1.482607177993088,1.4024763498976525,normal,2026-07-12 22:20:36.915579
23,0,922,3,3,3,0,-1.2007203101688333,1.482607177993088,1.4024763498976525,normal,2026-07-12 22:23:36.915579
9,2,1661,2,0,3,0,-0.8537651114153297,1.482607177993088,1.4024763498976525,normal,2026-07-12 22:25:36.915579
17,0,4121,3,2,3,4,-1.0854978900165535,1.482607177993088,1.4024763498976525,normal,2026-07-12 22:28:36.915579
34,0,4365,1,1,4,1,1.5090730315723035,1.482607177993088,1.4024763498976525,normal,2026-07-12 22:28:36.915579
11,1,412,0,0,4,4,-0.24886662857551148,1.482607177993088,1.4024763498976525,normal,2026-07-12 22:47:36.915579
35,0,2353,3,2,3,4,1.5236344235084651,1.482607177993088,1.4024763498976525,normal,2026-07-12 22:53:36.915579
32,2,3403,1,1,3,0,-0.006032590775432069,1.482607177993088,1.4024763498976525,normal,2026-07-12 22:56:36.915579
33,0,4368,3,1,4,0,0.82244813577329,1.482607177993088,1.4024763498976525,normal,2026-07-12 22:57:36.915579
12,0,2011,0,2,4,0,-0.16050829453648013,1.6259618664197868,1.4024763498976525,normal,2026-07-12 23:07:36.915579
17,0,427,3,3,4,4,-1.5679076739557498,1.6259618664197868,1.4024763498976525,normal,2026-07-12 23:14:36.915579
47,2,100,2,3,4,1,1.2398362586906162,1.6259618664197868,1.4024763498976525,normal,2026-07-12 23:24:36.915579
13,1,2458,3,3,4,4,-0.020536313832638403,1.6259618664197868,1.4024763498976525,normal,2026-07-12 23:24:36.915579
9,2,1958,1,3,4,4,1.1569660796321448,1.6259618664197868,1.4024763498976525,normal,2026-07-12 23:28:36.915579
1,0,1889,1,3,3,4,-0.5049164511361337,1.6259618664197868,1.4024763498976525,normal,2026-07-12 23:35:36.915579
1,1,4889,0,1,3,4,-0.5276956583233964,1.6259618664197868,1.4024763498976525,normal,2026-07-12 23:55:36.915579
6,1,3630,2,1,3,1,-0.6259442051032267,1.6259618664197868,1.4024763498976525,normal,2026-07-12 23:58:36.915579
14,2,4321,3,1,4,1,0.08543986272717466,-1.6711959673942849,-1.5697549536424282,normal,2026-07-13 00:03:36.915579
45,0,3935,2,2,4,0,-1.114534170570444,-1.6711959673942849,-1.5697549536424282,normal,2026-07-13 00:21:36.915579
42,0,4494,1,2,3,4,-1.6238176521027143,-1.6711959673942849,-1.5697549536424282,normal,2026-07-13 00:44:36.915579
25,2,26,0,1,3,0,1.177150187266428,-1.527841278967586,-1.5697549536424282,normal,2026-07-13 01:03:36.915579
9,0,4320,2,3,4,1,0.9587581426634828,-1.527841278967586,-1.5697549536424282,normal,2026-07-13 01:21:36.915579
39,1,2359,3,1,4,1,0.8270712575695234,-1.527841278967586,-1.5697549536424282,normal,2026-07-13 01:21:36.915579
16,1,2300,3,1,3,1,1.0496539073765387,-1.527841278967586,-1.5697549536424282,normal,2026-07-13 01:32:36.915579
45,2,501,2,2,3,1,0.6265373424830057,-1.3844865905408872,-1.5697549536424282,normal,2026-07-13 02:12:36.915579
31,2,2604,2,0,4,4,-1.071561244269072,-1.3844865905408872,-1.5697549536424282,normal,2026-07-13 02:17:36.915579
39,2,89,0,2,4,4,-1.702689455553633,-1.3844865905408872,-1.5697549536424282,normal,2026-07-13 02:31:36.915579
23,2,3595,0,2,4,0,0.2754876533236905,-1.3844865905408872,-1.5697549536424282,normal,2026-07-13 02:45:36.915579
24,1,1866,3,3,3,1,-1.1610825673670315,-1.3844865905408872,-1.5697549536424282,normal,2026-07-13 02:46:36.915579
3,2,419,1,3,4,4,-1.6587169353503728,-1.3844865905408872,-1.5697549536424282,normal,2026-07-13 02:51:36.915579
26,1,1641,0,0,3,4,0.6514214637521296,-1.3844865905408872,-1.5697549536424282,normal,2026-07-13 02:51:36.915579
32,1,4965,3,2,4,1,-0.19687813419749334,-1.2411319021141884,-1.5697549536424282,normal,2026-07-13 03:01:36.915579
2,1,4484,2,0,4,1,-0.009915628625075104,-1.2411319021141884,-1.5697549536424282,normal,2026-07-13 03:03:36.915579
24,1,3238,1,0,3,0,0.4280698955590463,-1.2411319021141884,-1.5697549536424282,normal,2026-07-13 03:03:36.915579
45,0,3061,3,0,4,0,0.7507657192321064,-1.2411319021141884,-1.5697549536424282,normal,2026-07-13 03:32:36.915579
22,1,4561,3,3,4,1,1.1474891605238575,-1.2411319021141884,-1.5697549536424282,normal,2026-07-13 03:38:36.915579
5,1,2711,0,2,4,4,-0.2875336119149028,-1.2411319021141884,-1.5697549536424282,normal,2026-07-13 03:40:36.915579
20,0,2088,1,3,4,0,-0.6018962825789519,-1.2411319021141884,-1.5697549536424282,normal,2026-07-13 03:40:36.915579
48,0,3492,3,0,3,4,1.5084963427827527,-1.2411319021141884,-1.5697549536424282,normal,2026-07-13 03:42:36.915579
43,0,4827,1,2,3,1,-1.1424555194645356,-1.2411319021141884,-1.5697549536424282,normal,2026-07-13 03:51:36.915579
43,2,4215,1,0,3,1,-0.3912895366349447,-1.0977772136874897,-1.5697549536424282,normal,2026-07-13 04:02:36.915579
20,0,1487,2,1,3,4,-0.23561239789566552,-1.0977772136874897,-1.5697549536424282,normal,2026-07-13 04:11:36.915579
12,2,3103,1,2,4,4,-0.8124934170431334,-1.0977772136874897,-1.5697549536424282,normal,2026-07-13 04:14:36.915579
27,2,3430,3,2,3,1,-0.9698141188326327,-1.0977772136874897,-1.5697549536424282,normal,2026-07-13 04:24:36.915579
50,2,425,3,3,3,0,0.5911286508045777,-1.0977772136874897,-1.5697549536424282,normal,2026-07-13 04:28:36.915579
33,2,430,2,1,4,1,-1.159208328800991,-1.0977772136874897,-1.5697549536424282,normal,2026-07-13 04:35:36.915579
3,0,1264,3,0,4,0,0.7859917927938438,-1.0977772136874897,-1.5697549536424282,normal,2026-07-13 04:51:36.915579
10,2,1636,2,1,3,1,-0.7985952172149554,-1.0977772136874897,-1.5697549536424282,normal,2026-07-13 04:55:36.915579
7,0,1244,3,0,3,1,-0.648040997222854,-1.0977772136874897,-1.5697549536424282,normal,2026-07-13 04:59:36.915579
29,2,3450,3,0,4,1,-0.636757119907307,-0.954422525260791,-1.5697549536424282,normal,2026-07-13 05:14:36.915579
25,0,1443,3,0,3,0,0.5703390199412658,-0.954422525260791,-1.5697549536424282,normal,2026-07-13 05:28:36.915579
39,2,132,1,0,4,0,-1.2415787109085183,-0.954422525260791,-1.5697549536424282,normal,2026-07-13 05:48:36.915579
38,2,3110,1,1,3,4,0.05803753374367865,-0.954422525260791,-1.5697549536424282,normal,2026-07-13 05:49:36.915579
18,0,1547,2,0,3,1,1.4230598986107794,-0.954422525260791,-1.5697549536424282,normal,2026-07-13 05:52:36.915579
40,0,3893,2,2,3,1,1.3453510842187888,-0.8110678368340922,-1.5697549536424282,normal,2026-07-13 06:03:36.915579
9,2,1898,0,2,4,1,1.3226679918297843,-0.8110678368340922,-1.5697549536424282,normal,2026-07-13 06:04:36.915579
13,2,1333,2,3,3,1,1.3522521267337484,-0.8110678368340922,-1.5697549536424282,normal,2026-07-13 06:06:36.915579
40,0,1336,2,2,3,1,0.35568584099057615,-0.8110678368340922,-1.5697549536424282,normal,2026-07-13 06:11:36.915579
36,1,1697,2,2,4,4,-0.016932008897944963,-0.8110678368340922,-1.5697549536424282,normal,2026-07-13 06:20:36.915579
27,1,3154,1,3,4,0,0.07612633877592674,-0.8110678368340922,-1.5697549536424282,normal,2026-07-13 06:29:36.915579
24,0,4026,3,2,4,1,-0.42997574293398766,-0.8110678368340922,-1.5697549536424282,normal,2026-07-13 06:45:36.915579
50,0,2254,2,1,4,1,0.09730042883227247,-0.8110678368340922,-1.5697549536424282,normal,2026-07-13 06:48:36.915579
7,2,131,1,3,4,4,-0.5601055682961598,-0.6677131484073935,-1.5697549536424282,normal,2026-07-13 07:07:36.915579
5,0,109,0,2,4,1,-0.42850518652063274,-0.6677131484073935,-1.5697549536424282,normal,2026-07-13 07:20:36.915579
16,0,1409,0,3,3,4,-0.8171261503191927,-0.6677131484073935,-1.5697549536424282,normal,2026-07-13 07:24:36.915579
0,1,3923,3,3,4,4,1.205369492035121,-0.6677131484073935,-1.5697549536424282,normal,2026-07-13 07:56:36.915579
24,1,136,1,0,4,1,-0.12142801756457729,-0.6677131484073935,-1.5697549536424282,normal,2026-07-13 07:57:36.915579
20,2,4745,1,3,3,1,0.12492382185176301,-0.5243584599806946,-1.5697549536424282,normal,2026-07-13 08:09:36.915579
43,1,887,3,0,3,1,1.3589705511320171,-0.5243584599806946,-1.5697549536424282,normal,2026-07-13 08:18:36.915579
11,2,3084,1,2,3,0,1.2139140976003013,-0.5243584599806946,-1.5697549536424282,normal,2026-07-13 08:19:36.915579
20,0,2053,1,1,3,4,0.7991883545947347,-0.5243584599806946,-1.5697549536424282,normal,2026-07-13 08:28:36.915579
50,0,795,1,0,3,0,-1.2103029555552052,-0.5243584599806946,-1.5697549536424282,normal,2026-07-13 08:48:36.915579
21,2,4116,2,3,3,4,-0.14791725596461758,-0.5243584599806946,-1.5697549536424282,normal,2026-07-13 08:49:36.915579
13,0,2505,2,3,3,1,0.29242308077683665,-0.5243584599806946,-1.5697549536424282,normal,2026-07-13 08:51:36.915579
27,2,1627,3,0,3,1,-0.9158360481306638,-0.5243584599806946,-1.5697549536424282,normal,2026-07-13 08:51:36.915579
29,2,4045,0,0,3,1,0.6078045683024259,-0.5243584599806946,-1.5697549536424282,normal,2026-07-13 08:52:36.915579
37,1,869,1,1,3,0,1.2141543845959475,-0.5243584599806946,-1.5697549536424282,normal,2026-07-13 08:53:36.915579
50,2,3532,0,1,3,4,1.533774534724736,-0.5243584599806946,-1.5697549536424282,normal,2026-07-13 08:55:36.915579
11,2,4306,1,1,3,4,0.9566340056219701,-0.3810037715539959,-1.5697549536424282,normal,2026-07-13 09:00:36.915579
17,0,1079,1,1,3,0,1.1314764351339928,-0.3810037715539959,-1.5697549536424282,normal,2026-07-13 09:37:36.915579
38,0,4057,3,0,4,4,1.1777557104954564,-0.3810037715539959,-1.5697549536424282,normal,2026-07-13 09:39:36.915579
36,0,3570,0,0,3,4,0.5946656753804901,-0.3810037715539959,-1.5697549536424282,normal,2026-07-13 09:44:36.915579
19,2,326,0,0,4,4,-0.07176550130441449,-0.23764908312729716,-1.5697549536424282,normal,2026-07-13 10:04:36.915579
50,2,3054,2,1,3,0,1.1247387877760724,-0.23764908312729716,-1.5697549536424282,normal,2026-07-13 10:08:36.915579
17,1,4808,2,0,4,1,-1.1352084636758455,-0.23764908312729716,-1.5697549536424282,normal,2026-07-13 10:19:36.915579
17,1,3252,1,1,4,1,0.022282828791519653,-0.23764908312729716,-1.5697549536424282,normal,2026-07-13 10:20:36.915579
16,0,711,0,0,3,0,-1.2445774926141833,-0.23764908312729716,-1.5697549536424282,normal,2026-07-13 10:20:36.915579
8,0,1549,0,0,3,0,0.7767839951206803,-0.23764908312729716,-1.5697549536424282,normal,2026-07-13 10:27:36.915579
45,0,852,2,2,4,1,-1.3766680598608285,-0.23764908312729716,-1.5697549536424282,normal,2026-07-13 10:27:36.915579
24,2,3469,3,2,3,0,-1.2369652005921106,-0.23764908312729716,-1.5697549536424282,normal,2026-07-13 10:28:36.915579
1,1,3897,2,3,3,0,-0.1281560534426717,-0.23764908312729716,-1.5697549536424282,normal,2026-07-13 10:38:36.915579
20,0,1768,3,3,4,4,-0.6069423094875227,-0.23764908312729716,-1.5697549536424282,normal,2026-07-13 10:53:36.915579
9,0,358,0,3,3,4,-1.2883962291402298,-0.23764908312729716,-1.5697549536424282,normal,2026-07-13 10:56:36.915579
4,1,4814,1,1,4,4,0.2673371184313704,-0.23764908312729716,-1.5697549536424282,normal,2026-07-13 10:58:36.915579
45,2,2745,1,0,4,4,-0.8613101230786213,-0.23764908312729716,-1.5697549536424282,normal,2026-07-13 10:59:36.915579
47,1,4974,0,0,4,1,-0.43408945629945106,-0.09429439470059839,-1.5697549536424282,normal,2026-07-13 11:12:36.915579
32,0,4957,1,2,3,1,-0.3901169360961911,-0.09429439470059839,-1.5697549536424282,normal,2026-07-13 11:13:36.915579
13,1,3204,0,3,3,0,1.2296865359945197,-0.09429439470059839,-1.5697549536424282,normal,2026-07-13 11:18:36.915579
3,0,2425,0,3,3,4,-0.21142030317400304,-0.09429439470059839,-1.5697549536424282,normal,2026-07-13 11:26:36.915579
46,2,1894,2,1,3,1,0.22412390513435246,-0.09429439470059839,-1.5697549536424282,normal,2026-07-13 11:27:36.915579
49,1,3844,3,2,4,0,-0.5869600429295823,-0.09429439470059839,-1.5697549536424282,normal,2026-07-13 11:44:36.915579
43,1,3034,3,0,4,1,0.44326564516371375,-0.09429439470059839,-1.5697549536424282,normal,2026-07-13 11:48:36.915579
49,0,4751,3,2,4,4,-0.023833051412904736,-0.09429439470059839,-1.5697549536424282,normal,2026-07-13 11:58:36.915579
24,1,4920,2,1,4,1,-0.31642572027140536,0.04906029372610037,-1.5697549536424282,normal,2026-07-13 12:01:36.915579
23,2,1299,3,3,4,0,0.2855700956610061,0.04906029372610037,-1.5697549536424282,normal,2026-07-13 12:02:36.915579
6,1,3659,2,1,3,4,0.9537505616742153,0.04906029372610037,-1.5697549536424282,normal,2026-07-13 12:04:36.915579
21,0,212,1,3,4,4,1.6754093014384492,0.04906029372610037,-1.5697549536424282,normal,2026-07-13 12:10:36.915579
18,1,4295,3,3,3,1,1.674669217491859,0.04906029372610037,-1.5697549536424282,normal,2026-07-13 12:21:36.915579
27,1,2600,3,3,3,4,-1.3450559027136106,0.04906029372610037,-1.5697549536424282,normal,2026-07-13 12:21:36.915579
50,2,4970,1,0,3,1,0.15467135191276626,0.04906029372610037,-1.5697549536424282,normal,2026-07-13 12:25:36.915579
27,1,2041,1,0,3,4,1.2440749212938156,0.04906029372610037,-1.5697549536424282,normal,2026-07-13 12:32:36.915579
24,1,891,3,2,3,4,0.6363026059860688,0.04906029372610037,-1.5697549536424282,normal,2026-07-13 12:43:36.915579
16,2,4926,2,2,3,1,1.620191349838946,0.04906029372610037,-1.5697549536424282,normal,2026-07-13 12:47:36.915579
41,2,4711,3,1,3,4,0.6009419717067698,0.04906029372610037,-1.5697549536424282,normal,2026-07-13 12:54:36.915579
27,0,294,0,0,3,0,0.8953223758128782,0.19241498215279915,-1.5697549536424282,normal,2026-07-13 13:01:36.915579
42,0,2370,1,2,4,1,-0.7266340677588227,0.19241498215279915,-1.5697549536424282,normal,2026-07-13 13:08:36.915579
25,0,4483,3,2,3,4,1.4718573816866156,0.19241498215279915,-1.5697549536424282,normal,2026-07-13 13:08:36.915579
23,1,1794,1,0,4,4,-1.5365838612033071,0.19241498215279915,-1.5697549536424282,normal,2026-07-13 13:21:36.915579
43,0,312,1,1,3,1,0.14932736912959418,0.19241498215279915,-1.5697549536424282,normal,2026-07-13 13:27:36.915579
30,0,39,1,3,3,0,-1.5746260983540183,0.19241498215279915,-1.5697549536424282,normal,2026-07-13 13:43:36.915579
15,1,3083,0,0,3,0,0.26041685295675915,0.19241498215279915,-1.5697549536424282,normal,2026-07-13 13:50:36.915579
1,0,1069,3,3,4,1,1.52142378314852,0.3357696705794979,-1.5697549536424282,normal,2026-07-13 14:07:36.915579
12,0,1869,0,0,3,0,1.1879054331915535,0.3357696705794979,-1.5697549536424282,normal,2026-07-13 14:12:36.915579
31,1,517,1,1,3,4,-0.8414816401978945,0.3357696705794979,-1.5697549536424282,normal,2026-07-13 14:37:36.915579
6,0,2799,0,2,3,1,-0.3376478677268805,0.3357696705794979,-1.5697549536424282,normal,2026-07-13 14:52:36.915579
22,0,4860,1,1,4,0,0.2703551230966869,0.47912435900619665,-1.5697549536424282,normal,2026-07-13 15:07:36.915579
36,1,4162,1,2,4,4,-0.6531639159700315,0.47912435900619665,-1.5697549536424282,normal,2026-07-13 15:10:36.915579
13,1,3976,0,3,3,0,1.3476674508568183,0.47912435900619665,-1.5697549536424282,normal,2026-07-13 15:30:36.915579
20,1,1951,1,2,4,4,1.3395457504039758,0.47912435900619665,-1.5697549536424282,normal,2026-07-13 15:34:36.915579
16,2,1254,1,0,3,4,1.0697419002125634,0.47912435900619665,-1.5697549536424282,normal,2026-07-13 15:41:36.915579
45,0,3881,1,0,3,0,-0.07670580193490106,0.47912435900619665,-1.5697549536424282,normal,2026-07-13 15:55:36.915579
0,0,883,3,2,3,0,0.9955028300377042,0.6224790474328954,-1.5697549536424282,normal,2026-07-13 16:11:36.915579
7,1,4115,0,0,4,1,1.1283719271502435,0.6224790474328954,-1.5697549536424282,normal,2026-07-13 16:14:36.915579
2,2,234,0,2,4,1,0.5141887547986549,0.6224790474328954,-1.5697549536424282,normal,2026-07-13 16:24:36.915579
35,1,4322,3,1,3,1,1.1608106715624846,0.6224790474328954,-1.5697549536424282,normal,2026-07-13 16:30:36.915579
45,2,2821,2,1,4,1,1.6657882101327746,0.6224790474328954,-1.5697549536424282,normal,2026-07-13 16:32:36.915579
18,2,2708,1,2,4,4,0.7169717561644209,0.6224790474328954,-1.5697549536424282,normal,2026-07-13 16:56:36.915579
19,1,389,2,2,4,4,0.5085179817014037,0.7658337358595942,-1.5697549536424282,normal,2026-07-13 17:10:36.915579
6,2,1520,1,3,3,1,0.7248627811014431,0.7658337358595942,-1.5697549536424282,normal,2026-07-13 17:16:36.915579
14,1,331,1,1,3,0,-0.6417647008965742,0.7658337358595942,-1.5697549536424282,normal,2026-07-13 17:18:36.915579
28,1,3068,3,3,3,4,0.2302271948237668,0.7658337358595942,-1.5697549536424282,normal,2026-07-13 17:25:36.915579
37,2,3869,2,1,3,0,-0.987258954716549,0.7658337358595942,-1.5697549536424282,normal,2026-07-13 17:28:36.915579
10,0,3937,3,0,4,1,-0.8714790687343698,0.7658337358595942,-1.5697549536424282,normal,2026-07-13 17:42:36.915579
2,0,2446,2,3,3,0,1.3250804732660728,0.7658337358595942,-1.5697549536424282,normal,2026-07-13 17:48:36.915579
46,0,3003,3,0,3,4,0.7288323222695189,0.7658337358595942,-1.5697549536424282,normal,2026-07-13 17:57:36.915579
30,2,1271,2,1,4,0,1.702273387551698,0.909188424286293,-1.5697549536424282,normal,2026-07-13 18:01:36.915579
36,2,3556,0,2,3,1,-0.6700320630643968,0.909188424286293,-1.5697549536424282,normal,2026-07-13 18:04:36.915579
47,1,4759,2,1,3,0,0.9244932170843304,0.909188424286293,-1.5697549536424282,normal,2026-07-13 18:16:36.915579
14,2,1177,3,3,3,4,-1.2487104289392983,0.909188424286293,-1.5697549536424282,normal,2026-07-13 18:35:36.915579
12,2,4179,2,0,4,0,-1.406598208038523,0.909188424286293,-1.5697549536424282,normal,2026-07-13 18:38:36.915579
1,2,1304,0,1,4,0,-0.6537309932797566,0.909188424286293,-1.5697549536424282,normal,2026-07-13 18:43:36.915579
39,2,1892,2,1,3,1,-0.4280726699284695,0.909188424286293,-1.5697549536424282,normal,2026-07-13 18:45:36.915579
13,2,3285,2,2,3,1,-1.0939944381826041,0.909188424286293,-1.5697549536424282,normal,2026-07-13 18:50:36.915579
28,0,818,0,0,3,4,0.1114293041762708,1.0525431127129916,-1.5697549536424282,normal,2026-07-13 19:06:36.915579
39,0,2034,0,0,4,0,-0.11395028626006665,1.0525431127129916,-1.5697549536424282,normal,2026-07-13 19:09:36.915579
27,0,741,1,3,3,4,-1.2042285003052684,1.0525431127129916,-1.5697549536424282,normal,2026-07-13 19:09:36.915579
43,2,3966,1,2,4,4,-0.09369889826700248,1.0525431127129916,-1.5697549536424282,normal,2026-07-13 19:27:36.915579
33,0,347,3,1,3,1,-0.9876145794701054,1.0525431127129916,-1.5697549536424282,normal,2026-07-13 19:31:36.915579
26,1,2135,0,1,3,1,-0.11090344715527238,1.0525431127129916,-1.5697549536424282,normal,2026-07-13 19:37:36.915579
42,1,1920,2,3,3,0,-0.2647447932478143,1.0525431127129916,-1.5697549536424282,normal,2026-07-13 19:38:36.915579
13,2,4074,1,3,4,0,0.8764838753542139,1.0525431127129916,-1.5697549536424282,normal,2026-07-13 19:40:36.915579
15,0,2477,2,1,4,1,0.45777897970074594,1.0525431127129916,-1.5697549536424282,normal,2026-07-13 19:41:36.915579
14,1,589,0,2,3,1,-1.2007875905276144,1.0525431127129916,-1.5697549536424282,normal,2026-07-13 19:51:36.915579
50,2,3655,0,2,4,4,0.7441818555513998,1.1958978011396906,-1.5697549536424282,normal,2026-07-13 20:05:36.915579
12,0,289,3,2,4,1,-1.6640609181335448,1.1958978011396906,-1.5697549536424282,normal,2026-07-13 20:07:36.915579
46,0,4331,0,3,4,1,-0.8951425320656105,1.1958978011396906,-1.5697549536424282,normal,2026-07-13 20:11:36.915579
15,1,3794,3,0,3,1,1.321764512726155,1.1958978011396906,-1.5697549536424282,normal,2026-07-13 20:21:36.915579
6,1,3553,3,0,3,4,-1.2706918833010155,1.1958978011396906,-1.5697549536424282,normal,2026-07-13 20:23:36.915579
48,1,2856,2,0,4,4,-0.38350423797600697,1.1958978011396906,-1.5697549536424282,normal,2026-07-13 20:27:36.915579
1,0,1126,0,0,3,4,0.8772239593008043,1.1958978011396906,-1.5697549536424282,normal,2026-07-13 20:33:36.915579
47,0,3184,3,2,4,4,0.3130781509225868,1.1958978011396906,-1.5697549536424282,normal,2026-07-13 20:40:36.915579
22,2,248,2,3,3,1,0.1305657605095366,1.1958978011396906,-1.5697549536424282,normal,2026-07-13 20:58:36.915579
44,1,4886,1,3,4,1,-0.2898403670731067,1.3392524895663893,-1.5697549536424282,normal,2026-07-13 21:11:36.915579
3,0,2583,1,3,4,1,-1.7073702462288214,1.3392524895663893,-1.5697549536424282,normal,2026-07-13 21:13:36.915579
20,0,1260,1,0,3,1,-1.1301816597269263,1.3392524895663893,-1.5697549536424282,normal,2026-07-13 21:19:36.915579
18,2,503,1,0,4,4,1.100412132336848,1.3392524895663893,-1.5697549536424282,normal,2026-07-13 21:23:36.915579
30,0,4175,1,1,7,3,-1.4298099318179487,1.3392524895663893,-1.5697549536424282,device_spoofing,2026-07-13 21:38:36.998575
7,1,2173,1,1,3,0,-1.182006758947905,1.3392524895663893,-1.5697549536424282,normal,2026-07-13 21:40:36.915579
44,2,491,2,3,3,0,0.9151796931330829,1.482607177993088,-1.5697549536424282,normal,2026-07-13 22:24:36.915579
35,2,2496,2,2,4,0,0.9541542438269011,1.482607177993088,-1.5697549536424282,normal,2026-07-13 22:26:36.915579
0,0,914,2,0,4,0,1.485217338644546,1.482607177993088,-1.5697549536424282,normal,2026-07-13 22:26:36.915579
20,0,4572,2,0,4,4,0.5270008574065117,1.482607177993088,-1.5697549536424282,normal,2026-07-13 22:33:36.915579
41,1,1429,2,0,4,4,1.2914691283150783,1.482607177993088,-1.5697549536424282,normal,2026-07-13 22:39:36.915579
3,2,3943,1,1,4,1,-1.4365571906556949,1.6259618664197868,-1.5697549536424282,normal,2026-07-13 23:27:36.915579
12,2,4652,3,2,4,4,-0.8907596972650232,-1.6711959673942849,-1.0743830697190815,normal,2026-07-14 00:04:36.915579
4,0,4890,1,2,4,4,-0.2985291448356743,-1.6711959673942849,-1.0743830697190815,normal,2026-07-14 00:05:36.915579
6,1,3811,3,0,3,4,1.2369143688235582,-1.6711959673942849,-1.0743830697190815,normal,2026-07-14 00:08:36.915579
30,2,4085,1,3,3,0,0.6169354741369827,-1.6711959673942849,-1.0743830697190815,normal,2026-07-14 00:09:36.915579
33,0,4310,1,2,3,4,1.449702920688033,-1.6711959673942849,-1.0743830697190815,normal,2026-07-14 00:17:36.915579
5,0,3133,3,1,3,1,-0.155481490587561,-1.6711959673942849,-1.0743830697190815,normal,2026-07-14 00:18:36.915579
24,0,565,3,3,3,4,-0.5007931262908445,-1.6711959673942849,-1.0743830697190815,normal,2026-07-14 00:23:36.915579
36,1,2169,0,0,4,0,-1.3917869176268893,-1.6711959673942849,-1.0743830697190815,normal,2026-07-14 00:58:36.915579
41,2,1917,1,1,3,0,-1.0821338720775062,-1.527841278967586,-1.0743830697190815,normal,2026-07-14 01:07:36.915579
30,0,2667,0,3,4,0,-0.12506115693874825,-1.527841278967586,-1.0743830697190815,normal,2026-07-14 01:14:36.915579
24,0,2998,0,3,3,0,0.6286710910043446,-1.527841278967586,-1.0743830697190815,normal,2026-07-14 01:19:36.915579
19,2,3370,1,2,3,1,0.1856491513914782,-1.527841278967586,-1.0743830697190815,normal,2026-07-14 01:19:36.915579
41,0,3161,3,0,4,4,-1.0576245985215909,-1.527841278967586,-1.0743830697190815,normal,2026-07-14 01:21:36.915579
31,1,2876,3,1,3,0,-0.5796841527014145,-1.527841278967586,-1.0743830697190815,normal,2026-07-14 01:24:36.915579
19,0,473,1,1,3,4,-1.4161327960257653,-1.527841278967586,-1.0743830697190815,normal,2026-07-14 01:25:36.915579
20,2,261,1,2,4,0,0.31002170033796644,-1.3844865905408872,-1.0743830697190815,normal,2026-07-14 02:06:36.915579
45,2,260,0,3,3,0,0.6364467781834566,-1.3844865905408872,-1.0743830697190815,normal,2026-07-14 02:21:36.915579
7,2,4145,0,1,4,4,0.7371270293592268,-1.3844865905408872,-1.0743830697190815,normal,2026-07-14 02:37:36.915579
24,0,2514,0,0,4,1,0.4647280796148349,-1.3844865905408872,-1.0743830697190815,normal,2026-07-14 02:51:36.915579
26,1,4305,0,0,3,1,1.5712400830858961,-1.3844865905408872,-1.0743830697190815,normal,2026-07-14 02:55:36.915579
46,1,2389,3,2,3,0,-1.1922333734826085,-1.3844865905408872,-1.0743830697190815,normal,2026-07-14 02:58:36.915579
47,2,3843,3,0,3,0,0.2196065096162033,-1.2411319021141884,-1.0743830697190815,normal,2026-07-14 03:04:36.915579
20,1,3543,0,0,4,1,0.5779513119633385,-1.2411319021141884,-1.0743830697190815,normal,2026-07-14 03:19:36.915579
22,0,3617,0,2,3,4,0.04923341822320072,-1.2411319021141884,-1.0743830697190815,normal,2026-07-14 03:34:36.915579
47,0,2503,2,2,4,1,-0.5682272687490022,-1.2411319021141884,-1.0743830697190815,normal,2026-07-14 03:49:36.915579
29,1,4949,1,2,4,0,1.4311431531443184,-1.0977772136874897,-1.0743830697190815,normal,2026-07-14 04:03:36.915579
6,1,4470,0,3,3,4,0.37231370108929496,-1.0977772136874897,-1.0743830697190815,normal,2026-07-14 04:32:36.915579
11,1,1818,1,2,3,1,-0.5303580382351566,-1.0977772136874897,-1.0743830697190815,normal,2026-07-14 04:34:36.915579
6,2,232,1,1,4,1,1.2150194177802736,-1.0977772136874897,-1.0743830697190815,normal,2026-07-14 04:37:36.915579
46,0,3516,3,3,4,1,-1.6042582906571112,-1.0977772136874897,-1.0743830697190815,normal,2026-07-14 04:55:36.915579
48,2,4772,2,3,3,1,0.0972619829129691,-1.0977772136874897,-1.0743830697190815,normal,2026-07-14 04:55:36.915579
32,1,3536,0,0,3,0,-1.673931907914692,-1.0977772136874897,-1.0743830697190815,normal,2026-07-14 04:57:36.915579
11,2,3511,1,1,3,0,0.3449209835856248,-1.0977772136874897,-1.0743830697190815,normal,2026-07-14 04:59:36.915579
2,0,1138,1,1,4,1,1.0148411274473126,-0.954422525260791,-1.0743830697190815,normal,2026-07-14 05:01:36.915579
35,1,1905,3,1,3,4,-1.3297736497905104,-0.954422525260791,-1.0743830697190815,normal,2026-07-14 05:02:36.915579
11,1,3286,2,1,3,0,-0.14600457147927356,-0.954422525260791,-1.0743830697190815,normal,2026-07-14 05:12:36.915579
49,1,1690,1,2,4,1,0.29189444938641523,-0.954422525260791,-1.0743830697190815,normal,2026-07-14 05:25:36.915579
24,2,3712,1,1,4,1,-0.03868278774384176,-0.954422525260791,-1.0743830697190815,normal,2026-07-14 05:28:36.915579
45,1,1851,1,1,3,4,-0.686707980562245,-0.954422525260791,-1.0743830697190815,normal,2026-07-14 05:33:36.915579
45,1,1731,0,0,3,0,0.03349942574828572,-0.954422525260791,-1.0743830697190815,normal,2026-07-14 05:41:36.915579
46,2,140,1,2,4,0,1.5990172597826005,-0.954422525260791,-1.0743830697190815,normal,2026-07-14 05:54:36.915579
49,2,1380,3,1,4,1,-1.4143162263386797,-0.954422525260791,-1.0743830697190815,normal,2026-07-14 05:54:36.915579
10,2,4881,1,2,3,4,-1.6644261543669272,-0.954422525260791,-1.0743830697190815,normal,2026-07-14 05:56:36.915579
26,0,3208,1,2,4,1,-0.6528563486156044,-0.8110678368340922,-1.0743830697190815,normal,2026-07-14 06:01:36.915579
16,1,210,3,3,3,4,0.9487237577252962,-0.8110678368340922,-1.0743830697190815,normal,2026-07-14 06:05:36.915579
49,2,2490,0,1,3,0,0.23243783518371208,-0.8110678368340922,-1.0743830697190815,normal,2026-07-14 06:19:36.915579
24,0,921,2,0,4,0,0.3596649936384776,-0.8110678368340922,-1.0743830697190815,normal,2026-07-14 06:27:36.915579
44,2,2468,1,2,4,1,0.8795691603783116,-0.8110678368340922,-1.0743830697190815,normal,2026-07-14 06:35:36.915579
39,1,3388,2,2,4,1,1.4127179463181654,-0.8110678368340922,-1.0743830697190815,normal,2026-07-14 06:38:36.915579
16,1,479,1,2,4,1,1.73975815887251,-0.8110678368340922,-1.0743830697190815,normal,2026-07-14 06:42:36.915579
29,1,2864,2,3,4,1,1.1092739167362808,-0.8110678368340922,-1.0743830697190815,normal,2026-07-14 06:45:36.915579
16,0,3049,1,1,3,0,-1.3912294517969899,-0.8110678368340922,-1.0743830697190815,normal,2026-07-14 06:52:36.915579
18,1,3163,0,2,4,4,-1.3769275698161265,-0.8110678368340922,-1.0743830697190815,normal,2026-07-14 06:54:36.915579
21,2,2687,0,0,3,1,0.7374922655926088,-0.6677131484073935,-1.0743830697190815,normal,2026-07-14 07:02:36.915579
2,1,908,2,0,4,1,1.2344442185083149,-0.6677131484073935,-1.0743830697190815,normal,2026-07-14 07:09:36.915579
38,0,2297,0,0,4,1,-0.816405289332254,-0.6677131484073935,-1.0743830697190815,normal,2026-07-14 07:21:36.915579
37,0,4455,3,3,3,0,0.84372795210772,-0.6677131484073935,-1.0743830697190815,normal,2026-07-14 07:26:36.915579
31,2,3033,2,0,3,1,-1.5598820883011655,-0.6677131484073935,-1.0743830697190815,normal,2026-07-14 07:32:36.915579
13,0,2661,2,3,4,1,0.9375071607685306,-0.6677131484073935,-1.0743830697190815,normal,2026-07-14 07:34:36.915579
30,1,761,3,3,4,0,1.5041135079821655,-0.6677131484073935,-1.0743830697190815,normal,2026-07-14 07:57:36.915579
5,1,134,3,0,4,0,-1.024157425767984,-0.5243584599806946,-1.0743830697190815,normal,2026-07-14 08:00:36.915579
12,1,2702,1,1,4,0,-1.5001179067440356,-0.5243584599806946,-1.0743830697190815,normal,2026-07-14 08:46:36.915579
41,1,3620,0,3,4,0,0.8514844163271804,-0.5243584599806946,-1.0743830697190815,normal,2026-07-14 08:48:36.915579
4,2,4791,3,1,4,4,0.5012324799934101,-0.3810037715539959,-1.0743830697190815,normal,2026-07-14 09:00:36.915579
44,2,1,2,3,3,0,1.2009578227950566,-0.3810037715539959,-1.0743830697190815,normal,2026-07-14 09:01:36.915579
33,0,2956,3,0,3,1,0.18827308538393506,-0.3810037715539959,-1.0743830697190815,normal,2026-07-14 09:10:36.915579
17,0,2548,0,2,4,4,-1.5069997262993433,-0.3810037715539959,-1.0743830697190815,normal,2026-07-14 09:16:36.915579
20,0,178,2,3,4,4,-0.7679826539696257,-0.3810037715539959,-1.0743830697190815,normal,2026-07-14 09:48:36.915579
0,1,4801,0,2,4,4,1.0510475719512866,-0.3810037715539959,-1.0743830697190815,normal,2026-07-14 09:54:36.915579
38,2,4527,2,0,4,1,0.11491827135305416,-0.3810037715539959,-1.0743830697190815,normal,2026-07-14 09:55:36.915579
17,2,3675,1,1,4,4,-1.5314609424561296,-0.3810037715539959,-1.0743830697190815,normal,2026-07-14 09:57:36.915579
38,1,675,1,1,4,0,-0.28349679038804604,-0.23764908312729716,-1.0743830697190815,normal,2026-07-14 10:25:36.915579
25,2,272,1,1,4,4,0.4062230019148911,-0.23764908312729716,-1.0743830697190815,normal,2026-07-14 10:26:36.915579
14,0,1459,3,3,3,0,0.10481660605608668,-0.23764908312729716,-1.0743830697190815,normal,2026-07-14 10:32:36.915579
29,0,4102,1,2,3,0,1.3504643914861403,-0.23764908312729716,-1.0743830697190815,normal,2026-07-14 10:34:36.915579
32,0,881,3,3,3,0,1.1012098851623935,-0.23764908312729716,-1.0743830697190815,normal,2026-07-14 10:34:36.915579
35,0,2023,0,0,3,1,0.3448056458277147,-0.23764908312729716,-1.0743830697190815,normal,2026-07-14 10:37:36.915579
15,0,1902,2,1,4,4,1.567222484518691,-0.23764908312729716,-1.0743830697190815,normal,2026-07-14 10:48:36.915579
26,2,4961,0,0,3,4,0.6729896244813353,-0.23764908312729716,-1.0743830697190815,normal,2026-07-14 10:53:36.915579
17,1,1736,1,0,3,1,-0.2728376592611794,-0.09429439470059839,-1.0743830697190815,normal,2026-07-14 11:04:36.915579
42,2,3985,3,2,4,0,-0.30484388708125715,-0.09429439470059839,-1.0743830697190815,normal,2026-07-14 11:07:36.915579
36,0,3826,0,0,4,0,-0.15958559247319856,-0.09429439470059839,-1.0743830697190815,normal,2026-07-14 11:19:36.915579
2,0,918,0,0,4,4,0.4167187378847184,-0.09429439470059839,-1.0743830697190815,normal,2026-07-14 11:23:36.915579
48,2,649,3,0,4,1,-1.4622198417907122,-0.09429439470059839,-1.0743830697190815,normal,2026-07-14 11:34:36.915579
35,2,605,0,3,4,4,-1.30622552421718,-0.09429439470059839,-1.0743830697190815,normal,2026-07-14 11:55:36.915579
47,1,2500,0,3,3,0,0.001195242053606497,-0.09429439470059839,-1.0743830697190815,normal,2026-07-14 11:58:36.915579
38,0,3912,3,3,4,1,1.60807127377855,0.04906029372610037,-1.0743830697190815,normal,2026-07-14 12:18:36.915579
30,2,4184,2,3,3,1,-0.22852873726401476,0.04906029372610037,-1.0743830697190815,normal,2026-07-14 12:29:36.915579
26,0,2809,0,0,4,4,1.5785544192333671,0.04906029372610037,-1.0743830697190815,normal,2026-07-14 12:49:36.915579
25,0,4072,2,0,3,4,0.6929911139989273,0.04906029372610037,-1.0743830697190815,normal,2026-07-14 12:50:36.915579
15,2,97,3,1,3,4,0.9232148902674925,0.04906029372610037,-1.0743830697190815,normal,2026-07-14 12:59:36.915579
36,2,797,3,1,3,0,0.5402743110460094,0.19241498215279915,-1.0743830697190815,normal,2026-07-14 13:01:36.915579
35,2,3753,3,3,4,0,-0.7634748699313025,0.19241498215279915,-1.0743830697190815,normal,2026-07-14 13:02:36.915579
8,0,4944,3,0,4,1,0.19900910834940866,0.19241498215279915,-1.0743830697190815,normal,2026-07-14 13:07:36.915579
19,1,828,0,3,4,4,-0.6636692634196847,0.19241498215279915,-1.0743830697190815,normal,2026-07-14 13:10:36.915579
22,2,2003,3,1,4,0,0.7928543893895004,0.19241498215279915,-1.0743830697190815,normal,2026-07-14 13:19:36.915579
29,0,1530,1,2,4,0,-1.2215676099111004,0.19241498215279915,-1.0743830697190815,normal,2026-07-14 13:20:36.915579
16,1,381,2,0,3,0,-0.21711029923090583,0.19241498215279915,-1.0743830697190815,normal,2026-07-14 13:29:36.915579
0,2,4476,2,2,4,4,-0.5708608142212849,0.19241498215279915,-1.0743830697190815,normal,2026-07-14 13:44:36.915579
26,1,2594,1,3,4,0,-0.5275899320453119,0.19241498215279915,-1.0743830697190815,normal,2026-07-14 13:44:36.915579
19,2,3267,1,2,3,1,-0.053609415913385514,0.19241498215279915,-1.0743830697190815,normal,2026-07-14 13:52:36.915579
40,0,3648,3,1,4,0,-1.107517790297574,0.3357696705794979,-1.0743830697190815,normal,2026-07-14 14:04:36.915579
32,0,4705,3,2,4,1,1.5957397451619857,0.3357696705794979,-1.0743830697190815,normal,2026-07-14 14:22:36.915579
2,2,3419,0,1,3,0,-0.22266573457024663,0.3357696705794979,-1.0743830697190815,normal,2026-07-14 14:27:36.915579
37,2,1296,0,2,4,4,1.057131638681049,0.3357696705794979,-1.0743830697190815,normal,2026-07-14 14:31:36.915579
28,0,3568,1,3,3,0,-1.1322000704903545,0.3357696705794979,-1.0743830697190815,normal,2026-07-14 14:36:36.915579
45,2,3759,0,1,3,0,1.3961958124975307,0.3357696705794979,-1.0743830697190815,normal,2026-07-14 14:38:36.915579
23,0,1689,2,0,4,4,-1.3235069649440565,0.3357696705794979,-1.0743830697190815,normal,2026-07-14 14:49:36.915579
50,0,934,3,3,4,1,-0.1316065747001515,0.3357696705794979,-1.0743830697190815,normal,2026-07-14 14:54:36.915579
45,1,4584,3,3,4,1,0.5796429324126877,0.3357696705794979,-1.0743830697190815,normal,2026-07-14 14:57:36.915579
9,1,103,2,3,3,1,1.703993842440525,0.3357696705794979,-1.0743830697190815,normal,2026-07-14 14:58:36.915579
13,1,4185,1,0,4,4,-0.0652296950228371,0.47912435900619665,-1.0743830697190815,normal,2026-07-14 15:03:36.915579
43,2,858,2,2,4,0,-1.380781773226292,0.47912435900619665,-1.0743830697190815,normal,2026-07-14 15:24:36.915579
27,1,3827,2,1,3,0,-1.3953623881221053,0.47912435900619665,-1.0743830697190815,normal,2026-07-14 15:33:36.915579
15,0,2558,0,3,3,4,0.8413731395503866,0.47912435900619665,-1.0743830697190815,normal,2026-07-14 15:35:36.915579
14,1,1882,2,1,4,1,-1.2118119578878634,0.47912435900619665,-1.0743830697190815,normal,2026-07-14 15:42:36.915579
42,1,1436,2,1,4,1,0.655669737835155,0.47912435900619665,-1.0743830697190815,normal,2026-07-14 15:48:36.915579
25,1,4376,2,3,4,1,0.15000978419722952,0.6224790474328954,-1.0743830697190815,normal,2026-07-14 16:10:36.915579
47,0,2622,1,1,4,1,-1.5060481897965843,0.6224790474328954,-1.0743830697190815,normal,2026-07-14 16:24:36.915579
11,2,387,2,1,3,1,0.6264412276847474,0.6224790474328954,-1.0743830697190815,normal,2026-07-14 16:32:36.915579
8,1,2774,0,1,3,1,-0.6672639568745523,0.6224790474328954,-1.0743830697190815,normal,2026-07-14 16:37:36.915579
41,0,1891,2,3,4,1,0.8239475266261225,0.6224790474328954,-1.0743830697190815,normal,2026-07-14 16:53:36.915579
6,0,2858,0,1,4,0,-1.6246826852870409,0.6224790474328954,-1.0743830697190815,normal,2026-07-14 16:57:36.915579
15,0,2671,3,2,3,4,-0.4635678649253306,0.7658337358595942,-1.0743830697190815,normal,2026-07-14 17:03:36.915579
15,0,484,3,0,4,0,1.1495652401662406,0.7658337358595942,-1.0743830697190815,normal,2026-07-14 17:07:36.915579
30,1,1830,2,2,3,0,0.11052582507264093,0.7658337358595942,-1.0743830697190815,normal,2026-07-14 17:07:36.915579
19,0,3247,3,2,3,4,-0.6436389394626149,0.7658337358595942,-1.0743830697190815,normal,2026-07-14 17:46:36.915579
16,1,1673,3,1,4,4,1.0121403016162491,0.7658337358595942,-1.0743830697190815,normal,2026-07-14 17:54:36.915579
6,1,957,2,1,4,1,-0.2661480693023883,0.909188424286293,-1.0743830697190815,normal,2026-07-14 18:01:36.915579
46,2,4358,1,3,4,0,0.7685757913494051,0.909188424286293,-1.0743830697190815,normal,2026-07-14 18:21:36.915579
5,1,708,2,3,4,1,1.032180237053145,0.909188424286293,-1.0743830697190815,normal,2026-07-14 18:27:36.915579
50,2,1143,1,2,4,4,-0.2750675225807763,0.909188424286293,-1.0743830697190815,normal,2026-07-14 18:51:36.915579
25,2,169,2,2,4,1,0.46258471961367054,0.909188424286293,-1.0743830697190815,normal,2026-07-14 18:58:36.915579
34,2,3076,2,1,3,0,-0.1553949872691282,0.909188424286293,-1.0743830697190815,normal,2026-07-14 18:59:36.915579
23,1,824,2,2,4,1,-0.3893864636294266,1.0525431127129916,-1.0743830697190815,normal,2026-07-14 19:11:36.915579
0,0,2445,0,3,3,4,-0.9758309052036143,1.0525431127129916,-1.0743830697190815,normal,2026-07-14 19:17:36.915579
21,1,943,3,2,3,0,-0.5151142312313597,1.0525431127129916,-1.0743830697190815,normal,2026-07-14 19:20:36.915579
40,0,2552,3,1,4,0,1.4970298473505146,1.0525431127129916,-1.0743830697190815,normal,2026-07-14 19:35:36.915579
5,2,4017,3,0,3,4,-1.4079534266939677,1.0525431127129916,-1.0743830697190815,normal,2026-07-14 19:37:36.915579
8,0,877,2,2,3,0,1.0779597154636644,1.0525431127129916,-1.0743830697190815,normal,2026-07-14 19:49:36.915579
30,0,1506,3,0,4,0,0.5963188499105363,1.1958978011396906,-1.0743830697190815,normal,2026-07-14 20:03:36.915579
34,0,608,3,1,3,1,-0.606548238814663,1.1958978011396906,-1.0743830697190815,normal,2026-07-14 20:12:36.915579
2,0,4813,1,2,4,4,1.0542385832534686,1.1958978011396906,-1.0743830697190815,normal,2026-07-14 20:26:36.915579
5,0,3146,3,0,4,1,-0.6153908002544443,1.1958978011396906,-1.0743830697190815,normal,2026-07-14 20:27:36.915579
40,0,2294,1,1,3,1,1.6205373631126767,1.1958978011396906,-1.0743830697190815,normal,2026-07-14 20:32:36.915579
21,0,4779,1,1,4,0,-0.46357747640515645,1.1958978011396906,-1.0743830697190815,normal,2026-07-14 20:39:36.915579
50,0,4520,3,1,4,4,1.257694388207044,1.1958978011396906,-1.0743830697190815,normal,2026-07-14 20:51:36.915579
15,2,559,2,0,4,1,0.41965985071142825,1.1958978011396906,-1.0743830697190815,normal,2026-07-14 20:51:36.915579
48,2,1144,3,2,3,1,0.20349766942808006,1.1958978011396906,-1.0743830697190815,normal,2026-07-14 20:59:36.915579
17,1,650,0,0,3,4,-1.2529875374618014,1.3392524895663893,-1.0743830697190815,normal,2026-07-14 21:03:36.915579
36,1,4847,2,2,3,4,-0.3908954659620848,1.3392524895663893,-1.0743830697190815,normal,2026-07-14 21:05:36.915579
28,1,3122,2,0,4,4,0.13032547351389037,1.3392524895663893,-1.0743830697190815,normal,2026-07-14 21:36:36.915579
15,1,4785,2,0,4,0,1.625487275222989,1.3392524895663893,-1.0743830697190815,normal,2026-07-14 21:38:36.915579
7,2,1687,3,3,4,1,1.7147875342849537,1.3392524895663893,-1.0743830697190815,normal,2026-07-14 21:54:36.915579
26,0,4870,1,1,4,4,0.989389928868464,1.3392524895663893,-1.0743830697190815,normal,2026-07-14 21:58:36.915579
1,0,2010,0,2,4,0,0.24211659536834215,1.3392524895663893,-1.0743830697190815,normal,2026-07-14 21:58:36.915579
26,1,4474,3,2,4,4,0.643809171730057,1.482607177993088,-1.0743830697190815,normal,2026-07-14 22:02:36.915579
17,2,4545,0,0,4,0,0.8777141447719228,1.482607177993088,-1.0743830697190815,normal,2026-07-14 22:07:36.915579
3,2,1838,3,2,4,0,-1.4166710388960129,1.482607177993088,-1.0743830697190815,normal,2026-07-14 22:11:36.915579
15,2,2204,2,3,3,1,-0.21383278461029118,1.482607177993088,-1.0743830697190815,normal,2026-07-14 22:26:36.915579
3,2,3156,0,1,3,0,-0.9224199118113705,1.482607177993088,-1.0743830697190815,normal,2026-07-14 22:43:36.915579
39,0,3953,1,1,4,4,0.9677833222199556,1.482607177993088,-1.0743830697190815,normal,2026-07-14 22:48:36.915579
36,1,707,0,0,4,1,-1.0854306096577726,1.6259618664197868,-1.0743830697190815,normal,2026-07-14 23:21:36.915579
5,1,2838,3,3,4,1,0.23742619321332786,1.6259618664197868,-1.0743830697190815,normal,2026-07-14 23:21:36.915579
8,1,3743,1,3,4,4,-1.1146591198081799,1.6259618664197868,-1.0743830697190815,normal,2026-07-14 23:25:36.915579
40,2,3089,5,2,0,4,-1.7133485866804996,1.6259618664197868,-1.0743830697190815,low_and_slow,2026-07-14 23:38:36.998575
43,0,3755,0,2,3,0,1.01871455381713,1.6259618664197868,-1.0743830697190815,normal,2026-07-14 23:43:36.915579
34,1,4989,3,1,4,0,-0.6002046621296024,1.6259618664197868,-1.0743830697190815,normal,2026-07-14 23:51:36.915579
42,1,570,3,0,3,4,-0.43615592446200874,1.6259618664197868,-1.0743830697190815,normal,2026-07-14 23:53:36.915579
10,1,3283,2,0,4,0,-1.4914675749007713,-1.6711959673942849,-0.5790111857957346,normal,2026-07-15 00:02:36.915579
7,2,2749,1,3,3,1,0.8151049651863409,-1.6711959673942849,-0.5790111857957346,normal,2026-07-15 00:10:36.915579
30,2,4403,1,0,4,1,0.925800378340646,-1.6711959673942849,-0.5790111857957346,normal,2026-07-15 00:21:36.915579
49,2,2113,1,0,4,1,1.7193625986820575,-1.6711959673942849,-0.5790111857957346,normal,2026-07-15 00:22:36.915579
33,1,790,0,1,3,0,-0.8508624445079233,-1.6711959673942849,-0.5790111857957346,normal,2026-07-15 00:24:36.915579
18,1,2068,2,3,4,0,1.2822709421217404,-1.6711959673942849,-0.5790111857957346,normal,2026-07-15 00:31:36.915579
39,0,4618,1,3,3,1,-1.2362347281253463,-1.6711959673942849,-0.5790111857957346,normal,2026-07-15 00:34:36.915579
45,0,3413,0,1,4,1,-0.72960401502501,-1.6711959673942849,-0.5790111857957346,normal,2026-07-15 00:35:36.915579
12,1,4964,3,3,4,0,0.31703808061083655,-1.527841278967586,-0.5790111857957346,normal,2026-07-15 01:06:36.915579
28,1,851,0,2,4,4,-0.7862252426790876,-1.527841278967586,-0.5790111857957346,normal,2026-07-15 01:06:36.915579
21,1,2905,3,3,4,0,-0.863309310882398,-1.527841278967586,-0.5790111857957346,normal,2026-07-15 01:20:36.915579
17,2,1424,1,2,3,0,0.2796878700075865,-1.527841278967586,-0.5790111857957346,normal,2026-07-15 01:21:36.915579
2,2,4797,0,3,3,1,-0.1786355454880316,-1.527841278967586,-0.5790111857957346,normal,2026-07-15 01:32:36.915579
16,1,219,2,0,3,1,-0.4294663345032177,-1.527841278967586,-0.5790111857957346,normal,2026-07-15 01:43:36.915579
0,1,120,1,2,4,1,0.6725763308488234,-1.527841278967586,-0.5790111857957346,normal,2026-07-15 01:55:36.915579
5,1,2987,0,0,3,1,-0.312379287264723,-1.527841278967586,-0.5790111857957346,normal,2026-07-15 01:56:36.915579
20,2,82,1,3,3,1,-0.854572475720701,-1.3844865905408872,-0.5790111857957346,normal,2026-07-15 02:17:36.915579
13,2,832,3,0,3,4,1.3518484445810626,-1.3844865905408872,-0.5790111857957346,normal,2026-07-15 02:37:36.915579
47,2,2250,2,3,3,0,1.562435967565418,-1.3844865905408872,-0.5790111857957346,normal,2026-07-15 02:53:36.915579
8,2,4288,3,2,3,1,-0.1329906277950738,-1.3844865905408872,-0.5790111857957346,normal,2026-07-15 02:54:36.915579
43,2,4954,1,0,3,0,0.9585178556678365,-1.2411319021141884,-0.5790111857957346,normal,2026-07-15 03:00:36.915579
22,0,1711,3,0,4,4,-0.69417610038693,-1.2411319021141884,-0.5790111857957346,normal,2026-07-15 03:02:36.915579
44,0,1732,1,0,3,0,-0.556972225872933,-1.2411319021141884,-0.5790111857957346,normal,2026-07-15 03:04:36.915579
25,1,110,3,0,4,0,-1.65953391113557,-1.2411319021141884,-0.5790111857957346,normal,2026-07-15 03:15:36.915579
46,1,4167,0,2,4,0,1.5544103819108341,-1.2411319021141884,-0.5790111857957346,normal,2026-07-15 03:15:36.915579
10,2,1321,2,1,4,1,-1.1976350251447359,-1.2411319021141884,-0.5790111857957346,normal,2026-07-15 03:41:36.915579
45,0,4257,1,2,4,4,1.1024786004994058,-1.2411319021141884,-0.5790111857957346,normal,2026-07-15 03:45:36.915579
17,2,3910,0,3,4,1,1.3443322673572489,-1.2411319021141884,-0.5790111857957346,normal,2026-07-15 03:45:36.915579
10,0,4767,2,1,3,0,0.8825679420839764,-1.2411319021141884,-0.5790111857957346,normal,2026-07-15 03:46:36.915579
13,1,4226,3,0,4,0,1.0408209574165832,-1.2411319021141884,-0.5790111857957346,normal,2026-07-15 03:56:36.915579
32,1,2582,0,2,3,0,-0.94194082733767,-1.2411319021141884,-0.5790111857957346,normal,2026-07-15 03:57:36.915579
41,1,4857,0,3,4,4,1.2054367723939021,-1.2411319021141884,-0.5790111857957346,normal,2026-07-15 03:59:36.915579
7,0,4765,1,1,4,4,0.3988990542875941,-1.0977772136874897,-0.5790111857957346,normal,2026-07-15 04:08:36.915579
10,1,2936,3,3,3,4,-1.07730890920493,-1.0977772136874897,-0.5790111857957346,normal,2026-07-15 04:12:36.915579
41,2,4880,3,2,4,1,0.931730661393195,-1.0977772136874897,-0.5790111857957346,normal,2026-07-15 04:15:36.915579
24,0,21,0,0,4,1,0.8744654645907857,-1.0977772136874897,-0.5790111857957346,normal,2026-07-15 04:26:36.915579
39,0,1515,1,0,3,1,1.36042188458572,-1.0977772136874897,-0.5790111857957346,normal,2026-07-15 04:26:36.915579
15,0,3250,3,2,3,1,0.9958296203517832,-1.0977772136874897,-0.5790111857957346,normal,2026-07-15 04:45:36.915579
48,1,2487,1,2,3,0,0.6093616280342135,-1.0977772136874897,-0.5790111857957346,normal,2026-07-15 04:58:36.915579
13,1,514,0,0,3,0,-0.7589670858929792,-0.954422525260791,-0.5790111857957346,normal,2026-07-15 05:08:36.915579
6,0,334,3,3,4,0,-1.0563366602249271,-0.954422525260791,-0.5790111857957346,normal,2026-07-15 05:14:36.915579
17,0,1887,3,0,4,0,-1.2433087772771712,-0.954422525260791,-0.5790111857957346,normal,2026-07-15 05:43:36.915579
34,1,1146,3,3,3,4,0.7800711212211209,-0.954422525260791,-0.5790111857957346,normal,2026-07-15 05:44:36.915579
35,2,2759,3,1,3,1,0.8643541878139923,-0.8110678368340922,-0.5790111857957346,normal,2026-07-15 06:05:36.915579
42,0,3603,3,3,4,1,-1.4758969775828956,-0.8110678368340922,-0.5790111857957346,normal,2026-07-15 06:08:36.915579
45,0,405,3,2,4,1,-1.1130251682377856,-0.8110678368340922,-0.5790111857957346,normal,2026-07-15 06:15:36.915579
19,1,1117,1,1,4,1,-0.6982898137523935,-0.8110678368340922,-0.5790111857957346,normal,2026-07-15 06:29:36.915579
48,0,3744,2,1,4,0,-0.40033393915106885,-0.8110678368340922,-0.5790111857957346,normal,2026-07-15 06:56:36.915579
24,1,1306,3,0,4,0,1.4639663567495933,-0.6677131484073935,-0.5790111857957346,normal,2026-07-15 07:16:36.915579
14,2,4091,0,3,3,4,-0.7163401728653382,-0.6677131484073935,-0.5790111857957346,normal,2026-07-15 07:16:36.915579
6,0,2110,1,3,4,4,-0.6110079654538569,-0.6677131484073935,-0.5790111857957346,normal,2026-07-15 07:26:36.915579
44,0,2395,2,0,4,0,-1.3633081029028982,-0.6677131484073935,-0.5790111857957346,normal,2026-07-15 07:32:36.915579
11,0,2969,2,1,3,4,-0.0522541972579407,-0.6677131484073935,-0.5790111857957346,normal,2026-07-15 07:45:36.915579
41,0,4955,1,0,3,4,0.5196000179406081,-0.6677131484073935,-0.5790111857957346,normal,2026-07-15 07:47:36.915579
2,2,3973,0,3,4,1,0.4420161527863532,-0.6677131484073935,-0.5790111857957346,normal,2026-07-15 07:49:36.915579
15,0,666,3,1,4,4,0.47833793504823763,-0.6677131484073935,-0.5790111857957346,normal,2026-07-15 07:50:36.915579
6,1,1980,0,2,3,0,-0.8197500843116494,-0.6677131484073935,-0.5790111857957346,normal,2026-07-15 07:51:36.915579
43,1,4875,3,2,4,1,0.0932251613861124,-0.6677131484073935,-0.5790111857957346,normal,2026-07-15 07:56:36.915579
33,2,770,0,2,4,1,1.539579868539549,-0.6677131484073935,-0.5790111857957346,normal,2026-07-15 07:57:36.915579
4,1,218,1,1,3,4,1.3058286791748965,-0.5243584599806946,-0.5790111857957346,normal,2026-07-15 08:05:36.915579
37,2,3235,2,3,4,1,-0.7235103368154218,-0.5243584599806946,-0.5790111857957346,normal,2026-07-15 08:21:36.915579
39,1,392,2,0,4,4,-0.43982750975548307,-0.5243584599806946,-0.5790111857957346,normal,2026-07-15 08:36:36.915579
36,1,548,0,2,3,0,1.581678150176768,-0.5243584599806946,-0.5790111857957346,normal,2026-07-15 08:42:36.915579
11,1,3341,1,2,4,4,0.6553045016017727,-0.5243584599806946,-0.5790111857957346,normal,2026-07-15 08:53:36.915579
2,2,3406,0,2,4,0,-1.5993948818652317,-0.5243584599806946,-0.5790111857957346,normal,2026-07-15 08:59:36.915579
3,1,175,2,3,4,4,-0.28207429137382034,-0.3810037715539959,-0.5790111857957346,normal,2026-07-15 09:01:36.915579
45,1,2737,2,0,4,4,0.17021311479116447,-0.3810037715539959,-0.5790111857957346,normal,2026-07-15 09:08:36.915579
5,0,1483,0,0,4,1,0.49624412196379436,-0.3810037715539959,-0.5790111857957346,normal,2026-07-15 09:10:36.915579
8,1,3045,3,2,4,0,-0.5222075033428364,-0.3810037715539959,-0.5790111857957346,normal,2026-07-15 09:20:36.915579
47,0,4501,2,1,4,4,1.4851500582857649,-0.3810037715539959,-0.5790111857957346,normal,2026-07-15 09:25:36.915579
20,2,342,0,2,4,1,1.7013410740085904,-0.3810037715539959,-0.5790111857957346,normal,2026-07-15 09:31:36.915579
2,2,71,3,1,3,1,-0.6258384788251422,-0.3810037715539959,-0.5790111857957346,normal,2026-07-15 09:52:36.915579
19,0,508,2,2,4,1,1.2108192010963776,-0.3810037715539959,-0.5790111857957346,normal,2026-07-15 09:55:36.915579
35,2,3672,1,2,3,0,-1.174730868719737,-0.3810037715539959,-0.5790111857957346,normal,2026-07-15 09:57:36.915579
21,1,4752,1,3,3,4,-0.6003199998875127,-0.23764908312729716,-0.5790111857957346,normal,2026-07-15 10:12:36.915579
16,1,3022,1,2,3,1,0.6770168345283657,-0.23764908312729716,-0.5790111857957346,normal,2026-07-15 10:16:36.915579
16,2,2105,1,2,3,1,0.02526238753753303,-0.23764908312729716,-0.5790111857957346,normal,2026-07-15 10:20:36.915579
28,2,4660,2,3,3,1,-1.0678319900966429,-0.23764908312729716,-0.5790111857957346,normal,2026-07-15 10:20:36.915579
48,0,3586,1,0,4,1,-1.0365754577029813,-0.23764908312729716,-0.5790111857957346,normal,2026-07-15 10:25:36.915579
3,0,622,0,1,3,4,0.5797582701705982,-0.23764908312729716,-0.5790111857957346,normal,2026-07-15 10:29:36.915579
9,1,121,3,2,3,1,0.40986575276888787,-0.23764908312729716,-0.5790111857957346,normal,2026-07-15 10:30:36.915579
33,0,2486,1,0,3,0,-1.5136508703388312,-0.23764908312729716,-0.5790111857957346,normal,2026-07-15 10:46:36.915579
34,2,4617,3,1,3,1,1.0365919062932094,-0.23764908312729716,-0.5790111857957346,normal,2026-07-15 10:52:36.915579
46,1,3232,0,3,4,0,-1.6417911193770522,-0.23764908312729716,-0.5790111857957346,normal,2026-07-15 10:54:36.915579
44,0,3587,3,1,3,1,0.8710245548131317,-0.23764908312729716,-0.5790111857957346,normal,2026-07-15 10:59:36.915579
41,0,4534,2,2,4,1,0.8118274505657265,-0.09429439470059839,-0.5790111857957346,normal,2026-07-15 11:14:36.915579
20,2,3518,3,2,4,0,1.564800391602577,-0.09429439470059839,-0.5790111857957346,normal,2026-07-15 11:17:36.915579
35,0,4959,1,2,4,0,-1.4036859296512905,-0.09429439470059839,-0.5790111857957346,normal,2026-07-15 11:20:36.915579
12,1,1194,2,0,4,0,-1.4793474988403754,-0.09429439470059839,-0.5790111857957346,normal,2026-07-15 11:36:36.915579
48,0,2715,2,2,3,0,-0.743559883732143,-0.09429439470059839,-0.5790111857957346,normal,2026-07-15 11:41:36.915579
0,2,4838,1,0,3,4,1.1903563605471448,-0.09429439470059839,-0.5790111857957346,normal,2026-07-15 11:43:36.915579
28,2,1769,0,3,3,1,0.49320689433882614,-0.09429439470059839,-0.5790111857957346,normal,2026-07-15 11:53:36.915579
32,2,2157,1,1,3,4,-0.8094177434988616,0.04906029372610037,-0.5790111857957346,normal,2026-07-15 12:23:36.915579
47,2,1462,0,0,4,1,-0.4795613673555435,0.04906029372610037,-0.5790111857957346,normal,2026-07-15 12:25:36.915579
31,2,2417,1,1,3,4,0.39734199455580665,0.04906029372610037,-0.5790111857957346,normal,2026-07-15 12:37:36.915579
7,2,2367,1,1,4,0,0.5950693575331758,0.04906029372610037,-0.5790111857957346,normal,2026-07-15 12:46:36.915579
11,2,223,0,3,3,1,0.08518035277187674,0.04906029372610037,-0.5790111857957346,normal,2026-07-15 12:53:36.915579
38,1,2355,1,0,4,4,1.459400903832315,0.19241498215279915,-0.5790111857957346,normal,2026-07-15 13:12:36.915579
16,0,1152,0,1,3,4,-0.3370711789373294,0.19241498215279915,-0.5790111857957346,normal,2026-07-15 13:16:36.915579
5,1,3322,3,3,4,0,1.5353508174161752,0.19241498215279915,-0.5790111857957346,normal,2026-07-15 13:17:36.915579
11,0,3157,0,2,4,0,1.2320509600316785,0.19241498215279915,-0.5790111857957346,normal,2026-07-15 13:18:36.915579
32,1,1162,2,3,4,4,-0.8399534149055844,0.19241498215279915,-0.5790111857957346,normal,2026-07-15 13:35:36.915579
1,2,2631,3,3,3,0,-0.47912885076338046,0.19241498215279915,-0.5790111857957346,normal,2026-07-15 13:49:36.915579
41,0,520,1,1,4,0,-0.9458238651873132,0.3357696705794979,-0.5790111857957346,normal,2026-07-15 14:05:36.915579
6,2,3652,1,3,4,0,0.5697815541113667,0.3357696705794979,-0.5790111857957346,normal,2026-07-15 14:17:36.915579
30,0,2713,2,2,3,1,-1.2803033631268648,0.3357696705794979,-0.5790111857957346,normal,2026-07-15 14:20:36.915579
42,2,3787,0,0,4,4,1.286192425890687,0.3357696705794979,-0.5790111857957346,normal,2026-07-15 14:21:36.915579
2,1,235,2,2,3,1,1.3731282609154927,0.3357696705794979,-0.5790111857957346,normal,2026-07-15 14:21:36.915579
26,1,3126,0,0,3,1,1.2440460868543384,0.3357696705794979,-0.5790111857957346,normal,2026-07-15 14:49:36.915579
1,0,1967,1,0,4,0,0.877954431767569,0.3357696705794979,-0.5790111857957346,normal,2026-07-15 14:52:36.915579
43,2,3305,2,2,4,0,0.4679959827556237,0.47912435900619665,-0.5790111857957346,normal,2026-07-15 15:14:36.915579
50,1,2386,1,1,3,0,0.26889417816315786,0.47912435900619665,-0.5790111857957346,normal,2026-07-15 15:15:36.915579
41,1,3939,0,1,4,0,-0.03355025751683816,0.47912435900619665,-0.5790111857957346,normal,2026-07-15 15:19:36.915579
22,2,4048,1,1,4,1,1.2836934411359662,0.47912435900619665,-0.5790111857957346,normal,2026-07-15 15:24:36.915579
15,0,4098,3,0,4,0,-1.2631660945973757,0.47912435900619665,-0.5790111857957346,normal,2026-07-15 15:42:36.915579
17,2,4865,2,1,4,0,-0.5162772202902874,0.47912435900619665,-0.5790111857957346,normal,2026-07-15 15:44:36.915579
41,1,3439,1,2,3,1,-0.5816448945858876,0.47912435900619665,-0.5790111857957346,normal,2026-07-15 15:58:36.915579
36,2,997,3,0,4,4,0.45402089108883903,0.6224790474328954,-0.5790111857957346,normal,2026-07-15 16:01:36.915579
7,0,3441,2,0,3,4,-0.6784132734725373,0.6224790474328954,-0.5790111857957346,normal,2026-07-15 16:06:36.915579
40,2,4623,0,1,3,0,0.5189368258326243,0.6224790474328954,-0.5790111857957346,normal,2026-07-15 16:08:36.915579
13,2,2410,3,2,3,1,-0.1607774159716039,0.6224790474328954,-0.5790111857957346,normal,2026-07-15 16:17:36.915579
3,0,2498,2,3,3,4,-0.37123037823839755,0.6224790474328954,-0.5790111857957346,normal,2026-07-15 16:24:36.915579
0,2,3853,1,1,3,4,0.01638138017844838,0.6224790474328954,-0.5790111857957346,normal,2026-07-15 16:31:36.915579
18,0,163,0,1,4,1,-0.08030049538976868,0.6224790474328954,-0.5790111857957346,normal,2026-07-15 16:32:36.915579
9,1,1289,2,3,4,1,0.5694739867569393,0.6224790474328954,-0.5790111857957346,normal,2026-07-15 16:41:36.915579
30,0,417,0,0,4,1,1.316151408507859,0.6224790474328954,-0.5790111857957346,normal,2026-07-15 16:42:36.915579
41,0,367,0,2,4,0,-0.5586350118828047,0.6224790474328954,-0.5790111857957346,normal,2026-07-15 16:52:36.915579
37,0,4001,2,0,4,0,0.700343896065702,0.6224790474328954,-0.5790111857957346,normal,2026-07-15 16:57:36.915579
11,0,2586,1,2,3,1,-0.910857301580874,0.7658337358595942,-0.5790111857957346,normal,2026-07-15 17:02:36.915579
35,0,3437,1,2,3,4,1.1817636975828354,0.7658337358595942,-0.5790111857957346,normal,2026-07-15 17:08:36.915579
44,1,703,0,2,4,4,0.9727909032092226,0.7658337358595942,-0.5790111857957346,normal,2026-07-15 17:20:36.915579
20,0,3581,3,3,4,0,0.3246311496732575,0.7658337358595942,-0.5790111857957346,normal,2026-07-15 17:36:36.915579
25,2,1189,0,1,3,1,0.049531374097802214,0.7658337358595942,-0.5790111857957346,normal,2026-07-15 17:39:36.915579
21,1,1480,1,1,4,0,0.23871413150999157,0.7658337358595942,-0.5790111857957346,normal,2026-07-15 17:47:36.915579
16,2,4713,3,3,3,1,-0.10008092087136622,0.909188424286293,-0.5790111857957346,normal,2026-07-15 18:06:36.915579
12,2,855,0,3,3,0,-0.35369903903604866,0.909188424286293,-0.5790111857957346,normal,2026-07-15 18:23:36.915579
26,0,471,3,2,4,4,-0.8920860814809903,0.909188424286293,-0.5790111857957346,normal,2026-07-15 18:30:36.915579
10,0,2065,3,1,4,4,1.1646744864524758,0.909188424286293,-0.5790111857957346,normal,2026-07-15 18:31:36.915579
30,0,4351,2,2,4,4,0.22332615230880704,0.909188424286293,-0.5790111857957346,normal,2026-07-15 18:31:36.915579
42,2,2036,0,2,3,1,-0.04955337142687714,0.909188424286293,-0.5790111857957346,normal,2026-07-15 18:31:36.915579
23,0,3292,0,3,4,4,-1.1894844902524158,0.909188424286293,-0.5790111857957346,normal,2026-07-15 18:57:36.915579
26,2,1670,1,3,4,0,0.14379115674990506,1.0525431127129916,-0.5790111857957346,normal,2026-07-15 19:18:36.915579
10,1,1405,2,0,4,4,-1.0083849873737656,1.0525431127129916,-0.5790111857957346,normal,2026-07-15 19:37:36.915579
26,2,1743,0,0,3,4,-1.619319479544217,1.0525431127129916,-0.5790111857957346,normal,2026-07-15 19:39:36.915579
45,1,1558,2,1,3,0,-1.5854390131580987,1.0525431127129916,-0.5790111857957346,normal,2026-07-15 19:41:36.915579
35,0,4652,0,2,3,1,1.1326105897534429,1.0525431127129916,-0.5790111857957346,normal,2026-07-15 19:58:36.915579
35,1,3831,3,2,4,4,-1.1972025085525726,1.1958978011396906,-0.5790111857957346,normal,2026-07-15 20:01:36.915579
29,1,984,1,1,4,4,-0.23873612883906647,1.1958978011396906,-0.5790111857957346,normal,2026-07-15 20:01:36.915579
4,1,4312,1,1,4,4,-1.11171800698147,1.1958978011396906,-0.5790111857957346,normal,2026-07-15 20:08:36.915579
16,2,4887,3,1,3,0,-0.6594882696954402,1.1958978011396906,-0.5790111857957346,normal,2026-07-15 20:22:36.915579
38,1,3887,0,0,4,1,-0.09589992714712191,1.1958978011396906,-0.5790111857957346,normal,2026-07-15 20:39:36.915579
15,0,3972,3,2,3,0,0.09546463618553541,1.1958978011396906,-0.5790111857957346,normal,2026-07-15 20:39:36.915579
31,1,1599,1,0,3,1,-0.0653258098210955,1.1958978011396906,-0.5790111857957346,normal,2026-07-15 20:43:36.915579
34,0,4294,1,1,4,4,0.9434566667807308,1.1958978011396906,-0.5790111857957346,normal,2026-07-15 20:51:36.915579
44,1,2392,3,3,3,4,0.03430679005365697,1.3392524895663893,-0.5790111857957346,normal,2026-07-15 21:02:36.915579
0,1,3415,2,2,4,0,1.6262177476897535,1.3392524895663893,-0.5790111857957346,normal,2026-07-15 21:04:36.915579
25,0,19,0,1,4,0,-1.0548564923317465,1.3392524895663893,-0.5790111857957346,normal,2026-07-15 21:26:36.915579
64,2,5010,3,2,2,2,-1.7176737526021317,1.3392524895663893,-0.5790111857957346,credential_stuffing,2026-07-15 21:38:36.998575
74,2,5010,3,2,2,2,-1.7176737526021317,1.3392524895663893,-0.5790111857957346,credential_stuffing,2026-07-15 21:38:38.998575
58,2,5010,3,2,2,2,-1.7176737526021317,1.3392524895663893,-0.5790111857957346,credential_stuffing,2026-07-15 21:38:40.998575
68,2,5010,3,2,2,2,-1.7176737526021317,1.3392524895663893,-0.5790111857957346,credential_stuffing,2026-07-15 21:38:42.998575
73,2,5010,3,2,2,2,-1.7176737526021317,1.3392524895663893,-0.5790111857957346,credential_stuffing,2026-07-15 21:38:44.998575
55,2,5010,3,2,2,2,-1.7176737526021317,1.3392524895663893,-0.5790111857957346,credential_stuffing,2026-07-15 21:38:46.998575
60,2,5010,3,2,2,2,-1.7176737526021317,1.3392524895663893,-0.5790111857957346,credential_stuffing,2026-07-15 21:38:48.998575
70,2,5010,3,2,2,2,-1.7176737526021317,1.3392524895663893,-0.5790111857957346,credential_stuffing,2026-07-15 21:38:50.998575
65,2,5010,3,2,2,2,-1.7176737526021317,1.3392524895663893,-0.5790111857957346,credential_stuffing,2026-07-15 21:38:52.998575
66,2,5010,3,2,2,2,-1.7176737526021317,1.3392524895663893,-0.5790111857957346,credential_stuffing,2026-07-15 21:38:54.998575
51,2,5010,3,2,2,2,-1.7176737526021317,1.3392524895663893,-0.5790111857957346,credential_stuffing,2026-07-15 21:38:56.998575
61,2,5010,3,2,2,2,-1.7176737526021317,1.3392524895663893,-0.5790111857957346,credential_stuffing,2026-07-15 21:38:58.998575
53,2,5010,3,2,2,2,-1.7176737526021317,1.3392524895663893,-0.5790111857957346,credential_stuffing,2026-07-15 21:39:00.998575
62,2,5010,3,2,2,2,-1.7176737526021317,1.3392524895663893,-0.5790111857957346,credential_stuffing,2026-07-15 21:39:02.998575
56,2,5010,3,2,2,2,-1.7176737526021317,1.3392524895663893,-0.5790111857957346,credential_stuffing,2026-07-15 21:39:04.998575
67,2,5010,3,2,2,2,-1.7176737526021317,1.3392524895663893,-0.5790111857957346,credential_stuffing,2026-07-15 21:39:06.998575
63,2,5010,3,2,2,2,-1.7176737526021317,1.3392524895663893,-0.5790111857957346,credential_stuffing,2026-07-15 21:39:08.998575
59,2,5010,3,2,2,2,-1.7176737526021317,1.3392524895663893,-0.5790111857957346,credential_stuffing,2026-07-15 21:39:10.998575
52,2,5010,3,2,2,2,-1.7176737526021317,1.3392524895663893,-0.5790111857957346,credential_stuffing,2026-07-15 21:39:12.998575
57,2,5010,3,2,2,2,-1.7176737526021317,1.3392524895663893,-0.5790111857957346,credential_stuffing,2026-07-15 21:39:14.998575
72,2,5010,3,2,2,2,-1.7176737526021317,1.3392524895663893,-0.5790111857957346,credential_stuffing,2026-07-15 21:39:16.998575
69,2,5010,3,2,2,2,-1.7176737526021317,1.3392524895663893,-0.5790111857957346,credential_stuffing,2026-07-15 21:39:18.998575
51,2,5010,3,2,2,2,-1.7176737526021317,1.3392524895663893,-0.5790111857957346,credential_stuffing,2026-07-15 21:39:20.998575
71,2,5010,3,2,2,2,-1.7176737526021317,1.3392524895663893,-0.5790111857957346,credential_stuffing,2026-07-15 21:39:22.998575
54,2,5010,3,2,2,2,-1.7176737526021317,1.3392524895663893,-0.5790111857957346,credential_stuffing,2026-07-15 21:39:24.998575
1,2,2341,0,1,4,1,0.7581185012988811,1.3392524895663893,-0.5790111857957346,normal,2026-07-15 21:39:36.915579
25,1,2772,2,0,3,4,-0.17955824755131314,1.3392524895663893,-0.5790111857957346,normal,2026-07-15 21:55:36.915579
49,0,3180,2,1,3,4,0.8195550803457092,1.482607177993088,-0.5790111857957346,normal,2026-07-15 22:02:36.915579
45,1,2050,3,1,3,4,0.5887834497270704,1.482607177993088,-0.5790111857957346,normal,2026-07-15 22:11:36.915579
25,2,1361,1,0,4,4,1.6577241785588872,1.482607177993088,-0.5790111857957346,normal,2026-07-15 22:12:36.915579
32,1,2744,3,0,3,0,-0.25161551180570446,1.482607177993088,-0.5790111857957346,normal,2026-07-15 22:28:36.915579
47,0,2736,1,1,4,0,-1.204190054385965,1.482607177993088,-0.5790111857957346,normal,2026-07-15 22:39:36.915579
45,1,1415,2,1,3,1,-0.8324372376817705,1.482607177993088,-0.5790111857957346,normal,2026-07-15 22:43:36.915579
46,2,2245,0,2,3,1,-0.20129941491738387,1.482607177993088,-0.5790111857957346,normal,2026-07-15 22:44:36.915579
16,2,815,0,1,3,4,1.3494840205439036,1.482607177993088,-0.5790111857957346,normal,2026-07-15 22:46:36.915579
9,1,308,3,1,4,1,-0.3905782871278319,1.6259618664197868,-0.5790111857957346,normal,2026-07-15 23:16:36.915579
4,1,2499,1,3,4,1,0.35692572188811067,1.6259618664197868,-0.5790111857957346,normal,2026-07-15 23:18:36.915579
48,1,207,3,0,3,1,-0.9551758350578644,1.6259618664197868,-0.5790111857957346,normal,2026-07-15 23:19:36.915579
47,2,2337,2,2,3,1,0.6690008603536077,1.6259618664197868,-0.5790111857957346,normal,2026-07-15 23:25:36.915579
44,0,4122,3,0,4,0,0.549616669436735,1.6259618664197868,-0.5790111857957346,normal,2026-07-15 23:26:36.915579
13,1,2366,2,3,3,1,1.5933945440844783,1.6259618664197868,-0.5790111857957346,normal,2026-07-15 23:35:36.915579
33,1,2914,2,1,3,4,0.7798500571851262,1.6259618664197868,-0.5790111857957346,normal,2026-07-15 23:38:36.915579
40,2,4524,5,2,0,4,-1.7133485866804996,1.6259618664197868,-0.5790111857957346,low_and_slow,2026-07-15 23:38:36.998575
43,0,2920,0,1,4,1,-0.17048501059571147,1.6259618664197868,-0.5790111857957346,normal,2026-07-15 23:49:36.915579
9,1,2907,3,0,4,1,-1.2492294488498943,-1.6711959673942849,-0.0836393018723879,normal,2026-07-16 00:04:36.915579
33,0,3796,3,2,4,0,-1.100299568948361,-1.6711959673942849,-0.0836393018723879,normal,2026-07-16 00:10:36.915579
12,2,2207,2,2,3,0,0.018073000627797823,-1.6711959673942849,-0.0836393018723879,normal,2026-07-16 00:10:36.915579
3,2,4712,2,2,4,0,-1.3303022811809322,-1.6711959673942849,-0.0836393018723879,normal,2026-07-16 00:12:36.915579
13,0,4563,2,1,3,1,0.4757812814145615,-1.6711959673942849,-0.0836393018723879,normal,2026-07-16 00:18:36.915579
43,0,2848,1,2,4,0,1.4928392421464443,-1.6711959673942849,-0.0836393018723879,normal,2026-07-16 00:30:36.915579
37,2,3706,3,3,4,1,-1.2519975550397389,-1.6711959673942849,-0.0836393018723879,normal,2026-07-16 00:50:36.915579
21,2,250,1,0,4,4,1.265297068749291,-1.527841278967586,-0.0836393018723879,normal,2026-07-16 01:08:36.915579
39,0,1012,2,1,4,0,1.155543580617919,-1.527841278967586,-0.0836393018723879,normal,2026-07-16 01:12:36.915579
40,1,3851,3,3,4,0,-0.35424689338612203,-1.527841278967586,-0.0836393018723879,normal,2026-07-16 01:23:36.915579
32,0,2806,3,1,4,4,-1.5733189370977028,-1.527841278967586,-0.0836393018723879,normal,2026-07-16 01:28:36.915579
16,1,1594,2,0,3,1,-1.0709268866005661,-1.527841278967586,-0.0836393018723879,normal,2026-07-16 01:30:36.915579
5,1,3901,3,0,4,1,0.4725902701123798,-1.527841278967586,-0.0836393018723879,normal,2026-07-16 01:31:36.915579
2,1,1837,1,2,4,0,-0.14883034654807328,-1.527841278967586,-0.0836393018723879,normal,2026-07-16 01:45:36.915579
25,2,52,0,3,4,1,-0.2939348574789184,-1.527841278967586,-0.0836393018723879,normal,2026-07-16 01:45:36.915579
36,1,1896,2,2,3,1,-1.1810936683644495,-1.3844865905408872,-0.0836393018723879,normal,2026-07-16 02:20:36.915579
34,0,1640,2,0,4,4,-1.6971532431739438,-1.3844865905408872,-0.0836393018723879,normal,2026-07-16 02:23:36.915579
19,2,1946,3,0,4,4,1.7374802381537837,-1.3844865905408872,-0.0836393018723879,normal,2026-07-16 02:47:36.915579
4,2,1090,1,2,4,1,-0.15646186152979757,-1.3844865905408872,-0.0836393018723879,normal,2026-07-16 02:55:36.915579
8,1,527,0,3,4,4,-1.6876474896261788,-1.3844865905408872,-0.0836393018723879,normal,2026-07-16 02:58:36.915579
29,2,1170,0,2,4,4,0.6706636463634796,-1.2411319021141884,-0.0836393018723879,normal,2026-07-16 03:05:36.915579
29,0,2682,2,1,3,1,-1.6428483821578959,-1.2411319021141884,-0.0836393018723879,normal,2026-07-16 03:06:36.915579
40,1,1266,2,2,4,0,1.3723785654890766,-1.2411319021141884,-0.0836393018723879,normal,2026-07-16 03:12:36.915579
48,2,3697,0,1,4,4,-1.1761149218146596,-1.2411319021141884,-0.0836393018723879,normal,2026-07-16 03:15:36.915579
41,0,4535,0,3,3,1,-0.5317805372493822,-1.2411319021141884,-0.0836393018723879,normal,2026-07-16 03:18:36.915579
15,1,4324,1,2,3,0,1.1945950231503442,-1.2411319021141884,-0.0836393018723879,normal,2026-07-16 03:24:36.915579
20,0,4516,3,0,3,1,1.3658619821671507,-1.2411319021141884,-0.0836393018723879,normal,2026-07-16 03:48:36.915579
24,0,4390,3,1,4,4,0.7114259323049059,-1.0977772136874897,-0.0836393018723879,normal,2026-07-16 04:11:36.915579
5,0,1550,0,2,4,0,-1.701093949902542,-1.0977772136874897,-0.0836393018723879,normal,2026-07-16 04:18:36.915579
4,2,2841,0,2,3,1,0.15654559047880692,-1.0977772136874897,-0.0836393018723879,normal,2026-07-16 04:26:36.915579
27,1,2356,0,1,4,4,0.43900775960086275,-1.0977772136874897,-0.0836393018723879,normal,2026-07-16 04:29:36.915579
31,2,2134,1,2,4,0,0.07254125680088498,-1.0977772136874897,-0.0836393018723879,normal,2026-07-16 04:33:36.915579
47,2,700,1,3,3,1,-1.033076879046372,-1.0977772136874897,-0.0836393018723879,normal,2026-07-16 04:34:36.915579
34,1,1052,0,3,3,1,1.6048225935974134,-1.0977772136874897,-0.0836393018723879,normal,2026-07-16 04:35:36.915579
0,0,3955,0,0,4,0,0.043293523690826084,-1.0977772136874897,-0.0836393018723879,normal,2026-07-16 04:46:36.915579
12,2,507,3,3,4,0,-0.6660336874568434,-1.0977772136874897,-0.0836393018723879,normal,2026-07-16 04:47:36.915579
49,2,1222,1,3,4,0,0.14477152769214166,-1.0977772136874897,-0.0836393018723879,normal,2026-07-16 04:59:36.915579
11,1,3880,3,3,4,1,-1.7104170853336156,-0.954422525260791,-0.0836393018723879,normal,2026-07-16 05:03:36.915579
19,0,885,0,0,3,4,1.2074551831573304,-0.954422525260791,-0.0836393018723879,normal,2026-07-16 05:06:36.915579
6,1,1377,3,3,4,1,1.2195464247782486,-0.954422525260791,-0.0836393018723879,normal,2026-07-16 05:13:36.915579
32,0,1006,1,1,4,4,-0.08084834973984201,-0.954422525260791,-0.0836393018723879,normal,2026-07-16 05:18:36.915579
17,2,1910,1,0,4,0,0.3683249369615679,-0.954422525260791,-0.0836393018723879,normal,2026-07-16 05:19:36.915579
18,0,323,2,2,4,0,-0.5148066638769325,-0.954422525260791,-0.0836393018723879,normal,2026-07-16 05:25:36.915579
14,2,771,0,0,3,1,0.34983244977663386,-0.954422525260791,-0.0836393018723879,normal,2026-07-16 05:28:36.915579
28,1,3136,1,3,3,0,0.9483392985322626,-0.954422525260791,-0.0836393018723879,normal,2026-07-16 05:31:36.915579
46,1,3496,0,1,4,0,0.31213622589965356,-0.954422525260791,-0.0836393018723879,normal,2026-07-16 05:41:36.915579
5,2,457,3,0,3,0,-0.9711981719275551,-0.954422525260791,-0.0836393018723879,normal,2026-07-16 05:44:36.915579
0,0,2281,0,3,4,0,1.7220153671139922,-0.954422525260791,-0.0836393018723879,normal,2026-07-16 05:50:36.915579
41,1,2951,3,3,4,1,-0.15787474906419743,-0.8110678368340922,-0.0836393018723879,normal,2026-07-16 06:16:36.915579
36,2,1145,3,1,3,1,-0.06467222919293791,-0.8110678368340922,-0.0836393018723879,normal,2026-07-16 06:23:36.915579
19,0,489,0,2,3,4,1.2535902863214063,-0.8110678368340922,-0.0836393018723879,normal,2026-07-16 06:33:36.915579
45,0,147,3,1,4,4,-0.35559250056174074,-0.8110678368340922,-0.0836393018723879,normal,2026-07-16 06:37:36.915579
5,0,977,0,3,3,4,-1.243770128308812,-0.8110678368340922,-0.0836393018723879,normal,2026-07-16 06:57:36.915579
37,2,945,3,0,4,4,0.49892572483520625,-0.6677131484073935,-0.0836393018723879,normal,2026-07-16 07:00:36.915579
30,1,2363,1,0,3,1,0.7482282885580824,-0.6677131484073935,-0.0836393018723879,normal,2026-07-16 07:15:36.915579
18,0,680,2,0,3,4,-0.410454827407688,-0.6677131484073935,-0.0836393018723879,normal,2026-07-16 07:18:36.915579
15,0,3642,1,2,3,0,0.6711153859152944,-0.6677131484073935,-0.0836393018723879,normal,2026-07-16 07:36:36.915579
37,0,3160,0,1,4,1,-0.38627234416585143,-0.6677131484073935,-0.0836393018723879,normal,2026-07-16 07:42:36.915579
29,0,3338,1,3,4,0,1.0248659009056738,-0.5243584599806946,-0.0836393018723879,normal,2026-07-16 08:07:36.915579
6,2,604,3,3,3,0,-1.3929402952059913,-0.5243584599806946,-0.0836393018723879,normal,2026-07-16 08:08:36.915579
48,1,2616,1,1,3,0,0.34320052869679785,-0.5243584599806946,-0.0836393018723879,normal,2026-07-16 08:28:36.915579
16,1,909,1,3,4,0,1.1181164781760624,-0.5243584599806946,-0.0836393018723879,normal,2026-07-16 08:35:36.915579
1,1,2452,2,1,4,1,0.2149641648603182,-0.5243584599806946,-0.0836393018723879,normal,2026-07-16 08:35:36.915579
19,0,3776,2,0,3,4,-1.4306365190829715,-0.5243584599806946,-0.0836393018723879,normal,2026-07-16 08:37:36.915579
36,1,3369,3,1,4,1,0.037007615884720534,-0.5243584599806946,-0.0836393018723879,normal,2026-07-16 08:40:36.915579
27,1,4051,2,0,3,4,1.5371097182243056,-0.5243584599806946,-0.0836393018723879,normal,2026-07-16 08:59:36.915579
7,2,1127,0,2,4,1,-1.242991598442918,-0.3810037715539959,-0.0836393018723879,normal,2026-07-16 09:15:36.915579
10,2,2381,2,3,3,4,0.17949780430293463,-0.3810037715539959,-0.0836393018723879,normal,2026-07-16 09:32:36.915579
17,1,954,0,3,3,4,0.01770776439441545,-0.3810037715539959,-0.0836393018723879,normal,2026-07-16 09:34:36.915579
19,2,1497,3,2,3,4,-1.5062980882720565,-0.3810037715539959,-0.0836393018723879,normal,2026-07-16 09:41:36.915579
19,0,4562,0,2,4,1,0.3931225549122585,-0.23764908312729716,-0.0836393018723879,normal,2026-07-16 10:02:36.915579
38,1,1275,0,2,4,0,-0.6274435959560591,-0.23764908312729716,-0.0836393018723879,normal,2026-07-16 10:18:36.915579
32,1,879,1,3,4,4,-0.7096794173460247,-0.23764908312729716,-0.0836393018723879,normal,2026-07-16 10:19:36.915579
44,2,2588,3,0,4,0,0.7277077791298945,-0.23764908312729716,-0.0836393018723879,normal,2026-07-16 10:24:36.915579
3,2,3865,0,1,3,4,0.5423600021682188,-0.23764908312729716,-0.0836393018723879,normal,2026-07-16 10:29:36.915579
2,0,4933,2,3,3,0,0.31937367020851776,-0.23764908312729716,-0.0836393018723879,normal,2026-07-16 10:31:36.915579
20,0,1680,2,0,3,4,-0.712976154926291,-0.23764908312729716,-0.0836393018723879,normal,2026-07-16 10:32:36.915579
23,2,4831,0,0,3,1,0.6147632796963406,-0.23764908312729716,-0.0836393018723879,normal,2026-07-16 10:35:36.915579
32,1,1000,3,1,3,0,-1.1125830401657966,-0.23764908312729716,-0.0836393018723879,normal,2026-07-16 10:40:36.915579
18,2,1936,2,2,4,0,-0.3041999179329254,-0.09429439470059839,-0.0836393018723879,normal,2026-07-16 11:11:36.915579
30,1,364,3,1,4,0,-0.6191969462654804,-0.09429439470059839,-0.0836393018723879,normal,2026-07-16 11:19:36.915579
21,2,2872,0,0,4,4,1.2803390346767447,-0.09429439470059839,-0.0836393018723879,normal,2026-07-16 11:24:36.915579
3,0,2646,1,0,4,1,-1.671884662711786,-0.09429439470059839,-0.0836393018723879,normal,2026-07-16 11:25:36.915579
15,0,2147,0,2,4,4,-0.48314644933058526,0.04906029372610037,-0.0836393018723879,normal,2026-07-16 12:00:36.915579
4,1,4480,1,3,3,4,-1.296335311476381,0.04906029372610037,-0.0836393018723879,normal,2026-07-16 12:00:36.915579
47,0,2220,0,3,3,4,0.8586738032369152,0.04906029372610037,-0.0836393018723879,normal,2026-07-16 12:06:36.915579
0,2,836,2,3,4,1,-1.4205348537860043,0.04906029372610037,-0.0836393018723879,normal,2026-07-16 12:12:36.915579
38,1,3053,3,0,3,0,-0.9697468384738518,0.04906029372610037,-0.0836393018723879,normal,2026-07-16 12:13:36.915579
23,0,2761,1,0,4,0,-0.8871457808505039,0.04906029372610037,-0.0836393018723879,normal,2026-07-16 12:18:36.915579
24,2,4270,3,1,3,4,-1.2763434334386148,0.04906029372610037,-0.0836393018723879,normal,2026-07-16 12:18:36.915579
4,1,3760,0,2,4,0,-0.19560941886048133,0.04906029372610037,-0.0836393018723879,normal,2026-07-16 12:31:36.915579
42,1,4475,2,3,4,0,-0.9973029511345614,0.04906029372610037,-0.0836393018723879,normal,2026-07-16 12:40:36.915579
45,2,2483,3,0,3,1,-1.1705018175963637,0.04906029372610037,-0.0836393018723879,normal,2026-07-16 12:46:36.915579
16,0,2729,1,2,3,1,0.3066384594392676,0.04906029372610037,-0.0836393018723879,normal,2026-07-16 12:50:36.915579
5,1,221,3,3,3,4,-0.3418288614511248,0.04906029372610037,-0.0836393018723879,normal,2026-07-16 12:56:36.915579
23,0,273,0,0,4,4,0.6944520589324564,0.04906029372610037,-0.0836393018723879,normal,2026-07-16 12:57:36.915579
18,2,2881,0,2,4,1,-0.036664376980413305,0.19241498215279915,-0.0836393018723879,normal,2026-07-16 13:05:36.915579
26,0,3090,3,1,4,1,-0.5885171026613699,0.19241498215279915,-0.0836393018723879,normal,2026-07-16 13:40:36.915579
37,2,2280,3,1,4,4,1.2606931699127093,0.19241498215279915,-0.0836393018723879,normal,2026-07-16 13:41:36.915579
7,1,1354,3,3,4,1,1.5995939485721513,0.19241498215279915,-0.0836393018723879,normal,2026-07-16 13:46:36.915579
7,1,2760,2,1,3,4,-1.4132012946788812,0.19241498215279915,-0.0836393018723879,normal,2026-07-16 13:47:36.915579
33,0,1297,1,0,3,4,0.2725561519768063,0.19241498215279915,-0.0836393018723879,normal,2026-07-16 13:56:36.915579
26,2,2787,0,2,4,0,-1.410039117816177,0.19241498215279915,-0.0836393018723879,normal,2026-07-16 13:59:36.915579
49,2,4917,1,0,3,1,-1.484143627273474,0.3357696705794979,-0.0836393018723879,normal,2026-07-16 14:19:36.915579
24,0,0,1,1,4,4,-0.48749083821186906,0.47912435900619665,-0.0836393018723879,normal,2026-07-16 15:01:36.915579
29,2,113,3,1,4,1,0.22380672630009948,0.47912435900619665,-0.0836393018723879,normal,2026-07-16 15:22:36.915579
46,2,2719,0,1,3,0,1.4026258925010238,0.47912435900619665,-0.0836393018723879,normal,2026-07-16 15:33:36.915579
42,0,3783,2,0,3,4,-1.497032621719938,0.47912435900619665,-0.0836393018723879,normal,2026-07-16 15:57:36.915579
15,1,3828,3,3,4,4,1.443974478711827,0.47912435900619665,-0.0836393018723879,normal,2026-07-16 15:57:36.915579
48,1,3140,0,3,4,0,-0.5452269975257452,0.6224790474328954,-0.0836393018723879,normal,2026-07-16 16:01:36.915579
43,0,1649,2,1,3,4,0.03621947453900096,0.6224790474328954,-0.0836393018723879,normal,2026-07-16 16:03:36.915579
23,2,4599,3,3,3,1,0.3354440644773378,0.6224790474328954,-0.0836393018723879,normal,2026-07-16 16:06:36.915579
11,0,2098,1,0,4,1,1.1595419562254723,0.6224790474328954,-0.0836393018723879,normal,2026-07-16 16:23:36.915579
42,0,4700,0,1,3,4,0.9795669964864464,0.6224790474328954,-0.0836393018723879,normal,2026-07-16 16:30:36.915579
35,0,3667,2,0,3,4,-0.2950786235781945,0.6224790474328954,-0.0836393018723879,normal,2026-07-16 16:41:36.915579
39,0,2927,0,2,4,4,1.3375081166808955,0.6224790474328954,-0.0836393018723879,normal,2026-07-16 16:43:36.915579
21,0,1811,3,0,4,0,-0.5631716303606056,0.6224790474328954,-0.0836393018723879,normal,2026-07-16 16:44:36.915579
36,0,704,2,0,3,4,1.168730530938984,0.6224790474328954,-0.0836393018723879,normal,2026-07-16 16:45:36.915579
36,2,1968,3,3,4,4,-0.7055080351016062,0.6224790474328954,-0.0836393018723879,normal,2026-07-16 16:46:36.915579
12,0,4238,1,2,3,0,0.8977252457693405,0.6224790474328954,-0.0836393018723879,normal,2026-07-16 16:51:36.915579
25,1,3612,2,0,4,0,0.7350701726764948,0.6224790474328954,-0.0836393018723879,normal,2026-07-16 16:56:36.915579
43,0,108,2,1,4,0,0.1553826014198791,0.6224790474328954,-0.0836393018723879,normal,2026-07-16 16:59:36.915579
33,0,316,3,1,3,4,-0.46382737488062853,0.7658337358595942,-0.0836393018723879,normal,2026-07-16 17:01:36.915579
37,1,2831,0,3,4,0,-1.11528386599686,0.7658337358595942,-0.0836393018723879,normal,2026-07-16 17:10:36.915579
6,1,4547,3,3,4,4,-1.4092221420309796,0.7658337358595942,-0.0836393018723879,normal,2026-07-16 17:31:36.915579
49,0,4596,0,2,3,0,0.399158564242892,0.7658337358595942,-0.0836393018723879,normal,2026-07-16 17:41:36.915579
11,0,1422,2,2,3,4,-0.08930645198658925,0.7658337358595942,-0.0836393018723879,normal,2026-07-16 17:45:36.915579
24,2,4633,2,1,3,0,0.29172144274954964,0.7658337358595942,-0.0836393018723879,normal,2026-07-16 17:45:36.915579
47,1,647,2,3,3,0,-0.8491996584980513,0.7658337358595942,-0.0836393018723879,normal,2026-07-16 17:56:36.915579
10,1,917,3,3,4,1,-1.1006840281413952,0.909188424286293,-0.0836393018723879,normal,2026-07-16 18:02:36.915579
33,1,179,0,2,4,4,0.04102521445192556,0.909188424286293,-0.0836393018723879,normal,2026-07-16 18:04:36.915579
35,2,3172,1,0,3,0,0.45099327494369645,0.909188424286293,-0.0836393018723879,normal,2026-07-16 18:08:36.915579
44,0,3683,3,0,3,0,0.03761313911374914,0.909188424286293,-0.0836393018723879,normal,2026-07-16 18:16:36.915579
44,2,2069,0,0,4,0,1.1304383953128008,0.909188424286293,-0.0836393018723879,normal,2026-07-16 18:44:36.915579
45,2,4293,2,0,3,1,0.6884448840413007,1.0525431127129916,-0.0836393018723879,normal,2026-07-16 19:14:36.915579
22,2,3724,2,0,4,1,0.44658160570363153,1.0525431127129916,-0.0836393018723879,normal,2026-07-16 19:15:36.915579
18,1,4844,1,0,4,0,-0.6753952688072206,1.0525431127129916,-0.0836393018723879,normal,2026-07-16 19:21:36.915579
17,2,142,2,1,3,4,1.708703467555191,1.0525431127129916,-0.0836393018723879,normal,2026-07-16 19:42:36.915579
13,0,3725,2,3,3,0,1.3657081984899373,1.0525431127129916,-0.0836393018723879,normal,2026-07-16 19:45:36.915579
21,1,3360,0,2,3,1,-0.42581397216939504,1.0525431127129916,-0.0836393018723879,normal,2026-07-16 19:45:36.915579
6,1,362,1,2,3,0,-1.217963304976407,1.1958978011396906,-0.0836393018723879,normal,2026-07-16 20:07:36.915579
34,1,614,0,2,4,1,-0.08298209826118055,1.1958978011396906,-0.0836393018723879,normal,2026-07-16 20:11:36.915579
26,2,3242,2,2,4,1,-0.41863419673948565,1.1958978011396906,-0.0836393018723879,normal,2026-07-16 20:48:36.915579
48,1,2316,3,2,3,1,0.6682319419675397,1.1958978011396906,-0.0836393018723879,normal,2026-07-16 20:50:36.915579
36,0,4246,3,1,4,4,1.435045413953613,1.1958978011396906,-0.0836393018723879,normal,2026-07-16 20:58:36.915579
42,0,2834,1,0,3,0,-1.4736094453843434,1.3392524895663893,-0.0836393018723879,normal,2026-07-16 21:00:36.915579
8,2,67,2,1,3,1,1.2253613700728876,1.3392524895663893,-0.0836393018723879,normal,2026-07-16 21:03:36.915579
16,2,3508,2,3,4,1,0.4356917990609445,1.3392524895663893,-0.0836393018723879,normal,2026-07-16 21:28:36.915579
5,2,4640,1,3,5,1,-1.6028165686832339,1.3392524895663893,-0.0836393018723879,insider_drift,2026-07-16 21:38:36.998575
39,0,95,0,2,3,0,-1.4561838324600789,1.482607177993088,-0.0836393018723879,normal,2026-07-16 22:21:36.915579
2,2,2151,2,2,4,4,-1.6397823200934498,1.482607177993088,-0.0836393018723879,normal,2026-07-16 22:33:36.915579
39,2,200,1,3,3,0,-1.0233692844222642,1.482607177993088,-0.0836393018723879,normal,2026-07-16 22:45:36.915579
23,2,4196,1,3,3,1,-1.0236287943775622,1.482607177993088,-0.0836393018723879,normal,2026-07-16 22:53:36.915579
17,2,4380,0,3,3,0,-0.9646719771258034,1.482607177993088,-0.0836393018723879,normal,2026-07-16 22:57:36.915579
14,0,1572,3,0,3,1,0.4597877789843486,1.6259618664197868,-0.0836393018723879,normal,2026-07-16 23:01:36.915579
16,1,2225,1,3,3,1,-1.4375760075172348,1.6259618664197868,-0.0836393018723879,normal,2026-07-16 23:02:36.915579
18,2,3467,1,0,4,1,-0.5742632780796355,1.6259618664197868,-0.0836393018723879,normal,2026-07-16 23:08:36.915579
12,2,1537,0,0,4,4,-1.1900996249612703,1.6259618664197868,-0.0836393018723879,normal,2026-07-16 23:22:36.915579
43,0,4204,3,3,3,1,0.836769240713805,1.6259618664197868,-0.0836393018723879,normal,2026-07-16 23:38:36.915579
40,2,599,5,2,0,4,-1.7133485866804996,1.6259618664197868,-0.0836393018723879,low_and_slow,2026-07-16 23:38:36.998575
32,0,3453,1,2,3,0,1.1749395469064827,1.6259618664197868,-0.0836393018723879,normal,2026-07-16 23:45:36.915579
23,1,2304,2,0,4,1,-1.0747810900107317,1.6259618664197868,-0.0836393018723879,normal,2026-07-16 23:57:36.915579
16,2,3368,2,2,4,0,-1.3267844795646713,-1.6711959673942849,0.41173258205095886,normal,2026-07-17 00:15:36.915579
4,0,4764,2,0,4,0,0.05106921086993799,-1.6711959673942849,0.41173258205095886,normal,2026-07-17 00:21:36.915579
34,2,1826,1,2,3,1,-0.36363730917597664,-1.6711959673942849,0.41173258205095886,normal,2026-07-17 00:29:36.915579
46,2,6,3,3,3,4,-0.2850922960391371,-1.6711959673942849,0.41173258205095886,normal,2026-07-17 00:49:36.915579
45,2,130,2,0,3,1,-0.04954375994705129,-1.6711959673942849,0.41173258205095886,normal,2026-07-17 00:49:36.915579
35,2,2083,0,0,4,0,-0.1842198152668499,-1.6711959673942849,0.41173258205095886,normal,2026-07-17 00:58:36.915579
7,0,3933,3,0,3,4,1.715152770518336,-1.527841278967586,0.41173258205095886,normal,2026-07-17 01:07:36.915579
47,1,3246,2,3,3,1,0.333896616225376,-1.527841278967586,0.41173258205095886,normal,2026-07-17 01:11:36.915579
17,2,27,0,0,4,1,0.07295455043339656,-1.527841278967586,0.41173258205095886,normal,2026-07-17 01:21:36.915579
2,0,495,0,2,4,0,1.2788011979046088,-1.527841278967586,0.41173258205095886,normal,2026-07-17 01:37:36.915579
12,0,324,2,3,3,0,-1.5395441969896688,-1.527841278967586,0.41173258205095886,normal,2026-07-17 01:52:36.915579
9,2,422,3,1,3,1,0.9147183421014421,-1.527841278967586,0.41173258205095886,normal,2026-07-17 01:56:36.915579
43,0,2002,2,2,4,4,0.8310407987375988,-1.3844865905408872,0.41173258205095886,normal,2026-07-17 02:24:36.915579
28,2,2320,0,0,3,4,1.5588893315096801,-1.3844865905408872,0.41173258205095886,normal,2026-07-17 02:24:36.915579
6,0,1383,1,1,3,4,1.2295711982366095,-1.3844865905408872,0.41173258205095886,normal,2026-07-17 02:43:36.915579
26,0,5002,2,3,3,0,0.8407099474424035,-1.3844865905408872,0.41173258205095886,normal,2026-07-17 02:45:36.915579
22,1,251,3,1,3,1,0.8362117748839057,-1.2411319021141884,0.41173258205095886,normal,2026-07-17 03:06:36.915579
42,0,319,1,1,3,0,1.6134248680415482,-1.2411319021141884,0.41173258205095886,normal,2026-07-17 03:08:36.915579
0,0,4667,3,3,3,0,-0.3485953432485226,-1.2411319021141884,0.41173258205095886,normal,2026-07-17 03:27:36.915579
31,2,3297,3,1,3,1,-0.9218240000621678,-1.2411319021141884,0.41173258205095886,normal,2026-07-17 03:30:36.915579
4,2,403,0,0,4,4,-1.0265987416437496,-1.2411319021141884,0.41173258205095886,normal,2026-07-17 03:30:36.915579
42,2,521,1,2,3,4,-1.2448081681300036,-1.2411319021141884,0.41173258205095886,normal,2026-07-17 03:36:36.915579
44,2,2940,2,1,4,1,-1.4379893011497464,-1.2411319021141884,0.41173258205095886,normal,2026-07-17 03:43:36.915579
38,2,894,0,0,4,4,-1.2202027797758297,-1.2411319021141884,0.41173258205095886,normal,2026-07-17 03:45:36.915579
32,2,1624,0,3,3,0,1.103737704356592,-1.2411319021141884,0.41173258205095886,normal,2026-07-17 03:46:36.915579
11,0,1933,1,1,4,0,0.5942523817479787,-1.2411319021141884,0.41173258205095886,normal,2026-07-17 03:49:36.915579
32,2,1442,1,2,4,1,1.5183961670033774,-1.2411319021141884,0.41173258205095886,normal,2026-07-17 03:49:36.915579
48,0,481,3,2,3,4,0.675219487800932,-1.0977772136874897,0.41173258205095886,normal,2026-07-17 04:18:36.915579
32,0,3306,2,2,4,4,-0.689072404599404,-1.0977772136874897,0.41173258205095886,normal,2026-07-17 04:19:36.915579
46,2,1824,1,2,3,1,0.09513784587145639,-1.0977772136874897,0.41173258205095886,normal,2026-07-17 04:26:36.915579
12,2,1969,1,2,4,4,1.5409446986748196,-1.0977772136874897,0.41173258205095886,normal,2026-07-17 04:32:36.915579
13,0,393,1,1,3,1,-1.0308758501662527,-1.0977772136874897,0.41173258205095886,normal,2026-07-17 04:33:36.915579
40,0,720,0,1,3,0,-0.5650362574468203,-1.0977772136874897,0.41173258205095886,normal,2026-07-17 04:37:36.915579
46,1,456,1,0,4,1,-1.1990094667598323,-1.0977772136874897,0.41173258205095886,normal,2026-07-17 04:40:36.915579
27,0,3195,3,0,4,0,-0.15821115085810208,-1.0977772136874897,0.41173258205095886,normal,2026-07-17 04:42:36.915579
8,0,1399,2,2,3,1,-1.2953933864534477,-1.0977772136874897,0.41173258205095886,normal,2026-07-17 04:47:36.915579
19,1,4701,0,3,3,1,-1.3071578377602875,-0.954422525260791,0.41173258205095886,normal,2026-07-17 05:04:36.915579
24,0,2299,0,0,4,4,1.0797858966305758,-0.954422525260791,0.41173258205095886,normal,2026-07-17 05:14:36.915579
43,1,4136,2,0,3,1,0.3465837695954967,-0.954422525260791,0.41173258205095886,normal,2026-07-17 05:41:36.915579
49,0,4702,1,0,3,1,0.40705920065973983,-0.954422525260791,0.41173258205095886,normal,2026-07-17 05:49:36.915579
18,2,2161,0,2,4,0,-0.33528344368972157,-0.954422525260791,0.41173258205095886,normal,2026-07-17 05:54:36.915579
21,2,3056,3,3,4,4,0.7893942566521943,-0.954422525260791,0.41173258205095886,normal,2026-07-17 05:58:36.915579
5,0,4442,3,0,4,1,0.1455308345983837,-0.8110678368340922,0.41173258205095886,normal,2026-07-17 06:32:36.915579
12,0,1101,2,1,4,4,0.442477503817994,-0.6677131484073935,0.41173258205095886,normal,2026-07-17 07:11:36.915579
23,2,4448,2,1,3,0,1.0457708695268957,-0.6677131484073935,0.41173258205095886,normal,2026-07-17 07:22:36.915579
39,2,4809,1,2,3,0,-0.5523971614758286,-0.6677131484073935,0.41173258205095886,normal,2026-07-17 07:40:36.915579
18,1,2419,1,0,4,0,1.4447530085777212,-0.6677131484073935,0.41173258205095886,normal,2026-07-17 07:53:36.915579
34,1,4862,1,1,3,0,-1.1808341584091515,-0.5243584599806946,0.41173258205095886,normal,2026-07-17 08:05:36.915579
3,0,2275,3,0,3,1,0.922945768832369,-0.5243584599806946,0.41173258205095886,normal,2026-07-17 08:06:36.915579
48,1,1612,0,2,4,0,-0.187410826569032,-0.5243584599806946,0.41173258205095886,normal,2026-07-17 08:13:36.915579
38,1,1234,3,3,4,0,0.5411585671899876,-0.5243584599806946,0.41173258205095886,normal,2026-07-17 08:15:36.915579
4,0,1464,1,1,3,0,-1.2374553860632291,-0.5243584599806946,0.41173258205095886,normal,2026-07-17 08:17:36.915579
37,2,3029,1,1,3,1,0.7779662071392598,-0.5243584599806946,0.41173258205095886,normal,2026-07-17 08:22:36.915579
19,2,1675,3,3,4,4,-1.711724246589931,-0.5243584599806946,0.41173258205095886,normal,2026-07-17 08:37:36.915579
26,0,2560,2,1,4,0,0.9046166768044744,-0.5243584599806946,0.41173258205095886,normal,2026-07-17 08:54:36.915579
32,1,2119,2,1,3,4,-0.6814120551782021,-0.5243584599806946,0.41173258205095886,normal,2026-07-17 08:55:36.915579
41,2,386,0,2,4,1,0.13744758006484448,-0.5243584599806946,0.41173258205095886,normal,2026-07-17 08:56:36.915579
38,2,4988,0,1,3,1,-0.17939485239427364,-0.3810037715539959,0.41173258205095886,normal,2026-07-17 09:05:36.915579
7,1,1849,0,0,3,1,-0.1841717578677207,-0.3810037715539959,0.41173258205095886,normal,2026-07-17 09:17:36.915579
20,1,4041,1,0,4,4,0.014978104123874363,-0.3810037715539959,0.41173258205095886,normal,2026-07-17 09:25:36.915579
0,1,4766,2,1,3,4,-1.6005674824039853,-0.3810037715539959,0.41173258205095886,normal,2026-07-17 09:43:36.915579
44,1,1496,0,0,4,1,-1.069091093953829,-0.3810037715539959,0.41173258205095886,normal,2026-07-17 09:56:36.915579
25,1,1004,3,3,4,1,1.6703536630500528,-0.3810037715539959,0.41173258205095886,normal,2026-07-17 09:57:36.915579
17,0,787,0,3,3,4,0.27319050964531266,-0.23764908312729716,0.41173258205095886,normal,2026-07-17 10:08:36.915579
31,1,3596,3,3,4,4,0.19317494009511804,-0.23764908312729716,0.41173258205095886,normal,2026-07-17 10:20:36.915579
5,2,3756,0,2,3,4,-0.279748313255965,-0.23764908312729716,0.41173258205095886,normal,2026-07-17 10:24:36.915579
50,0,2271,0,3,4,0,-1.4102217359328681,-0.23764908312729716,0.41173258205095886,normal,2026-07-17 10:25:36.915579
19,0,3619,3,0,4,0,-1.385251111345312,-0.23764908312729716,0.41173258205095886,normal,2026-07-17 10:28:36.915579
36,0,2205,2,2,3,0,-0.1858537668372443,-0.23764908312729716,0.41173258205095886,normal,2026-07-17 10:30:36.915579
11,2,3451,0,2,4,0,0.015910417666981758,-0.23764908312729716,0.41173258205095886,normal,2026-07-17 10:34:36.915579
19,2,1987,2,3,4,4,1.196152082882132,-0.23764908312729716,0.41173258205095886,normal,2026-07-17 10:55:36.915579
41,1,2319,1,0,4,0,0.37148711382427224,-0.23764908312729716,0.41173258205095886,normal,2026-07-17 10:58:36.915579
5,1,2659,1,1,4,0,-1.6428579936377217,-0.09429439470059839,0.41173258205095886,normal,2026-07-17 11:03:36.915579
26,2,194,3,3,3,0,-0.8819075243454162,-0.09429439470059839,0.41173258205095886,normal,2026-07-17 11:07:36.915579
1,0,2249,0,0,4,1,0.9826618929903697,-0.09429439470059839,0.41173258205095886,normal,2026-07-17 11:21:36.915579
1,1,3914,3,2,4,1,-0.1168337302078214,-0.09429439470059839,0.41173258205095886,normal,2026-07-17 11:34:36.915579
6,1,513,2,0,4,1,-0.8548223741961731,0.04906029372610037,0.41173258205095886,normal,2026-07-17 12:14:36.915579
28,1,1730,3,0,3,1,-0.330160524942544,0.04906029372610037,0.41173258205095886,normal,2026-07-17 12:24:36.915579
1,0,9,0,3,4,0,-0.32135640942206606,0.04906029372610037,0.41173258205095886,normal,2026-07-17 12:33:36.915579
47,1,1978,1,2,3,4,0.5028087626848493,0.04906029372610037,0.41173258205095886,normal,2026-07-17 12:43:36.915579
43,0,4011,2,1,4,0,-0.19788733957920748,0.19241498215279915,0.41173258205095886,normal,2026-07-17 13:01:36.915579
11,1,72,1,0,3,0,1.3853636747337985,0.19241498215279915,0.41173258205095886,normal,2026-07-17 13:01:36.915579
7,0,1990,2,0,4,1,-0.10735681109953399,0.19241498215279915,0.41173258205095886,normal,2026-07-17 13:02:36.915579
42,1,3019,0,2,3,0,-0.5750706423850069,0.19241498215279915,0.41173258205095886,normal,2026-07-17 13:35:36.915579
49,1,2166,1,3,4,1,0.7456043545656256,0.19241498215279915,0.41173258205095886,normal,2026-07-17 13:52:36.915579
39,0,509,0,1,3,0,0.8933424109687533,0.19241498215279915,0.41173258205095886,normal,2026-07-17 13:54:36.915579
21,1,3560,2,3,3,1,1.2273413349170124,0.19241498215279915,0.41173258205095886,normal,2026-07-17 13:55:36.915579
45,2,849,1,1,4,0,-0.5935631295699407,0.3357696705794979,0.41173258205095886,normal,2026-07-17 14:17:36.915579
30,2,3303,0,0,4,0,0.7120891244128895,0.3357696705794979,0.41173258205095886,normal,2026-07-17 14:36:36.915579
37,0,2219,2,1,4,1,-0.5339238972505467,0.3357696705794979,0.41173258205095886,normal,2026-07-17 14:37:36.915579
37,0,3291,3,2,3,1,0.4947831770302653,0.3357696705794979,0.41173258205095886,normal,2026-07-17 14:40:36.915579
29,2,3528,3,1,4,4,1.6616264393681819,0.47912435900619665,0.41173258205095886,normal,2026-07-17 15:02:36.915579
39,2,4756,2,3,3,4,0.768768020945922,0.47912435900619665,0.41173258205095886,normal,2026-07-17 15:05:36.915579
47,2,222,3,3,3,0,-1.5072880706941187,0.47912435900619665,0.41173258205095886,normal,2026-07-17 15:06:36.915579
46,2,4720,3,0,4,4,-0.31667561874687744,0.47912435900619665,0.41173258205095886,normal,2026-07-17 15:22:36.915579
5,0,4222,3,3,3,4,1.3959363025422327,0.47912435900619665,0.41173258205095886,normal,2026-07-17 15:45:36.915579
47,0,343,1,1,4,0,-1.2116966201299533,0.47912435900619665,0.41173258205095886,normal,2026-07-17 15:56:36.915579
16,2,820,2,3,3,4,0.0660342849587851,0.6224790474328954,0.41173258205095886,normal,2026-07-17 16:05:36.915579
18,0,1237,1,1,3,0,-0.5640847209440613,0.6224790474328954,0.41173258205095886,normal,2026-07-17 16:12:36.915579
25,1,2070,0,0,3,4,0.6704906397266142,0.6224790474328954,0.41173258205095886,normal,2026-07-17 16:18:36.915579
18,1,1964,0,0,3,1,-1.0635644930539656,0.6224790474328954,0.41173258205095886,normal,2026-07-17 16:20:36.915579
17,2,556,0,3,4,0,0.2710952070432773,0.6224790474328954,0.41173258205095886,normal,2026-07-17 16:42:36.915579
6,0,3260,1,3,4,1,-0.29674140958806644,0.6224790474328954,0.41173258205095886,normal,2026-07-17 16:44:36.915579
50,0,2109,0,0,3,0,-0.8325525754396806,0.7658337358595942,0.41173258205095886,normal,2026-07-17 17:07:36.915579
18,2,1400,2,2,3,0,0.265568606143414,0.7658337358595942,0.41173258205095886,normal,2026-07-17 17:10:36.915579
3,0,2462,0,1,4,4,-1.1174368374778503,0.7658337358595942,0.41173258205095886,normal,2026-07-17 17:20:36.915579
46,1,677,2,3,3,0,0.7002766157069209,0.7658337358595942,0.41173258205095886,normal,2026-07-17 17:43:36.915579
4,2,3566,1,2,3,1,-0.3634162451399821,0.7658337358595942,0.41173258205095886,normal,2026-07-17 17:46:36.915579
35,1,4591,0,3,3,4,1.3905058164406283,0.7658337358595942,0.41173258205095886,normal,2026-07-17 17:54:36.915579
33,0,4717,1,2,3,0,-0.5848743518073731,0.909188424286293,0.41173258205095886,normal,2026-07-17 18:21:36.915579
43,2,1570,3,0,3,4,-0.14786919856548836,0.909188424286293,0.41173258205095886,normal,2026-07-17 18:50:36.915579
48,1,3888,2,2,3,4,-0.04798670021526361,0.909188424286293,0.41173258205095886,normal,2026-07-17 18:50:36.915579
36,1,2991,3,0,4,4,1.7064351583162907,1.0525431127129916,0.41173258205095886,normal,2026-07-17 19:12:36.915579
14,2,2931,3,3,3,1,1.4573440471495835,1.0525431127129916,0.41173258205095886,normal,2026-07-17 19:33:36.915579
6,0,3273,1,2,3,4,1.498144779010313,1.0525431127129916,0.41173258205095886,normal,2026-07-17 19:38:36.915579
24,1,1243,1,0,3,1,1.707242522621662,1.0525431127129916,0.41173258205095886,normal,2026-07-17 19:44:36.915579
21,1,3563,3,3,3,4,-0.15033934888073155,1.0525431127129916,0.41173258205095886,normal,2026-07-17 19:45:36.915579
21,2,192,0,2,3,1,1.444887569295283,1.0525431127129916,0.41173258205095886,normal,2026-07-17 19:52:36.915579
10,0,4496,0,2,3,4,-0.20436547698182983,1.1958978011396906,0.41173258205095886,normal,2026-07-17 20:11:36.915579
31,1,4526,2,3,3,4,1.7300313412887505,1.1958978011396906,0.41173258205095886,normal,2026-07-17 20:21:36.915579
7,0,611,2,0,3,1,0.8873352360775976,1.1958978011396906,0.41173258205095886,normal,2026-07-17 20:28:36.915579
28,2,2227,2,0,3,1,-1.3197584878119755,1.1958978011396906,0.41173258205095886,normal,2026-07-17 20:38:36.915579
20,2,3752,2,0,3,0,-0.7085837086458777,1.1958978011396906,0.41173258205095886,normal,2026-07-17 20:42:36.915579
10,0,3011,0,1,3,4,-0.1631802859280662,1.3392524895663893,0.41173258205095886,normal,2026-07-17 21:10:36.915579
13,0,3589,3,0,3,0,-1.4725810170429776,1.3392524895663893,0.41173258205095886,normal,2026-07-17 21:13:36.915579
3,0,902,1,1,3,1,0.607545058347128,1.3392524895663893,0.41173258205095886,normal,2026-07-17 21:28:36.915579
46,0,1979,2,0,3,0,-0.38485945663145155,1.3392524895663893,0.41173258205095886,normal,2026-07-17 21:37:36.915579
48,1,4622,0,2,3,0,-0.6315765322811743,1.3392524895663893,0.41173258205095886,normal,2026-07-17 21:37:36.915579
5,2,1757,1,3,5,1,-1.5932050888573848,1.3392524895663893,0.41173258205095886,insider_drift,2026-07-17 21:38:36.998575
2,2,4254,1,3,3,1,0.38916262522400874,1.3392524895663893,0.41173258205095886,normal,2026-07-17 21:42:36.915579
47,1,3048,0,2,3,0,-0.2055284660407576,1.482607177993088,0.41173258205095886,normal,2026-07-17 22:06:36.915579
4,1,1091,2,2,3,4,0.6877720804534909,1.482607177993088,0.41173258205095886,normal,2026-07-17 22:12:36.915579
15,2,1833,3,1,3,4,-1.4379316322707913,1.482607177993088,0.41173258205095886,normal,2026-07-17 22:13:36.915579
14,2,1622,3,0,4,1,-1.090755369481293,1.482607177993088,0.41173258205095886,normal,2026-07-17 22:17:36.915579
11,0,4924,3,3,3,0,-1.0706385422057907,1.482607177993088,0.41173258205095886,normal,2026-07-17 22:24:36.915579
19,1,3686,0,3,3,1,-0.5801935611321845,1.482607177993088,0.41173258205095886,normal,2026-07-17 22:26:36.915579
15,2,535,2,1,4,0,1.705781577688133,1.482607177993088,0.41173258205095886,normal,2026-07-17 22:33:36.915579
29,2,3418,0,3,3,1,-1.3060813520197923,1.482607177993088,0.41173258205095886,normal,2026-07-17 22:40:36.915579
34,2,2803,0,3,4,1,-1.1856591212817278,1.482607177993088,0.41173258205095886,normal,2026-07-17 22:51:36.915579
42,0,1430,1,0,4,4,0.505634537753649,1.482607177993088,0.41173258205095886,normal,2026-07-17 22:53:36.915579
33,2,1611,2,3,3,1,-0.2394185439067018,1.6259618664197868,0.41173258205095886,normal,2026-07-17 23:00:36.915579
11,1,2269,1,0,3,4,-1.6826975775158663,1.6259618664197868,0.41173258205095886,normal,2026-07-17 23:04:36.915579
11,0,3886,3,3,3,0,-1.624355894972962,1.6259618664197868,0.41173258205095886,normal,2026-07-17 23:16:36.915579
5,0,4936,1,2,3,1,1.4586800428453763,1.6259618664197868,0.41173258205095886,normal,2026-07-17 23:22:36.915579
10,2,4176,1,2,3,1,1.5789484899062272,1.6259618664197868,0.41173258205095886,normal,2026-07-17 23:29:36.915579
40,2,2430,5,2,0,4,-1.7133485866804996,1.6259618664197868,0.41173258205095886,low_and_slow,2026-07-17 23:38:36.998575
45,2,3087,1,3,3,1,0.04321663185221914,1.6259618664197868,0.41173258205095886,normal,2026-07-17 23:52:36.915579
20,1,2012,2,0,4,4,-1.1857744590396382,-1.6711959673942849,0.9071044659743056,normal,2026-07-18 00:03:36.915579
42,2,4608,2,1,3,1,0.47157145325083943,-1.6711959673942849,0.9071044659743056,normal,2026-07-18 00:06:36.915579
3,0,2046,1,1,3,0,-0.38555148317891275,-1.6711959673942849,0.9071044659743056,normal,2026-07-18 00:17:36.915579
25,1,3703,0,0,4,4,-1.1709727801078302,-1.6711959673942849,0.9071044659743056,normal,2026-07-18 00:22:36.915579
11,0,4332,2,3,3,4,1.0906372573539596,-1.527841278967586,0.9071044659743056,normal,2026-07-18 01:08:36.915579
0,1,2952,2,1,3,1,-1.6096022734402835,-1.527841278967586,0.9071044659743056,normal,2026-07-18 01:23:36.915579
7,2,766,1,3,4,4,1.0494040089010663,-1.527841278967586,0.9071044659743056,normal,2026-07-18 01:25:36.915579
5,1,3849,3,0,4,0,0.4493016544943472,-1.527841278967586,0.9071044659743056,normal,2026-07-18 01:29:36.915579
34,2,2244,2,3,3,4,0.845188897041249,-1.527841278967586,0.9071044659743056,normal,2026-07-18 01:35:36.915579
37,2,841,0,0,3,4,-0.15447228520584666,-1.527841278967586,0.9071044659743056,normal,2026-07-18 01:49:36.915579
42,2,2725,0,3,4,0,-0.31250423650245895,-1.527841278967586,0.9071044659743056,normal,2026-07-18 01:59:36.915579
8,2,3378,2,0,3,4,-1.12179083783896,-1.3844865905408872,0.9071044659743056,normal,2026-07-18 02:08:36.915579
43,0,2073,2,3,3,1,0.6679724320122418,-1.3844865905408872,0.9071044659743056,normal,2026-07-18 02:11:36.915579
34,2,106,3,2,4,4,1.095318048029148,-1.3844865905408872,0.9071044659743056,normal,2026-07-18 02:18:36.915579
31,1,4282,2,3,4,1,1.6483625972085099,-1.3844865905408872,0.9071044659743056,normal,2026-07-18 02:19:36.915579
6,0,1831,2,0,4,0,-1.3888265818405277,-1.3844865905408872,0.9071044659743056,normal,2026-07-18 02:36:36.915579
32,1,4739,1,3,3,1,-0.8765154841631148,-1.3844865905408872,0.9071044659743056,normal,2026-07-18 02:51:36.915579
20,2,4731,1,1,3,1,-0.15984510242849648,-1.2411319021141884,0.9071044659743056,normal,2026-07-18 03:09:36.915579
39,2,4055,2,3,3,4,0.44743702740813246,-1.2411319021141884,0.9071044659743056,normal,2026-07-18 03:14:36.915579
33,0,3847,0,3,4,1,-1.493841610417756,-1.2411319021141884,0.9071044659743056,normal,2026-07-18 03:15:36.915579
6,0,1795,2,2,3,0,0.9841324494037247,-1.2411319021141884,0.9071044659743056,normal,2026-07-18 03:20:36.915579
19,2,3549,3,2,4,0,-0.1964263946456784,-1.2411319021141884,0.9071044659743056,normal,2026-07-18 03:33:36.915579
10,1,2957,1,2,3,0,-1.313799370319949,-1.2411319021141884,0.9071044659743056,normal,2026-07-18 03:38:36.915579
23,0,4309,2,2,3,1,-0.5504844769904848,-1.2411319021141884,0.9071044659743056,normal,2026-07-18 03:46:36.915579
18,1,2781,1,3,4,4,0.28445516400120774,-1.2411319021141884,0.9071044659743056,normal,2026-07-18 03:49:36.915579
25,2,2843,1,0,4,1,-1.6765750648668005,-1.2411319021141884,0.9071044659743056,normal,2026-07-18 03:56:36.915579
1,2,3334,1,0,4,1,1.1193755820332485,-1.0977772136874897,0.9071044659743056,normal,2026-07-18 04:01:36.915579
18,1,2176,0,0,4,4,-0.7925784308439738,-1.0977772136874897,0.9071044659743056,normal,2026-07-18 04:02:36.915579
2,1,1598,1,2,3,4,-0.08486594830704704,-1.0977772136874897,0.9071044659743056,normal,2026-07-18 04:06:36.915579
30,0,3728,0,1,3,1,0.41548846846700954,-1.0977772136874897,0.9071044659743056,normal,2026-07-18 04:10:36.915579
47,2,3170,1,0,3,0,0.9028289415568663,-1.0977772136874897,0.9071044659743056,normal,2026-07-18 04:29:36.915579
3,2,4538,3,3,4,4,-0.034165392225692606,-1.0977772136874897,0.9071044659743056,normal,2026-07-18 04:30:36.915579
16,2,2913,3,1,4,0,-0.8381752911378024,-1.0977772136874897,0.9071044659743056,normal,2026-07-18 04:35:36.915579
11,1,4408,3,0,3,0,-0.4618185755970261,-0.954422525260791,0.9071044659743056,normal,2026-07-18 05:11:36.915579
38,1,1630,1,3,4,4,0.25446734694455847,-0.954422525260791,0.9071044659743056,normal,2026-07-18 05:15:36.915579
42,0,3504,2,2,4,4,-0.9730916334532473,-0.954422525260791,0.9071044659743056,normal,2026-07-18 05:23:36.915579
49,2,644,2,0,3,4,0.26989377206504617,-0.954422525260791,0.9071044659743056,normal,2026-07-18 05:46:36.915579
33,2,4813,2,2,3,4,-1.328399208175414,-0.954422525260791,0.9071044659743056,normal,2026-07-18 05:52:36.915579
8,0,187,2,2,3,1,1.4166874874862412,-0.8110678368340922,0.9071044659743056,normal,2026-07-18 06:02:36.915579
46,2,1368,0,0,3,0,-0.911357098531818,-0.8110678368340922,0.9071044659743056,normal,2026-07-18 06:11:36.915579
17,0,325,1,2,4,1,-0.44425840195519944,-0.8110678368340922,0.9071044659743056,normal,2026-07-18 06:23:36.915579
37,0,1421,1,3,4,1,-0.5016773824348225,-0.8110678368340922,0.9071044659743056,normal,2026-07-18 06:39:36.915579
9,2,1102,3,1,4,4,-0.0887105402373867,-0.8110678368340922,0.9071044659743056,normal,2026-07-18 06:45:36.915579
9,2,878,1,2,3,0,0.3467375532727106,-0.8110678368340922,0.9071044659743056,normal,2026-07-18 06:48:36.915579
36,1,56,1,3,3,0,0.6596777249225337,-0.6677131484073935,0.9071044659743056,normal,2026-07-18 07:07:36.915579
33,2,2093,0,0,4,0,0.43224127780346494,-0.6677131484073935,0.9071044659743056,normal,2026-07-18 07:11:36.915579
15,2,3534,2,1,4,0,0.9651209423081949,-0.6677131484073935,0.9071044659743056,normal,2026-07-18 07:20:36.915579
13,0,1149,3,0,3,1,-0.14870539731033713,-0.6677131484073935,0.9071044659743056,normal,2026-07-18 07:31:36.915579
48,1,980,0,1,3,4,-0.16931241005695785,-0.6677131484073935,0.9071044659743056,normal,2026-07-18 07:32:36.915579
21,2,1699,1,3,3,4,1.4433593440029726,-0.6677131484073935,0.9071044659743056,normal,2026-07-18 07:33:36.915579
2,2,2191,1,0,3,0,0.12184814830749145,-0.6677131484073935,0.9071044659743056,normal,2026-07-18 07:43:36.915579
11,0,4081,0,0,3,0,-0.7837647038436701,-0.6677131484073935,0.9071044659743056,normal,2026-07-18 07:44:36.915579
24,2,4737,3,3,3,4,1.1082262654352637,-0.6677131484073935,0.9071044659743056,normal,2026-07-18 07:46:36.915579
28,2,3014,0,3,3,1,-1.1239053634006468,-0.6677131484073935,0.9071044659743056,normal,2026-07-18 07:52:36.915579
31,1,1989,1,1,4,0,1.1505552225883033,-0.5243584599806946,0.9071044659743056,normal,2026-07-18 08:08:36.915579
34,1,350,0,3,3,0,0.10418224838758056,-0.5243584599806946,0.9071044659743056,normal,2026-07-18 08:09:36.915579
42,1,2591,0,0,4,1,-0.12294663137706138,-0.5243584599806946,0.9071044659743056,normal,2026-07-18 08:17:36.915579
43,2,4743,1,1,3,1,1.44915506633796,-0.5243584599806946,0.9071044659743056,normal,2026-07-18 08:37:36.915579
32,0,1001,1,3,4,0,0.07887522200611974,-0.5243584599806946,0.9071044659743056,normal,2026-07-18 08:46:36.915579
34,0,1455,3,2,4,1,0.4942929915591472,-0.3810037715539959,0.9071044659743056,normal,2026-07-18 09:05:36.915579
24,1,1694,0,2,4,1,-1.214589675557534,-0.3810037715539959,0.9071044659743056,normal,2026-07-18 09:08:36.915579
38,2,1739,3,3,4,4,-1.6182622167633736,-0.3810037715539959,0.9071044659743056,normal,2026-07-18 09:16:36.915579
7,0,2721,3,0,4,1,1.3210724861786936,-0.3810037715539959,0.9071044659743056,normal,2026-07-18 09:18:36.915579
1,1,1772,3,1,3,4,-0.5478124855988985,-0.3810037715539959,0.9071044659743056,normal,2026-07-18 09:30:36.915579
29,1,1039,0,2,3,1,-0.141198831566349,-0.3810037715539959,0.9071044659743056,normal,2026-07-18 09:37:36.915579
12,0,2484,1,2,4,4,-0.16875494422705867,-0.3810037715539959,0.9071044659743056,normal,2026-07-18 09:37:36.915579
5,2,1218,1,1,4,0,0.40490622917874985,-0.3810037715539959,0.9071044659743056,normal,2026-07-18 09:41:36.915579
7,2,1195,3,0,3,1,0.0923601282017861,-0.3810037715539959,0.9071044659743056,normal,2026-07-18 09:47:36.915579
10,0,1075,2,1,3,0,1.5751038979758876,-0.3810037715539959,0.9071044659743056,normal,2026-07-18 09:55:36.915579
2,0,759,0,2,3,1,-1.2562938865218936,-0.23764908312729716,0.9071044659743056,normal,2026-07-18 10:12:36.915579
2,1,2448,2,0,4,0,1.701946597237619,-0.23764908312729716,0.9071044659743056,normal,2026-07-18 10:15:36.915579
23,0,1292,3,2,3,4,0.718817160290984,-0.23764908312729716,0.9071044659743056,normal,2026-07-18 10:46:36.915579
13,0,523,2,1,3,1,-1.6632343308685218,-0.23764908312729716,0.9071044659743056,normal,2026-07-18 10:49:36.915579
48,0,823,3,3,4,4,-0.6742034453088153,-0.23764908312729716,0.9071044659743056,normal,2026-07-18 10:51:36.915579
18,2,2981,1,1,3,0,0.998655395420583,-0.23764908312729716,0.9071044659743056,normal,2026-07-18 10:54:36.915579
1,1,4200,2,2,4,4,-0.25277850086463227,-0.23764908312729716,0.9071044659743056,normal,2026-07-18 10:56:36.915579
11,0,3201,2,3,3,1,0.0684371549152474,-0.23764908312729716,0.9071044659743056,normal,2026-07-18 10:59:36.915579
45,1,4262,2,3,4,4,0.3814830528431555,-0.09429439470059839,0.9071044659743056,normal,2026-07-18 11:06:36.915579
6,1,1613,3,2,4,4,-1.3078786987472262,-0.09429439470059839,0.9071044659743056,normal,2026-07-18 11:14:36.915579
23,0,4373,3,2,3,1,-1.5074899117704617,-0.09429439470059839,0.9071044659743056,normal,2026-07-18 11:18:36.915579
42,2,2901,3,3,3,0,-1.2421073422989402,-0.09429439470059839,0.9071044659743056,normal,2026-07-18 11:22:36.915579
44,1,1108,1,1,3,0,-0.8689993069393007,-0.09429439470059839,0.9071044659743056,normal,2026-07-18 11:26:36.915579
2,1,3872,2,2,3,0,-0.6389581487874264,-0.09429439470059839,0.9071044659743056,normal,2026-07-18 11:28:36.915579
47,1,2465,3,2,3,1,1.1202694496570524,-0.09429439470059839,0.9071044659743056,normal,2026-07-18 11:38:36.915579
49,2,2268,3,0,4,4,0.8512056834122304,-0.09429439470059839,0.9071044659743056,normal,2026-07-18 11:40:36.915579
9,0,1388,1,2,3,1,1.160695333804574,-0.09429439470059839,0.9071044659743056,normal,2026-07-18 11:40:36.915579
8,0,3733,0,3,3,1,0.5198883623353837,-0.09429439470059839,0.9071044659743056,normal,2026-07-18 11:43:36.915579
50,2,1259,2,0,4,1,1.4451855251698842,-0.09429439470059839,0.9071044659743056,normal,2026-07-18 11:56:36.915579
0,2,1157,2,0,4,1,0.74327837644777,0.04906029372610037,0.9071044659743056,normal,2026-07-18 12:01:36.915579
16,0,1531,2,1,4,4,-1.5128338945536337,0.04906029372610037,0.9071044659743056,normal,2026-07-18 12:12:36.915579
24,2,268,1,1,3,4,0.25451540434368747,0.04906029372610037,0.9071044659743056,normal,2026-07-18 12:14:36.915579
13,1,505,1,3,4,0,-1.3438448562555536,0.04906029372610037,0.9071044659743056,normal,2026-07-18 12:18:36.915579
3,0,4456,0,1,4,4,-1.6434346824272725,0.04906029372610037,0.9071044659743056,normal,2026-07-18 12:42:36.915579
37,0,3607,3,1,3,4,0.9500116960219601,0.04906029372610037,0.9071044659743056,normal,2026-07-18 12:46:36.915579
40,1,701,2,1,4,1,-1.1797000037897012,0.04906029372610037,0.9071044659743056,normal,2026-07-18 12:47:36.915579
10,1,4143,0,1,3,4,0.5252900139975109,0.19241498215279915,0.9071044659743056,normal,2026-07-18 13:01:36.915579
12,2,4440,0,3,4,0,-1.6691646139210707,0.19241498215279915,0.9071044659743056,normal,2026-07-18 13:12:36.915579
34,0,2742,0,1,4,0,1.2078492538301904,0.19241498215279915,0.9071044659743056,normal,2026-07-18 13:16:36.915579
42,2,3116,2,2,4,4,-0.11813127998431094,0.19241498215279915,0.9071044659743056,normal,2026-07-18 13:20:36.915579
47,0,4242,0,0,3,0,-1.2626662976464316,0.19241498215279915,0.9071044659743056,normal,2026-07-18 13:32:36.915579
33,2,401,3,0,3,4,0.37870533517348476,0.19241498215279915,0.9071044659743056,normal,2026-07-18 13:37:36.915579
30,1,4784,1,0,3,1,0.7813782824774365,0.19241498215279915,0.9071044659743056,normal,2026-07-18 13:44:36.915579
48,2,895,2,0,3,1,-0.26248609548873986,0.19241498215279915,0.9071044659743056,normal,2026-07-18 13:47:36.915579
29,1,3916,0,0,4,0,0.8648443732851104,0.19241498215279915,0.9071044659743056,normal,2026-07-18 13:49:36.915579
36,2,2432,0,2,4,1,-0.3491720320380737,0.19241498215279915,0.9071044659743056,normal,2026-07-18 13:51:36.915579
50,0,4362,1,0,4,4,1.3382289776678342,0.19241498215279915,0.9071044659743056,normal,2026-07-18 13:57:36.915579
17,0,2531,3,2,3,4,-0.763446035491825,0.3357696705794979,0.9071044659743056,normal,2026-07-18 14:10:36.915579
22,2,1084,3,0,3,4,0.7469115158219412,0.3357696705794979,0.9071044659743056,normal,2026-07-18 14:13:36.915579
28,1,4029,1,1,4,1,-0.5646710212134382,0.3357696705794979,0.9071044659743056,normal,2026-07-18 14:26:36.915579
0,2,2857,1,3,4,4,0.3380103295908396,0.3357696705794979,0.9071044659743056,normal,2026-07-18 14:27:36.915579
15,1,3962,2,3,3,4,-1.6496725328342488,0.3357696705794979,0.9071044659743056,normal,2026-07-18 14:27:36.915579
37,2,2929,1,1,3,4,0.6084965948498869,0.3357696705794979,0.9071044659743056,normal,2026-07-18 14:36:36.915579
44,1,1342,0,2,4,0,0.9329801537705555,0.3357696705794979,0.9071044659743056,normal,2026-07-18 14:44:36.915579
0,1,4197,0,1,3,0,0.7439704029952313,0.47912435900619665,0.9071044659743056,normal,2026-07-18 15:06:36.915579
48,2,3678,1,3,4,0,-0.8596473370687494,0.47912435900619665,0.9071044659743056,normal,2026-07-18 15:24:36.915579
15,2,3994,1,1,4,0,0.46680415925721863,0.47912435900619665,0.9071044659743056,normal,2026-07-18 15:27:36.915579
44,1,1360,3,0,3,0,1.0113041028714003,0.47912435900619665,0.9071044659743056,normal,2026-07-18 15:33:36.915579
30,2,439,2,3,3,4,-0.7182720803103338,0.47912435900619665,0.9071044659743056,normal,2026-07-18 15:37:36.915579
1,0,488,1,1,3,1,1.4582859721725168,0.47912435900619665,0.9071044659743056,normal,2026-07-18 15:44:36.915579
45,1,4556,2,0,4,1,1.2031204057558726,0.47912435900619665,0.9071044659743056,normal,2026-07-18 15:54:36.915579
38,0,3183,1,3,4,4,0.5835451932219824,0.6224790474328954,0.9071044659743056,normal,2026-07-18 16:01:36.915579
45,0,4789,3,0,4,1,-0.7061423927701121,0.6224790474328954,0.9071044659743056,normal,2026-07-18 16:03:36.915579
27,0,2229,3,1,3,1,-0.7485674647214104,0.6224790474328954,0.9071044659743056,normal,2026-07-18 16:09:36.915579
7,1,4244,2,2,4,0,-0.378275592950745,0.6224790474328954,0.9071044659743056,normal,2026-07-18 16:15:36.915579
7,0,3421,3,3,4,0,-0.6060388303838931,0.6224790474328954,0.9071044659743056,normal,2026-07-18 16:17:36.915579
34,2,1857,0,2,3,4,-0.5379126613782739,0.6224790474328954,0.9071044659743056,normal,2026-07-18 16:30:36.915579
32,1,3786,2,3,4,1,0.5609582156312368,0.6224790474328954,0.9071044659743056,normal,2026-07-18 16:32:36.915579
15,0,1378,3,2,3,1,1.2412491462250164,0.6224790474328954,0.9071044659743056,normal,2026-07-18 16:36:36.915579
5,0,2728,3,0,3,0,0.36065497606054026,0.6224790474328954,0.9071044659743056,normal,2026-07-18 16:43:36.915579
48,2,2032,0,1,4,1,1.3938121655007205,0.6224790474328954,0.9071044659743056,normal,2026-07-18 16:46:36.915579
1,0,890,2,2,4,0,-1.1918104683702713,0.6224790474328954,0.9071044659743056,normal,2026-07-18 16:49:36.915579
41,1,3608,3,3,3,0,1.147498772003683,0.6224790474328954,0.9071044659743056,normal,2026-07-18 16:55:36.915579
39,2,1253,2,0,3,1,0.5802292326820646,0.7658337358595942,0.9071044659743056,normal,2026-07-18 17:01:36.915579
47,2,1671,2,3,4,4,-0.8794373740301729,0.7658337358595942,0.9071044659743056,normal,2026-07-18 17:14:36.915579
0,1,2310,0,2,4,4,0.7855977221209841,0.7658337358595942,0.9071044659743056,normal,2026-07-18 17:22:36.915579
4,2,2607,3,0,3,1,1.6147416407776893,0.7658337358595942,0.9071044659743056,normal,2026-07-18 17:22:36.915579
8,2,3911,0,1,3,4,0.67446018089469,0.7658337358595942,0.9071044659743056,normal,2026-07-18 17:24:36.915579
16,1,448,3,0,3,1,0.3665564246736115,0.7658337358595942,0.9071044659743056,normal,2026-07-18 17:25:36.915579
15,1,4154,1,3,3,4,1.1779671630516253,0.7658337358595942,0.9071044659743056,normal,2026-07-18 17:28:36.915579
32,0,2910,3,1,4,1,-0.5672180633672881,0.7658337358595942,0.9071044659743056,normal,2026-07-18 17:29:36.915579
33,1,1038,0,2,3,1,-0.3557655071986061,0.7658337358595942,0.9071044659743056,normal,2026-07-18 17:30:36.915579
10,1,713,1,3,4,4,-1.6427811017991147,0.7658337358595942,0.9071044659743056,normal,2026-07-18 17:44:36.915579
41,2,4607,1,2,4,4,-1.2645789821317754,0.7658337358595942,0.9071044659743056,normal,2026-07-18 17:47:36.915579
46,1,1871,2,0,3,0,-0.4737752565003823,0.7658337358595942,0.9071044659743056,normal,2026-07-18 17:53:36.915579
45,1,4119,3,1,3,0,1.364333756874841,0.909188424286293,0.9071044659743056,normal,2026-07-18 18:18:36.915579
20,1,1290,1,3,3,0,0.4753199303829207,0.909188424286293,0.9071044659743056,normal,2026-07-18 18:30:36.915579
29,1,203,0,3,4,1,-1.3724582316971066,0.909188424286293,0.9071044659743056,normal,2026-07-18 18:33:36.915579
19,1,3318,1,1,3,1,1.5986231891097404,0.909188424286293,0.9071044659743056,normal,2026-07-18 18:39:36.915579
36,1,4428,2,2,3,4,-1.292394604747783,0.909188424286293,0.9071044659743056,normal,2026-07-18 18:47:36.915579
12,1,4385,1,1,3,4,-0.33728263149349813,1.0525431127129916,0.9071044659743056,normal,2026-07-18 19:13:36.915579
20,1,3757,3,0,3,4,-1.1095842584601316,1.0525431127129916,0.9071044659743056,normal,2026-07-18 19:13:36.915579
37,2,863,2,0,4,0,-1.289664944477242,1.0525431127129916,0.9071044659743056,normal,2026-07-18 19:40:36.915579
0,0,2815,2,2,4,1,0.6086696014867524,1.1958978011396906,0.9071044659743056,normal,2026-07-18 20:02:36.915579
0,1,4446,0,1,4,1,-1.0447163811154754,1.1958978011396906,0.9071044659743056,normal,2026-07-18 20:06:36.915579
27,2,4967,2,1,4,0,0.32200721568080065,1.1958978011396906,0.9071044659743056,normal,2026-07-18 20:15:36.915579
20,0,4698,1,1,4,4,-1.6523637471854864,1.1958978011396906,0.9071044659743056,normal,2026-07-18 20:15:36.915579
37,0,722,1,3,4,0,-0.5424300568964231,1.1958978011396906,0.9071044659743056,normal,2026-07-18 20:19:36.915579
17,1,2422,3,3,4,0,-0.4610977146100874,1.1958978011396906,0.9071044659743056,normal,2026-07-18 20:24:36.915579
17,1,2453,2,3,3,1,-0.1349994270786762,1.1958978011396906,0.9071044659743056,normal,2026-07-18 20:40:36.915579
31,0,1371,1,0,3,1,-0.6744821782237651,1.1958978011396906,0.9071044659743056,normal,2026-07-18 20:41:36.915579
22,0,4746,3,1,3,4,1.5922507779852022,1.1958978011396906,0.9071044659743056,normal,2026-07-18 20:43:36.915579
38,1,1885,2,1,4,1,-1.5746933787127992,1.1958978011396906,0.9071044659743056,normal,2026-07-18 20:43:36.915579
46,2,3999,1,2,4,4,0.05537515383191844,1.1958978011396906,0.9071044659743056,normal,2026-07-18 20:48:36.915579
16,0,2753,1,3,4,0,-0.0951982891198349,1.1958978011396906,0.9071044659743056,normal,2026-07-18 20:50:36.915579
26,0,2261,2,3,4,0,0.3989759461262008,1.1958978011396906,0.9071044659743056,normal,2026-07-18 20:51:36.915579
49,0,2479,3,2,3,1,-0.8017958399969632,1.1958978011396906,0.9071044659743056,normal,2026-07-18 20:53:36.915579
26,0,4587,1,0,3,1,-1.0722436593367075,1.1958978011396906,0.9071044659743056,normal,2026-07-18 20:58:36.915579
41,1,400,3,0,3,1,-0.6856218833419242,1.3392524895663893,0.9071044659743056,normal,2026-07-18 21:09:36.915579
26,1,3,1,1,4,1,1.1547362163125476,1.3392524895663893,0.9071044659743056,normal,2026-07-18 21:11:36.915579
29,0,2276,1,2,3,1,-0.2424077141325408,1.3392524895663893,0.9071044659743056,normal,2026-07-18 21:12:36.915579
31,2,4730,1,2,4,1,0.5050097915649692,1.3392524895663893,0.9071044659743056,normal,2026-07-18 21:14:36.915579
49,0,5003,2,2,4,0,-0.22264651161059495,1.3392524895663893,0.9071044659743056,normal,2026-07-18 21:19:36.915579
2,0,4497,0,2,4,1,0.2916733853504207,1.3392524895663893,0.9071044659743056,normal,2026-07-18 21:30:36.915579
5,2,277,1,3,5,1,-1.5835936090315357,1.3392524895663893,0.9071044659743056,insider_drift,2026-07-18 21:38:36.998575
42,2,4441,0,2,3,1,-0.9572615261800738,1.3392524895663893,0.9071044659743056,normal,2026-07-18 21:45:36.915579
39,0,1236,2,0,4,4,1.1398384225824814,1.3392524895663893,0.9071044659743056,normal,2026-07-18 21:45:36.915579
45,2,2544,2,0,3,4,0.6612251731744956,1.482607177993088,0.9071044659743056,normal,2026-07-18 22:01:36.915579
23,0,1674,3,0,3,1,1.0035860845712437,1.482607177993088,0.9071044659743056,normal,2026-07-18 22:28:36.915579
26,2,35,1,0,4,1,0.4757428354952581,1.482607177993088,0.9071044659743056,normal,2026-07-18 22:29:36.915579
11,1,2581,2,1,3,1,0.2611088795042201,1.482607177993088,0.9071044659743056,normal,2026-07-18 22:30:36.915579
15,1,1362,0,0,3,0,0.14357009271391052,1.482607177993088,0.9071044659743056,normal,2026-07-18 22:40:36.915579
17,2,615,2,2,4,1,1.0056237182943237,1.482607177993088,0.9071044659743056,normal,2026-07-18 22:40:36.915579
44,0,1121,0,2,4,0,-0.8229507070936573,1.482607177993088,0.9071044659743056,normal,2026-07-18 22:44:36.915579
21,0,1392,1,2,4,4,-1.0960801293048135,1.482607177993088,0.9071044659743056,normal,2026-07-18 22:54:36.915579
19,0,3777,3,3,4,1,0.8729468507783016,1.482607177993088,0.9071044659743056,normal,2026-07-18 22:57:36.915579
17,0,4647,3,1,4,1,-0.19344683589966524,1.482607177993088,0.9071044659743056,normal,2026-07-18 22:57:36.915579
28,0,2126,1,2,4,1,1.649189184473533,1.6259618664197868,0.9071044659743056,normal,2026-07-18 23:05:36.915579
47,1,4502,2,2,4,0,-1.4281183113685993,1.6259618664197868,0.9071044659743056,normal,2026-07-18 23:08:36.915579
18,1,3770,2,1,3,1,1.4686855933440852,1.6259618664197868,0.9071044659743056,normal,2026-07-18 23:17:36.915579
9,2,1576,0,2,4,1,-0.037442906846307036,1.6259618664197868,0.9071044659743056,normal,2026-07-18 23:21:36.915579
14,1,4137,2,0,4,4,0.3523891034103096,1.6259618664197868,0.9071044659743056,normal,2026-07-18 23:27:36.915579
40,2,1551,5,2,0,4,-1.7133485866804996,1.6259618664197868,0.9071044659743056,low_and_slow,2026-07-18 23:38:36.998575
16,2,3797,2,1,3,0,0.16197607658041177,1.6259618664197868,0.9071044659743056,normal,2026-07-18 23:43:36.915579
12,2,3627,3,2,4,4,-1.6034124804324368,1.6259618664197868,0.9071044659743056,normal,2026-07-18 23:48:36.915579
8,1,4019,1,1,4,0,0.8488700938145491,1.6259618664197868,0.9071044659743056,normal,2026-07-18 23:51:36.915579
16,0,3799,0,1,4,1,1.071289348464525,1.6259618664197868,0.9071044659743056,normal,2026-07-18 23:52:36.915579
18,0,3860,1,2,4,1,-0.08568292409224412,-1.6711959673942849,1.4024763498976525,normal,2026-07-19 00:03:36.915579
17,2,4138,3,3,3,1,-1.6867151760830714,-1.6711959673942849,1.4024763498976525,normal,2026-07-19 00:20:36.915579
18,1,2908,1,0,3,4,1.0497307992151454,-1.6711959673942849,1.4024763498976525,normal,2026-07-19 00:23:36.915579
25,1,2828,1,1,3,1,-0.5858931686689131,-1.6711959673942849,1.4024763498976525,normal,2026-07-19 00:27:36.915579
34,2,2287,3,3,4,4,0.9289048863243953,-1.6711959673942849,1.4024763498976525,normal,2026-07-19 00:30:36.915579
2,0,3050,1,3,3,0,-0.6823924261204387,-1.527841278967586,1.4024763498976525,normal,2026-07-19 01:05:36.915579
45,0,3312,1,0,3,4,-0.5890649570114432,-1.527841278967586,1.4024763498976525,normal,2026-07-19 01:10:36.915579
38,0,2564,0,1,4,0,0.6731145737190709,-1.527841278967586,1.4024763498976525,normal,2026-07-19 01:16:36.915579
12,1,1867,3,1,4,0,1.3245422303958252,-1.527841278967586,1.4024763498976525,normal,2026-07-19 01:22:36.915579
26,2,1472,0,3,3,0,-1.5681383494715702,-1.527841278967586,1.4024763498976525,normal,2026-07-19 01:28:36.915579
46,0,157,0,1,4,1,-1.270326647067633,-1.527841278967586,1.4024763498976525,normal,2026-07-19 01:47:36.915579
50,0,4267,0,3,4,0,0.7301971524047896,-1.527841278967586,1.4024763498976525,normal,2026-07-19 01:48:36.915579
10,0,4500,0,3,3,0,0.09323477286593825,-1.527841278967586,1.4024763498976525,normal,2026-07-19 01:54:36.915579
26,2,2526,1,3,3,4,0.9453405168265974,-1.3844865905408872,1.4024763498976525,normal,2026-07-19 02:02:36.915579
27,0,1677,1,0,3,1,0.28745394570687255,-1.3844865905408872,1.4024763498976525,normal,2026-07-19 02:03:36.915579
30,0,953,1,2,3,1,0.12561584839922418,-1.3844865905408872,1.4024763498976525,normal,2026-07-19 02:31:36.915579
46,0,2086,3,2,4,1,0.09705053035680039,-1.2411319021141884,1.4024763498976525,normal,2026-07-19 03:01:36.915579
21,2,4825,1,3,4,4,-1.038747652143623,-1.2411319021141884,1.4024763498976525,normal,2026-07-19 03:02:36.915579
27,0,2889,3,2,3,4,-0.7233373301785564,-1.2411319021141884,1.4024763498976525,normal,2026-07-19 03:15:36.915579
46,1,4580,3,0,3,1,0.5184562518413319,-1.2411319021141884,1.4024763498976525,normal,2026-07-19 03:18:36.915579
22,0,3107,0,2,4,0,0.5357473040480348,-1.2411319021141884,1.4024763498976525,normal,2026-07-19 03:21:36.915579
13,2,985,1,2,3,1,0.1785751022396533,-1.2411319021141884,1.4024763498976525,normal,2026-07-19 03:32:36.915579
48,0,15,2,0,3,0,-0.5063581731100111,-1.2411319021141884,1.4024763498976525,normal,2026-07-19 03:42:36.915579
14,2,3599,0,0,4,0,-0.6283182406202112,-1.2411319021141884,1.4024763498976525,normal,2026-07-19 03:46:36.915579
7,1,2081,2,3,4,4,-0.5907565774607927,-1.2411319021141884,1.4024763498976525,normal,2026-07-19 03:50:36.915579
26,2,566,2,0,4,4,-0.9570981310230342,-1.2411319021141884,1.4024763498976525,normal,2026-07-19 03:52:36.915579
16,0,618,0,0,4,4,0.39891827724724577,-1.0977772136874897,1.4024763498976525,normal,2026-07-19 04:17:36.915579
41,2,390,2,1,3,1,-0.527657212404093,-1.0977772136874897,1.4024763498976525,normal,2026-07-19 04:20:36.915579
23,1,3117,0,2,3,1,-0.30085512295352984,-1.0977772136874897,1.4024763498976525,normal,2026-07-19 04:22:36.915579
30,0,660,0,2,3,4,0.8403254882493694,-1.0977772136874897,1.4024763498976525,normal,2026-07-19 04:38:36.915579
29,0,1089,2,0,3,0,1.3577210587546567,-1.0977772136874897,1.4024763498976525,normal,2026-07-19 04:48:36.915579
40,1,4585,3,0,4,0,0.8779255973280913,-0.954422525260791,1.4024763498976525,normal,2026-07-19 05:11:36.915579
41,0,2143,2,3,3,1,0.818622766802602,-0.954422525260791,1.4024763498976525,normal,2026-07-19 05:30:36.915579
35,0,3894,3,0,3,0,1.4696179068871928,-0.954422525260791,1.4024763498976525,normal,2026-07-19 05:41:36.915579
8,0,267,1,2,3,4,0.2702301738589512,-0.954422525260791,1.4024763498976525,normal,2026-07-19 05:49:36.915579
21,0,4318,0,1,4,0,1.3331637277996118,-0.954422525260791,1.4024763498976525,normal,2026-07-19 05:51:36.915579
36,0,802,3,2,3,4,-0.46656664663099545,-0.954422525260791,1.4024763498976525,normal,2026-07-19 05:53:36.915579
35,1,3834,2,3,4,1,1.3641895846774532,-0.954422525260791,1.4024763498976525,normal,2026-07-19 05:56:36.915579
41,1,948,3,0,3,4,-1.4684384692380366,-0.954422525260791,1.4024763498976525,normal,2026-07-19 05:57:36.915579
25,2,3335,1,0,4,1,-1.459115333806963,-0.954422525260791,1.4024763498976525,normal,2026-07-19 05:59:36.915579
11,1,3711,0,1,3,1,-0.6616989100553855,-0.8110678368340922,1.4024763498976525,normal,2026-07-19 06:15:36.915579
19,1,3233,1,3,4,4,-1.2489987733340737,-0.8110678368340922,1.4024763498976525,normal,2026-07-19 06:37:36.915579
10,2,2788,0,3,3,0,-0.5699957810369586,-0.8110678368340922,1.4024763498976525,normal,2026-07-19 06:39:36.915579
17,1,2884,0,2,3,0,1.1465280125412725,-0.8110678368340922,1.4024763498976525,normal,2026-07-19 06:48:36.915579
40,1,4354,3,3,4,1,0.7350509497168431,-0.6677131484073935,1.4024763498976525,normal,2026-07-19 07:35:36.915579
19,2,4126,0,3,4,1,-0.21990723986022803,-0.6677131484073935,1.4024763498976525,normal,2026-07-19 07:35:36.915579
38,1,4205,3,1,4,0,0.03951621211926729,-0.6677131484073935,1.4024763498976525,normal,2026-07-19 07:42:36.915579
30,0,170,1,1,4,1,1.2576271078482633,-0.6677131484073935,1.4024763498976525,normal,2026-07-19 07:43:36.915579
43,0,4866,1,2,3,4,1.2168071530278817,-0.6677131484073935,1.4024763498976525,normal,2026-07-19 07:46:36.915579
29,2,5004,2,2,4,1,1.247938736183807,-0.6677131484073935,1.4024763498976525,normal,2026-07-19 07:53:36.915579
4,0,3130,3,0,4,0,-0.18198995194725295,-0.5243584599806946,1.4024763498976525,normal,2026-07-19 08:35:36.915579
46,2,2489,2,2,3,1,1.7257926786855509,-0.5243584599806946,1.4024763498976525,normal,2026-07-19 08:40:36.915579
6,1,833,0,3,3,1,-0.9896906591124888,-0.5243584599806946,1.4024763498976525,normal,2026-07-19 08:55:36.915579
45,1,3475,3,1,3,1,-1.356560844065152,-0.3810037715539959,1.4024763498976525,normal,2026-07-19 09:04:36.915579
36,2,2473,1,1,3,0,0.6416754232087183,-0.3810037715539959,1.4024763498976525,normal,2026-07-19 09:07:36.915579
36,0,3197,3,2,3,0,0.9801725197154749,-0.3810037715539959,1.4024763498976525,normal,2026-07-19 09:20:36.915579
48,2,4187,2,0,4,0,-0.8853868800423735,-0.23764908312729716,1.4024763498976525,normal,2026-07-19 10:13:36.915579
15,0,4024,3,0,3,0,0.5866112552864283,-0.23764908312729716,1.4024763498976525,normal,2026-07-19 10:17:36.915579
32,0,4096,2,0,4,4,-0.2772108825819407,-0.23764908312729716,1.4024763498976525,normal,2026-07-19 10:17:36.915579
2,1,2024,3,0,4,4,-1.230064158077151,-0.23764908312729716,1.4024763498976525,normal,2026-07-19 10:31:36.915579
26,0,893,1,0,4,1,-0.750893442839266,-0.23764908312729716,1.4024763498976525,normal,2026-07-19 10:33:36.915579
6,1,2296,3,2,3,0,0.2164058868341956,-0.23764908312729716,1.4024763498976525,normal,2026-07-19 10:38:36.915579
38,2,4638,1,0,4,0,-0.7021920745616882,-0.09429439470059839,1.4024763498976525,normal,2026-07-19 11:01:36.915579
30,2,1665,3,0,4,1,-1.0740121716246636,-0.09429439470059839,1.4024763498976525,normal,2026-07-19 11:22:36.915579
13,0,2101,2,0,4,1,-0.8947772958322282,-0.09429439470059839,1.4024763498976525,normal,2026-07-19 11:23:36.915579
26,0,373,0,2,4,4,0.7757363438196626,-0.09429439470059839,1.4024763498976525,normal,2026-07-19 11:27:36.915579
50,0,328,3,0,3,4,0.9041553257728336,-0.09429439470059839,1.4024763498976525,normal,2026-07-19 11:37:36.915579
36,1,1955,2,3,3,1,-1.617608636135216,-0.09429439470059839,1.4024763498976525,normal,2026-07-19 11:47:36.915579
17,2,4140,1,2,4,4,-0.542045597703389,-0.09429439470059839,1.4024763498976525,normal,2026-07-19 11:53:36.915579
0,2,1841,3,2,4,0,0.7521305493673771,0.04906029372610037,1.4024763498976525,normal,2026-07-19 12:08:36.915579
3,0,2335,0,3,3,0,0.38426077051282576,0.04906029372610037,1.4024763498976525,normal,2026-07-19 12:12:36.915579
23,2,2044,2,3,4,0,0.9996261548829936,0.04906029372610037,1.4024763498976525,normal,2026-07-19 12:19:36.915579
20,2,2272,1,0,3,4,1.0795744440744073,0.04906029372610037,1.4024763498976525,normal,2026-07-19 12:35:36.915579
6,2,379,3,2,3,0,1.0663009904349097,0.04906029372610037,1.4024763498976525,normal,2026-07-19 12:39:36.915579
39,1,3398,2,2,3,0,1.5801403134046323,0.04906029372610037,1.4024763498976525,normal,2026-07-19 12:39:36.915579
4,1,4655,3,3,4,4,-1.4136434227508705,0.04906029372610037,1.4024763498976525,normal,2026-07-19 12:46:36.915579
12,0,2555,3,1,4,1,-0.5986572138776408,0.19241498215279915,1.4024763498976525,normal,2026-07-19 13:06:36.915579
24,2,2336,2,0,4,4,0.9946762427726811,0.19241498215279915,1.4024763498976525,normal,2026-07-19 13:10:36.915579
10,0,2786,3,1,4,0,-1.7043137956442012,0.19241498215279915,1.4024763498976525,normal,2026-07-19 13:39:36.915579
4,2,4695,1,1,4,0,-1.623644645465849,0.19241498215279915,1.4024763498976525,normal,2026-07-19 13:43:36.915579
2,2,4718,3,2,4,1,1.5361101243224173,0.3357696705794979,1.4024763498976525,normal,2026-07-19 14:07:36.915579
10,2,282,1,3,3,1,-0.7701740713699194,0.3357696705794979,1.4024763498976525,normal,2026-07-19 14:22:36.915579
2,2,952,0,0,3,1,-1.3701899224582061,0.3357696705794979,1.4024763498976525,normal,2026-07-19 14:23:36.915579
23,2,993,2,3,4,4,-0.26524459019875846,0.3357696705794979,1.4024763498976525,normal,2026-07-19 14:26:36.915579
35,2,388,1,0,4,1,-0.6293466689615773,0.3357696705794979,1.4024763498976525,normal,2026-07-19 14:35:36.915579
29,0,539,3,3,3,1,0.6120336194257997,0.3357696705794979,1.4024763498976525,normal,2026-07-19 14:39:36.915579
24,2,4061,2,2,3,4,-1.1530665931922732,0.3357696705794979,1.4024763498976525,normal,2026-07-19 14:40:36.915579
3,0,4676,2,3,3,4,-1.454069306898392,0.3357696705794979,1.4024763498976525,normal,2026-07-19 14:55:36.915579
49,0,749,1,3,3,4,-0.8428176358936875,0.47912435900619665,1.4024763498976525,normal,2026-07-19 15:19:36.915579
29,0,1999,3,3,4,0,-1.4535791214272737,0.47912435900619665,1.4024763498976525,normal,2026-07-19 15:24:36.915579
41,1,752,2,2,3,0,-1.585352509839666,0.47912435900619665,1.4024763498976525,normal,2026-07-19 15:26:36.915579
8,1,2203,1,2,3,0,-0.8333118823459227,0.47912435900619665,1.4024763498976525,normal,2026-07-19 15:27:36.915579
27,2,3531,2,0,4,0,0.9409000131470551,0.47912435900619665,1.4024763498976525,normal,2026-07-19 15:28:36.915579
9,1,1973,1,3,4,4,-1.5335370220985132,0.47912435900619665,1.4024763498976525,normal,2026-07-19 15:47:36.915579
26,2,43,3,2,3,0,1.115646327860819,0.47912435900619665,1.4024763498976525,normal,2026-07-19 15:52:36.915579
37,2,2167,1,1,4,4,0.1236358835550993,0.47912435900619665,1.4024763498976525,normal,2026-07-19 15:54:36.915579
25,0,940,3,1,4,0,-1.1701365813629816,0.6224790474328954,1.4024763498976525,normal,2026-07-19 16:01:36.915579
29,0,3866,0,3,3,4,-0.8109940261903008,0.6224790474328954,1.4024763498976525,normal,2026-07-19 16:09:36.915579
25,1,270,2,0,3,4,-1.4353942015967671,0.6224790474328954,1.4024763498976525,normal,2026-07-19 16:17:36.915579
31,1,3332,2,2,4,1,-0.557654640940568,0.6224790474328954,1.4024763498976525,normal,2026-07-19 16:22:36.915579
9,2,2127,0,1,4,4,-0.3743252747423208,0.6224790474328954,1.4024763498976525,normal,2026-07-19 16:25:36.915579
11,2,2459,2,2,4,4,-1.5759909284892888,0.6224790474328954,1.4024763498976525,normal,2026-07-19 16:29:36.915579
47,1,395,3,0,3,1,0.03696916996541717,0.6224790474328954,1.4024763498976525,normal,2026-07-19 16:37:36.915579
33,1,1655,1,0,3,1,-0.8077741804486415,0.6224790474328954,1.4024763498976525,normal,2026-07-19 16:39:36.915579
8,2,806,3,1,3,0,-1.4514261499462835,0.6224790474328954,1.4024763498976525,normal,2026-07-19 16:39:36.915579
15,1,1959,0,3,4,0,0.7629338526916318,0.6224790474328954,1.4024763498976525,normal,2026-07-19 16:49:36.915579
20,2,4114,1,1,3,1,-0.3692600248740983,0.7658337358595942,1.4024763498976525,normal,2026-07-19 17:03:36.915579
19,2,4004,0,2,4,1,0.4489652527004422,0.7658337358595942,1.4024763498976525,normal,2026-07-19 17:09:36.915579
20,1,1116,2,2,4,0,0.516034158925218,0.7658337358595942,1.4024763498976525,normal,2026-07-19 17:11:36.915579
29,2,4236,1,2,4,0,1.1012963884808262,0.7658337358595942,1.4024763498976525,normal,2026-07-19 17:16:36.915579
20,1,2697,3,2,4,4,1.4940310656448499,0.7658337358595942,1.4024763498976525,normal,2026-07-19 17:21:36.915579
15,0,4550,0,0,4,1,1.4882353433098625,0.7658337358595942,1.4024763498976525,normal,2026-07-19 17:40:36.915579
43,1,1413,3,0,3,4,1.0079112504928758,0.909188424286293,1.4024763498976525,normal,2026-07-19 18:23:36.915579
37,2,1235,2,1,4,4,-1.0164009615485237,0.909188424286293,1.4024763498976525,normal,2026-07-19 18:29:36.915579
30,2,1903,3,1,4,4,1.3529922106803387,1.0525431127129916,1.4024763498976525,normal,2026-07-19 19:10:36.915579
6,2,2215,2,3,3,0,0.1370823438314623,1.0525431127129916,1.4024763498976525,normal,2026-07-19 19:12:36.915579
4,1,4439,0,0,3,1,0.6076603961050381,1.0525431127129916,1.4024763498976525,normal,2026-07-19 19:20:36.915579
38,2,25,3,2,3,4,-0.3436934885373396,1.0525431127129916,1.4024763498976525,normal,2026-07-19 19:22:36.915579
13,1,209,2,3,3,4,-0.7346596534134067,1.0525431127129916,1.4024763498976525,normal,2026-07-19 19:24:36.915579
2,0,4342,1,2,3,0,-0.04704477519233038,1.0525431127129916,1.4024763498976525,normal,2026-07-19 19:25:36.915579
6,1,1449,0,3,3,4,-1.4877575436879933,1.0525431127129916,1.4024763498976525,normal,2026-07-19 19:25:36.915579
5,1,3580,0,0,3,0,1.7190838657671081,1.0525431127129916,1.4024763498976525,normal,2026-07-19 19:27:36.915579
21,0,3194,0,3,4,4,1.152986926984243,1.0525431127129916,1.4024763498976525,normal,2026-07-19 19:33:36.915579
15,2,2358,1,0,4,1,-0.9894215376773651,1.0525431127129916,1.4024763498976525,normal,2026-07-19 19:54:36.915579
0,2,1800,1,3,4,0,-0.32663311184645727,1.1958978011396906,1.4024763498976525,normal,2026-07-19 20:03:36.915579
41,2,1895,0,1,3,0,0.7023623068291303,1.1958978011396906,1.4024763498976525,normal,2026-07-19 20:20:36.915579
31,0,4548,2,2,3,0,-0.7828708362198662,1.1958978011396906,1.4024763498976525,normal,2026-07-19 20:36:36.915579
45,2,2163,1,0,3,4,-1.2145512296382304,1.1958978011396906,1.4024763498976525,normal,2026-07-19 20:42:36.915579
33,0,3645,1,3,3,0,0.007144748065807192,1.1958978011396906,1.4024763498976525,normal,2026-07-19 20:50:36.915579
35,2,2638,3,0,4,0,1.120115665979839,1.1958978011396906,1.4024763498976525,normal,2026-07-19 20:56:36.915579
33,2,3287,2,2,3,0,-0.9734664811664555,1.3392524895663893,1.4024763498976525,normal,2026-07-19 21:10:36.915579
46,0,2195,0,0,4,1,-0.35837021823141124,1.3392524895663893,1.4024763498976525,normal,2026-07-19 21:18:36.915579
23,1,4333,2,2,3,4,0.6403298160330997,1.3392524895663893,1.4024763498976525,normal,2026-07-19 21:22:36.915579
15,0,2251,2,0,4,1,1.234261600391624,1.3392524895663893,1.4024763498976525,normal,2026-07-19 21:38:36.915579
5,2,3741,3,3,5,1,-1.5739821292056864,1.3392524895663893,1.4024763498976525,insider_drift,2026-07-19 21:38:36.998575
36,1,670,2,3,3,0,1.178918699554384,1.482607177993088,1.4024763498976525,normal,2026-07-19 22:07:36.915579
5,1,4166,1,0,3,4,1.4135733680226663,1.482607177993088,1.4024763498976525,normal,2026-07-19 22:19:36.915579
13,1,4794,3,2,4,4,-0.48647202135032913,1.482607177993088,1.4024763498976525,normal,2026-07-19 22:22:36.915579
5,2,2139,0,1,3,0,1.6254488293036857,1.482607177993088,1.4024763498976525,normal,2026-07-19 22:29:36.915579
36,0,1629,0,2,3,4,1.6712090847545533,1.482607177993088,1.4024763498976525,normal,2026-07-19 22:32:36.915579
4,1,2074,1,0,3,4,-0.32497032583658536,1.482607177993088,1.4024763498976525,normal,2026-07-19 22:35:36.915579
27,1,2590,0,0,3,0,0.03982377947369441,1.482607177993088,1.4024763498976525,normal,2026-07-19 22:38:36.915579
43,2,2854,2,2,3,0,0.0214754644861484,1.482607177993088,1.4024763498976525,normal,2026-07-19 22:39:36.915579
44,1,3493,1,1,4,0,-0.25910285459004095,1.482607177993088,1.4024763498976525,normal,2026-07-19 22:42:36.915579
40,2,2018,1,1,3,1,-1.473378769868523,1.6259618664197868,1.4024763498976525,normal,2026-07-19 23:15:36.915579
36,0,2267,0,3,4,0,0.6976719046741158,1.6259618664197868,1.4024763498976525,normal,2026-07-19 23:24:36.915579
20,2,2350,0,1,4,0,-0.14648514547056604,1.6259618664197868,1.4024763498976525,normal,2026-07-19 23:29:36.915579
39,0,1707,2,0,4,0,0.29187522642676356,1.6259618664197868,1.4024763498976525,normal,2026-07-19 23:30:36.915579
30,1,3325,3,3,3,0,-1.2952203798165827,1.6259618664197868,1.4024763498976525,normal,2026-07-19 23:33:36.915579
45,1,1875,3,3,4,4,-0.03589545859434541,1.6259618664197868,1.4024763498976525,normal,2026-07-19 23:34:36.915579
40,2,20,5,2,0,4,-1.7133485866804996,1.6259618664197868,1.4024763498976525,low_and_slow,2026-07-19 23:38:36.998575
6,1,4071,1,1,4,0,0.19843241955985758,1.6259618664197868,1.4024763498976525,normal,2026-07-19 23:53:36.915579
34,0,542,1,0,3,4,1.3043004538825869,-1.6711959673942849,-1.5697549536424282,normal,2026-07-20 00:06:36.915579
18,2,3695,1,1,4,0,1.314873081691021,-1.6711959673942849,-1.5697549536424282,normal,2026-07-20 00:10:36.915579
37,0,4898,2,3,4,1,-1.5075187462099393,-1.6711959673942849,-1.5697549536424282,normal,2026-07-20 00:29:36.915579
6,2,533,2,1,4,0,1.0538637355402607,-1.6711959673942849,-1.5697549536424282,normal,2026-07-20 00:53:36.915579
14,0,1723,1,2,3,1,1.2537056240793165,-1.527841278967586,-1.5697549536424282,normal,2026-07-20 01:25:36.915579
31,1,4110,1,1,4,1,0.008317348604560819,-1.3844865905408872,-1.5697549536424282,normal,2026-07-20 02:05:36.915579
47,0,1154,3,0,4,4,-1.695086775011386,-1.3844865905408872,-1.5697549536424282,normal,2026-07-20 02:21:36.915579
19,1,2501,2,3,4,0,-0.3139844043956397,-1.3844865905408872,-1.5697549536424282,normal,2026-07-20 02:37:36.915579
35,0,1072,2,1,4,1,1.0255771504127862,-1.3844865905408872,-1.5697549536424282,normal,2026-07-20 02:45:36.915579
45,1,2554,0,1,3,0,0.15718955962713888,-1.3844865905408872,-1.5697549536424282,normal,2026-07-20 02:56:36.915579
25,1,4734,1,2,3,1,-0.22354999071422482,-1.3844865905408872,-1.5697549536424282,normal,2026-07-20 02:59:36.915579
22,0,2712,0,0,3,4,-0.41169470830522253,-1.2411319021141884,-1.5697549536424282,normal,2026-07-20 03:25:36.915579
32,2,2418,2,0,4,0,-1.3868754514358803,-1.2411319021141884,-1.5697549536424282,normal,2026-07-20 03:25:36.915579
13,1,335,0,3,4,0,-0.40433231475862197,-1.2411319021141884,-1.5697549536424282,normal,2026-07-20 03:34:36.915579
39,0,3349,0,3,3,4,0.7889521285802052,-1.2411319021141884,-1.5697549536424282,normal,2026-07-20 03:35:36.915579
12,2,3491,1,3,4,1,-0.8623962202989423,-1.2411319021141884,-1.5697549536424282,normal,2026-07-20 03:44:36.915579
33,2,4429,2,0,4,1,-1.161245962524071,-1.2411319021141884,-1.5697549536424282,normal,2026-07-20 03:58:36.915579
11,1,3891,3,2,4,0,0.36318279525473823,-1.0977772136874897,-1.5697549536424282,normal,2026-07-20 04:11:36.915579
41,0,4432,3,2,3,1,0.40159026863883157,-1.0977772136874897,-1.5697549536424282,normal,2026-07-20 04:12:36.915579
27,0,4002,1,0,3,1,1.3947348675640017,-1.0977772136874897,-1.5697549536424282,normal,2026-07-20 04:15:36.915579
18,2,1087,2,3,3,1,-1.7091675929562553,-1.0977772136874897,-1.5697549536424282,normal,2026-07-20 04:23:36.915579
3,2,357,2,0,3,0,0.5839008179755392,-1.0977772136874897,-1.5697549536424282,normal,2026-07-20 04:34:36.915579
2,1,3616,1,3,4,4,1.4431863373661076,-1.0977772136874897,-1.5697549536424282,normal,2026-07-20 04:35:36.915579
16,0,743,2,0,3,1,-1.0037522540977062,-1.0977772136874897,-1.5697549536424282,normal,2026-07-20 04:35:36.915579
41,2,685,1,3,4,4,1.6903070951685155,-1.0977772136874897,-1.5697549536424282,normal,2026-07-20 04:43:36.915579
5,0,2440,2,1,3,4,-0.46365436824376316,-0.954422525260791,-1.5697549536424282,normal,2026-07-20 05:02:36.915579
28,1,4757,0,1,3,4,-1.4248600197076364,-0.954422525260791,-1.5697549536424282,normal,2026-07-20 05:24:36.915579
29,0,3196,0,0,4,4,1.064407528909217,-0.954422525260791,-1.5697549536424282,normal,2026-07-20 05:25:36.915579
45,1,2103,0,2,4,0,1.3438420818861303,-0.954422525260791,-1.5697549536424282,normal,2026-07-20 05:26:36.915579
27,2,2020,3,1,4,0,1.1220283504651827,-0.954422525260791,-1.5697549536424282,normal,2026-07-20 05:30:36.915579
14,0,2208,0,3,4,0,1.091415787219853,-0.954422525260791,-1.5697549536424282,normal,2026-07-20 05:34:36.915579
44,2,4181,2,1,3,0,-0.6649668131961743,-0.954422525260791,-1.5697549536424282,normal,2026-07-20 05:45:36.915579
16,1,4040,2,0,4,4,-1.372621626854146,-0.954422525260791,-1.5697549536424282,normal,2026-07-20 05:46:36.915579
13,2,1037,1,2,3,0,-0.14372665076054741,-0.8110678368340922,-1.5697549536424282,normal,2026-07-20 06:10:36.915579
8,0,1437,1,3,3,1,-0.13968021775386488,-0.8110678368340922,-1.5697549536424282,normal,2026-07-20 06:11:36.915579
29,2,1752,2,0,4,0,0.2351482724946015,-0.8110678368340922,-1.5697549536424282,normal,2026-07-20 06:15:36.915579
15,2,4059,1,0,4,0,0.8018891804257983,-0.8110678368340922,-1.5697549536424282,normal,2026-07-20 06:18:36.915579
33,1,4006,1,3,4,0,0.6946346770491476,-0.8110678368340922,-1.5697549536424282,normal,2026-07-20 06:32:36.915579
27,2,3311,3,2,4,0,0.6997287613568474,-0.8110678368340922,-1.5697549536424282,normal,2026-07-20 06:53:36.915579
42,2,276,3,3,3,1,0.782723889653055,-0.8110678368340922,-1.5697549536424282,normal,2026-07-20 06:58:36.915579
37,0,1474,0,1,4,0,0.7347914397615453,-0.8110678368340922,-1.5697549536424282,normal,2026-07-20 06:59:36.915579
7,1,1166,0,1,4,0,1.3880548890850366,-0.6677131484073935,-1.5697549536424282,normal,2026-07-20 07:00:36.915579
26,1,4464,3,1,4,0,0.03738246359792875,-0.6677131484073935,-1.5697549536424282,normal,2026-07-20 07:11:36.915579
0,0,88,2,0,3,1,1.3004654734320729,-0.6677131484073935,-1.5697549536424282,normal,2026-07-20 07:33:36.915579
37,0,3300,3,2,4,4,-0.6557590155230109,-0.6677131484073935,-1.5697549536424282,normal,2026-07-20 07:36:36.915579
7,0,1523,2,2,3,4,1.6724393541722622,-0.6677131484073935,-1.5697549536424282,normal,2026-07-20 07:53:36.915579
25,0,2343,2,0,3,4,-0.15520275767261119,-0.6677131484073935,-1.5697549536424282,normal,2026-07-20 07:54:36.915579
32,0,3141,1,3,3,4,-0.16692876306014723,-0.5243584599806946,-1.5697549536424282,normal,2026-07-20 08:02:36.915579
8,1,3765,3,1,4,1,-0.7185123673059801,-0.5243584599806946,-1.5697549536424282,normal,2026-07-20 08:30:36.915579
0,2,241,0,3,4,1,-1.16881980862684,-0.5243584599806946,-1.5697549536424282,normal,2026-07-20 08:38:36.915579
47,1,2241,0,3,4,1,-1.4083282744071757,-0.3810037715539959,-1.5697549536424282,normal,2026-07-20 09:04:36.915579
4,0,1563,2,2,4,4,-0.5568857225545002,-0.3810037715539959,-1.5697549536424282,normal,2026-07-20 09:12:36.915579
47,2,1787,3,3,3,4,-0.5696689907228796,-0.3810037715539959,-1.5697549536424282,normal,2026-07-20 09:15:36.915579
39,0,243,2,1,3,0,-1.3160292336395463,-0.3810037715539959,-1.5697549536424282,normal,2026-07-20 09:21:36.915579
13,0,3823,0,3,4,0,-0.880004451339898,-0.3810037715539959,-1.5697549536424282,normal,2026-07-20 09:27:36.915579
6,1,262,0,0,3,4,-0.7395230622052863,-0.3810037715539959,-1.5697549536424282,normal,2026-07-20 09:36:36.915579
47,1,4256,0,2,3,4,0.06707232477997696,-0.3810037715539959,-1.5697549536424282,normal,2026-07-20 09:48:36.915579
26,1,4449,3,0,3,1,0.46916858329437716,-0.3810037715539959,-1.5697549536424282,normal,2026-07-20 09:50:36.915579
32,0,1878,3,2,3,1,1.5666361842493146,-0.23764908312729716,-1.5697549536424282,normal,2026-07-20 10:09:36.915579
48,1,332,0,0,3,4,1.371129073111716,-0.23764908312729716,-1.5697549536424282,normal,2026-07-20 10:19:36.915579
43,0,1109,1,2,4,0,0.5434749338280175,-0.23764908312729716,-1.5697549536424282,normal,2026-07-20 10:24:36.915579
13,2,3424,1,3,3,1,-1.1336033465449287,-0.23764908312729716,-1.5697549536424282,normal,2026-07-20 10:26:36.915579
47,1,3963,0,2,4,0,1.3747622124858871,-0.23764908312729716,-1.5697549536424282,normal,2026-07-20 10:33:36.915579
31,1,177,1,3,4,0,-1.551068361300862,-0.23764908312729716,-1.5697549536424282,normal,2026-07-20 10:37:36.915579
25,0,1828,1,0,3,0,1.072433114563801,-0.23764908312729716,-1.5697549536424282,normal,2026-07-20 10:43:36.915579
28,1,2507,0,3,4,0,1.3202939563127998,-0.23764908312729716,-1.5697549536424282,normal,2026-07-20 10:44:36.915579
48,2,2904,0,0,3,4,-0.7731055727168035,-0.23764908312729716,-1.5697549536424282,normal,2026-07-20 10:44:36.915579
42,1,5005,2,3,3,1,1.5457119926684408,-0.23764908312729716,-1.5697549536424282,normal,2026-07-20 10:53:36.915579
14,1,2572,0,0,4,4,-0.9771380664599298,-0.23764908312729716,-1.5697549536424282,normal,2026-07-20 10:56:36.915579
11,1,2420,2,2,3,4,-0.8088218317496589,-0.09429439470059839,-1.5697549536424282,normal,2026-07-20 11:09:36.915579
25,1,1136,0,0,4,1,-0.06938185430760388,-0.09429439470059839,-1.5697549536424282,normal,2026-07-20 11:10:36.915579
29,0,3992,3,3,3,1,-1.4358747755880594,-0.09429439470059839,-1.5697549536424282,normal,2026-07-20 11:18:36.915579
8,2,1600,3,3,3,1,1.047260648899902,-0.09429439470059839,-1.5697549536424282,normal,2026-07-20 11:23:36.915579
1,2,1935,0,1,4,0,-1.2762473186403565,-0.09429439470059839,-1.5697549536424282,normal,2026-07-20 11:26:36.915579
21,2,4481,3,0,3,4,1.5306123578620316,-0.09429439470059839,-1.5697549536424282,normal,2026-07-20 11:39:36.915579
19,0,3416,2,1,3,1,-1.6727689188557642,0.04906029372610037,-1.5697549536424282,normal,2026-07-20 12:03:36.915579
44,0,4269,3,1,4,4,-0.567727471798058,0.04906029372610037,-1.5697549536424282,normal,2026-07-20 12:15:36.915579
31,2,1198,1,3,4,1,1.6233919726209536,0.04906029372610037,-1.5697549536424282,normal,2026-07-20 12:25:36.915579
39,1,2168,2,3,4,4,0.3722944781296433,0.04906029372610037,-1.5697549536424282,normal,2026-07-20 12:25:36.915579
20,0,2097,1,2,3,0,-1.6258648973056202,0.04906029372610037,-1.5697549536424282,normal,2026-07-20 12:41:36.915579
24,1,4133,1,2,4,1,0.5716173467581037,0.04906029372610037,-1.5697549536424282,normal,2026-07-20 12:55:36.915579
34,2,4028,1,2,4,1,-0.8332157675476641,0.19241498215279915,-1.5697549536424282,normal,2026-07-20 13:09:36.915579
0,2,1774,3,0,3,0,-0.8067073061879722,0.19241498215279915,-1.5697549536424282,normal,2026-07-20 13:10:36.915579
36,0,478,0,0,3,1,0.5495686120376057,0.19241498215279915,-1.5697549536424282,normal,2026-07-20 13:31:36.915579
48,2,3443,2,0,4,4,-1.015612820202804,0.19241498215279915,-1.5697549536424282,normal,2026-07-20 13:34:36.915579
24,0,4619,0,0,3,4,-0.07817635834825597,0.19241498215279915,-1.5697549536424282,normal,2026-07-20 13:42:36.915579
12,2,526,3,1,4,1,-0.363733423974235,0.19241498215279915,-1.5697549536424282,normal,2026-07-20 13:54:36.915579
29,0,1316,0,0,4,4,1.354895283685857,0.19241498215279915,-1.5697549536424282,normal,2026-07-20 13:56:36.915579
47,2,1267,0,3,4,0,-1.3926231163717382,0.3357696705794979,-1.5697549536424282,normal,2026-07-20 14:08:36.915579
14,2,2351,1,3,4,1,-0.2761728427607491,0.3357696705794979,-1.5697549536424282,normal,2026-07-20 14:17:36.915579
46,0,576,0,0,4,4,1.377059356164265,0.3357696705794979,-1.5697549536424282,normal,2026-07-20 14:19:36.915579
46,1,3442,3,0,3,4,-0.8828206149288718,0.3357696705794979,-1.5697549536424282,normal,2026-07-20 14:24:36.915579
46,1,3551,3,0,3,0,-0.6942337692658851,0.3357696705794979,-1.5697549536424282,normal,2026-07-20 14:36:36.915579
2,2,4726,0,1,4,4,0.3605492497824558,0.3357696705794979,-1.5697549536424282,normal,2026-07-20 14:43:36.915579
13,1,2252,0,2,4,4,-1.3247468458415914,0.3357696705794979,-1.5697549536424282,normal,2026-07-20 14:46:36.915579
14,2,1820,0,3,3,4,-1.4687940939915929,0.3357696705794979,-1.5697549536424282,normal,2026-07-20 14:47:36.915579
38,1,3982,0,3,3,4,-0.1848445614555302,0.47912435900619665,-1.5697549536424282,normal,2026-07-20 15:14:36.915579
2,0,365,0,2,4,4,1.5082560557871063,0.47912435900619665,-1.5697549536424282,normal,2026-07-20 15:31:36.915579
18,1,689,2,0,3,4,-0.09624594042085238,0.47912435900619665,-1.5697549536424282,normal,2026-07-20 15:32:36.915579
9,0,4336,2,0,4,4,0.336001530307237,0.47912435900619665,-1.5697549536424282,normal,2026-07-20 15:42:36.915579
29,0,2148,3,0,4,0,-1.6625807502403642,0.47912435900619665,-1.5697549536424282,normal,2026-07-20 15:47:36.915579
31,1,5001,0,0,3,0,-1.1794981627133585,0.47912435900619665,-1.5697549536424282,normal,2026-07-20 15:58:36.915579
50,2,254,2,2,4,4,0.6583705636662186,0.6224790474328954,-1.5697549536424282,normal,2026-07-20 16:05:36.915579
21,1,1303,2,1,4,4,-0.5807702499217355,0.6224790474328954,-1.5697549536424282,normal,2026-07-20 16:37:36.915579
48,2,2775,2,2,4,0,-1.4265516401569858,0.6224790474328954,-1.5697549536424282,normal,2026-07-20 16:59:36.915579
19,2,4518,2,1,4,1,0.25113216344498857,0.7658337358595942,-1.5697549536424282,normal,2026-07-20 17:00:36.915579
35,1,4793,2,3,4,0,0.28043756543400294,0.7658337358595942,-1.5697549536424282,normal,2026-07-20 17:02:36.915579
39,1,2222,3,2,3,4,0.9382953021142499,0.7658337358595942,-1.5697549536424282,normal,2026-07-20 17:20:36.915579
30,0,2919,0,1,4,0,-1.2182132034518791,0.7658337358595942,-1.5697549536424282,normal,2026-07-20 17:35:36.915579
44,0,3629,2,2,4,4,0.37736933947769186,0.7658337358595942,-1.5697549536424282,normal,2026-07-20 17:41:36.915579
42,0,2338,2,0,4,1,1.1313514858962568,0.7658337358595942,-1.5697549536424282,normal,2026-07-20 17:52:36.915579
37,1,2925,1,0,4,1,1.294602470738305,0.7658337358595942,-1.5697549536424282,normal,2026-07-20 17:57:36.915579
47,0,3746,3,1,3,1,0.6401856438357119,0.7658337358595942,-1.5697549536424282,normal,2026-07-20 17:58:36.915579
0,0,1807,3,3,3,0,-0.4571281734420116,0.909188424286293,-1.5697549536424282,normal,2026-07-20 18:07:36.915579
29,1,1335,2,0,3,4,-1.54482089941406,0.909188424286293,-1.5697549536424282,normal,2026-07-20 18:11:36.915579
33,1,2278,1,0,3,1,-0.9110879770966942,0.909188424286293,-1.5697549536424282,normal,2026-07-20 18:15:36.915579
47,1,1846,0,3,4,1,-0.28490006644262006,0.909188424286293,-1.5697549536424282,normal,2026-07-20 18:18:36.915579
28,0,4193,2,3,4,0,1.1611662963160407,0.909188424286293,-1.5697549536424282,normal,2026-07-20 18:27:36.915579
31,2,1200,2,2,3,0,-0.09137292014914691,0.909188424286293,-1.5697549536424282,normal,2026-07-20 18:28:36.915579
38,1,1700,2,1,4,4,-0.7832360724532484,0.909188424286293,-1.5697549536424282,normal,2026-07-20 18:29:36.915579
26,0,4600,1,2,3,1,1.4362180144923669,0.909188424286293,-1.5697549536424282,normal,2026-07-20 18:30:36.915579
42,1,2193,0,0,3,1,-0.3026813041204411,0.909188424286293,-1.5697549536424282,normal,2026-07-20 18:30:36.915579
30,0,31,1,3,3,4,1.0467800749086096,0.909188424286293,-1.5697549536424282,normal,2026-07-20 18:34:36.915579
30,1,2321,2,2,4,4,1.4804500446509248,0.909188424286293,-1.5697549536424282,normal,2026-07-20 18:34:36.915579
33,1,839,3,3,3,0,0.4014941538405732,0.909188424286293,-1.5697549536424282,normal,2026-07-20 18:42:36.915579
47,1,4914,2,0,4,0,-1.0598160159218843,1.0525431127129916,-1.5697549536424282,normal,2026-07-20 19:01:36.915579
2,1,4907,1,1,3,0,-0.9201035451733408,1.0525431127129916,-1.5697549536424282,normal,2026-07-20 19:03:36.915579
22,0,2026,2,2,3,0,-1.1104012342453289,1.0525431127129916,-1.5697549536424282,normal,2026-07-20 19:09:36.915579
48,0,2891,3,3,3,1,-1.3674218162683616,1.0525431127129916,-1.5697549536424282,normal,2026-07-20 19:18:36.915579
44,0,4635,3,2,4,1,-0.2904651132617867,1.0525431127129916,-1.5697549536424282,normal,2026-07-20 19:19:36.915579
26,2,658,1,0,4,4,-0.4987458810879385,1.0525431127129916,-1.5697549536424282,normal,2026-07-20 19:22:36.915579
38,0,3059,3,2,3,4,1.0498653599327072,1.0525431127129916,-1.5697549536424282,normal,2026-07-20 19:23:36.915579
7,1,2450,3,0,3,4,0.20634266745653146,1.0525431127129916,-1.5697549536424282,normal,2026-07-20 19:29:36.915579
45,1,3858,2,0,4,0,-0.07635978866117038,1.0525431127129916,-1.5697549536424282,normal,2026-07-20 19:36:36.915579
18,2,1918,0,2,3,4,-1.6624654124824538,1.0525431127129916,-1.5697549536424282,normal,2026-07-20 19:52:36.915579
42,1,172,0,2,4,1,-0.44747824769685907,1.0525431127129916,-1.5697549536424282,normal,2026-07-20 19:59:36.915579
16,2,3815,3,3,4,0,-0.9375291580976054,1.0525431127129916,-1.5697549536424282,normal,2026-07-20 19:59:36.915579
49,0,1512,3,3,3,1,-1.4904295350795793,1.0525431127129916,-1.5697549536424282,normal,2026-07-20 19:59:36.915579
4,2,2653,0,2,3,4,0.1498656119998417,1.1958978011396906,-1.5697549536424282,normal,2026-07-20 20:08:36.915579
48,2,688,2,1,3,0,-1.2933076953312386,1.1958978011396906,-1.5697549536424282,normal,2026-07-20 20:28:36.915579
49,2,1074,0,2,4,4,-0.4224691771899995,1.1958978011396906,-1.5697549536424282,normal,2026-07-20 20:30:36.915579
37,2,4182,3,2,4,0,0.1975962208150088,1.1958978011396906,-1.5697549536424282,normal,2026-07-20 20:32:36.915579
8,0,1123,1,0,3,4,0.0436491484443824,1.1958978011396906,-1.5697549536424282,normal,2026-07-20 20:36:36.915579
9,0,2387,0,0,4,0,0.07287765859478984,1.1958978011396906,-1.5697549536424282,normal,2026-07-20 20:37:36.915579
3,1,4678,2,2,3,4,-0.423065088939202,1.1958978011396906,-1.5697549536424282,normal,2026-07-20 20:47:36.915579
25,2,2449,3,2,3,1,0.37122760386897435,1.3392524895663893,-1.5697549536424282,normal,2026-07-20 21:01:36.915579
0,2,534,3,3,3,4,-0.8651739379686126,1.3392524895663893,-1.5697549536424282,normal,2026-07-20 21:12:36.915579
1,2,4190,0,3,3,4,1.2066766532914366,1.3392524895663893,-1.5697549536424282,normal,2026-07-20 21:14:36.915579
2,2,3093,2,1,3,1,-0.5438044985115196,1.3392524895663893,-1.5697549536424282,normal,2026-07-20 21:21:36.915579
5,2,185,3,3,5,1,-1.5643706493798373,1.3392524895663893,-1.5697549536424282,insider_drift,2026-07-20 21:38:36.998575
15,1,1692,0,1,4,4,-1.0609117246220314,1.482607177993088,-1.5697549536424282,normal,2026-07-20 22:01:36.915579
33,2,3738,2,0,4,1,0.8831926882726566,1.482607177993088,-1.5697549536424282,normal,2026-07-20 22:04:36.915579
24,2,2764,0,1,4,4,-1.2426936425683168,1.482607177993088,-1.5697549536424282,normal,2026-07-20 22:07:36.915579
0,1,4664,3,0,3,0,-0.17161916521516174,1.482607177993088,-1.5697549536424282,normal,2026-07-20 22:08:36.915579
46,1,1603,2,1,3,4,-0.21818678497140107,1.482607177993088,-1.5697549536424282,normal,2026-07-20 22:12:36.915579
36,2,4014,1,3,4,0,-0.9828376739966584,1.482607177993088,-1.5697549536424282,normal,2026-07-20 22:32:36.915579
1,2,2231,0,0,3,1,1.2199501069309342,1.482607177993088,-1.5697549536424282,normal,2026-07-20 22:32:36.915579
8,1,3725,2,3,4,4,-1.3536774001173972,1.482607177993088,-1.5697549536424282,normal,2026-07-20 22:43:36.915579
31,2,3981,1,1,3,1,-1.657371328174754,1.482607177993088,-1.5697549536424282,normal,2026-07-20 22:48:36.915579
49,2,1217,0,1,4,4,1.67450582233482,1.482607177993088,-1.5697549536424282,normal,2026-07-20 22:55:36.915579
31,2,2137,3,1,3,1,-0.5089532726629904,1.482607177993088,-1.5697549536424282,normal,2026-07-20 22:56:36.915579
38,2,4981,0,1,4,4,-0.12690656106531137,1.6259618664197868,-1.5697549536424282,normal,2026-07-20 23:10:36.915579
42,2,3078,0,1,3,1,-1.292327324389002,1.6259618664197868,-1.5697549536424282,normal,2026-07-20 23:13:36.915579
48,2,3684,3,3,3,0,1.6184997293895966,1.6259618664197868,-1.5697549536424282,normal,2026-07-20 23:16:36.915579
8,2,3636,2,0,3,0,0.38535647921297245,1.6259618664197868,-1.5697549536424282,normal,2026-07-20 23:28:36.915579
40,2,2880,5,2,0,4,-1.7133485866804996,1.6259618664197868,-1.5697549536424282,low_and_slow,2026-07-20 23:38:36.998575
23,1,2262,1,0,3,1,-0.40518773646312267,1.6259618664197868,-1.5697549536424282,normal,2026-07-20 23:39:36.915579
8,0,1728,2,0,3,0,-0.4888941142664431,1.6259618664197868,-1.5697549536424282,normal,2026-07-20 23:47:36.915579
48,0,1188,3,2,3,1,0.9421975629235446,-1.6711959673942849,-1.0743830697190815,normal,2026-07-21 00:07:36.915579
14,1,1947,0,2,4,0,-0.9408931760366526,-1.6711959673942849,-1.0743830697190815,normal,2026-07-21 00:16:36.915579
42,1,3512,2,1,4,1,0.36233698503006384,-1.6711959673942849,-1.0743830697190815,normal,2026-07-21 00:40:36.915579
49,2,1712,0,1,3,4,0.0018872686010676643,-1.6711959673942849,-1.0743830697190815,normal,2026-07-21 00:45:36.915579
31,2,3522,1,0,3,0,1.1850316007236243,-1.6711959673942849,-1.0743830697190815,normal,2026-07-21 00:56:36.915579
32,0,2115,1,3,3,0,0.811731335767468,-1.6711959673942849,-1.0743830697190815,normal,2026-07-21 00:56:36.915579
44,0,3207,2,0,4,1,-0.49563176162436334,-1.527841278967586,-1.0743830697190815,normal,2026-07-21 01:00:36.915579
35,1,1468,2,0,4,0,-0.512298067642386,-1.527841278967586,-1.0743830697190815,normal,2026-07-21 01:28:36.915579
8,0,2741,1,0,3,0,-0.7942988857328008,-1.527841278967586,-1.0743830697190815,normal,2026-07-21 01:32:36.915579
10,2,2992,3,0,3,4,-0.6917059500716867,-1.527841278967586,-1.0743830697190815,normal,2026-07-21 01:47:36.915579
11,1,201,2,0,3,0,0.33327187003669567,-1.3844865905408872,-1.0743830697190815,normal,2026-07-21 02:23:36.915579
0,1,3792,1,3,4,1,0.10666201018264958,-1.3844865905408872,-1.0743830697190815,normal,2026-07-21 02:24:36.915579
5,0,4935,3,2,4,4,0.9060103413792224,-1.3844865905408872,-1.0743830697190815,normal,2026-07-21 02:24:36.915579
21,1,4082,2,1,3,0,-0.8653757790449556,-1.3844865905408872,-1.0743830697190815,normal,2026-07-21 02:25:36.915579
44,2,3884,3,3,4,4,-1.4371723253645492,-1.3844865905408872,-1.0743830697190815,normal,2026-07-21 02:32:36.915579
34,1,4773,2,3,3,4,-0.8581095002966136,-1.3844865905408872,-1.0743830697190815,normal,2026-07-21 02:39:36.915579
47,0,724,2,2,4,0,-0.37197046218498797,-1.3844865905408872,-1.0743830697190815,normal,2026-07-21 02:39:36.915579
19,1,1618,3,1,4,4,-0.7621388742355095,-1.3844865905408872,-1.0743830697190815,normal,2026-07-21 02:56:36.915579
35,1,485,1,1,3,0,-1.6120147548765715,-1.3844865905408872,-1.0743830697190815,normal,2026-07-21 02:57:36.915579
49,0,699,0,2,4,1,-0.9744949095078212,-1.2411319021141884,-1.0743830697190815,normal,2026-07-21 03:05:36.915579
43,1,805,2,3,4,4,0.9470033028364693,-1.2411319021141884,-1.0743830697190815,normal,2026-07-21 03:08:36.915579
34,1,1796,3,0,4,0,-1.4244178916356474,-1.2411319021141884,-1.0743830697190815,normal,2026-07-21 03:15:36.915579
42,1,3651,1,1,4,1,-1.605171381240567,-1.2411319021141884,-1.0743830697190815,normal,2026-07-21 03:16:36.915579
18,2,4990,0,0,4,1,0.5540091157171483,-1.2411319021141884,-1.0743830697190815,normal,2026-07-21 03:27:36.915579
35,1,2975,2,3,3,0,-1.0785487901024644,-1.2411319021141884,-1.0743830697190815,normal,2026-07-21 03:46:36.915579
50,0,3921,0,2,3,0,-1.0903420758487814,-1.2411319021141884,-1.0743830697190815,normal,2026-07-21 03:58:36.915579
33,0,1865,0,2,3,4,1.6393470291318633,-1.0977772136874897,-1.0743830697190815,normal,2026-07-21 04:24:36.915579
28,2,937,0,0,3,1,0.32146897281055314,-1.0977772136874897,-1.0743830697190815,normal,2026-07-21 04:25:36.915579
43,0,1544,0,0,3,1,-0.3096688499538334,-1.0977772136874897,-1.0743830697190815,normal,2026-07-21 04:32:36.915579
37,0,1125,1,2,3,4,-0.5746669602323212,-1.0977772136874897,-1.0743830697190815,normal,2026-07-21 04:33:36.915579
37,2,2214,0,2,4,4,1.2417681661356121,-0.954422525260791,-1.0743830697190815,normal,2026-07-21 05:01:36.915579
42,1,1914,1,3,3,0,-0.3597542713263336,-0.954422525260791,-1.0743830697190815,normal,2026-07-21 05:06:36.915579
35,0,4644,0,3,4,4,-0.22769253851916577,-0.954422525260791,-1.0743830697190815,normal,2026-07-21 05:12:36.915579
49,1,4582,1,1,4,0,-0.9876049679902794,-0.954422525260791,-1.0743830697190815,normal,2026-07-21 05:28:36.915579
10,1,567,3,3,3,0,0.10255790829701199,-0.954422525260791,-1.0743830697190815,normal,2026-07-21 05:47:36.915579
39,2,873,0,3,4,0,1.6494006370297014,-0.8110678368340922,-1.0743830697190815,normal,2026-07-21 06:21:36.915579
45,1,1672,0,2,4,0,1.0759797506195394,-0.8110678368340922,-1.0743830697190815,normal,2026-07-21 06:24:36.915579
23,2,4123,1,1,4,4,1.4838428970294493,-0.8110678368340922,-1.0743830697190815,normal,2026-07-21 06:32:36.915579
7,1,1763,3,0,4,1,1.134629000516871,-0.8110678368340922,-1.0743830697190815,normal,2026-07-21 06:36:36.915579
36,1,1051,1,1,4,4,0.31030043325291606,-0.8110678368340922,-1.0743830697190815,normal,2026-07-21 06:44:36.915579
12,1,4755,2,2,4,0,-0.5927845997040471,-0.8110678368340922,-1.0743830697190815,normal,2026-07-21 06:50:36.915579
34,1,2768,2,0,3,0,-0.6838149251346645,-0.8110678368340922,-1.0743830697190815,normal,2026-07-21 06:52:36.915579
8,0,3036,2,2,4,4,1.1531310991816308,-0.6677131484073935,-1.0743830697190815,normal,2026-07-21 07:13:36.915579
46,1,4169,1,0,3,0,-1.441064974694018,-0.6677131484073935,-1.0743830697190815,normal,2026-07-21 07:21:36.915579
6,1,3623,2,0,4,1,1.600055299603792,-0.6677131484073935,-1.0743830697190815,normal,2026-07-21 07:26:36.915579
42,0,1066,0,0,3,1,-0.8928934457863618,-0.6677131484073935,-1.0743830697190815,normal,2026-07-21 07:35:36.915579
16,0,2885,2,3,4,4,-1.1157548285083267,-0.6677131484073935,-1.0743830697190815,normal,2026-07-21 07:42:36.915579
4,2,3538,0,3,3,0,1.5467596439694582,-0.5243584599806946,-1.0743830697190815,normal,2026-07-21 08:07:36.915579
19,2,536,0,0,3,0,1.5315446714051388,-0.5243584599806946,-1.0743830697190815,normal,2026-07-21 08:15:36.915579
6,0,4776,3,3,4,0,0.9400157570030769,-0.5243584599806946,-1.0743830697190815,normal,2026-07-21 08:29:36.915579
16,0,2916,1,2,4,1,-0.19811801509502786,-0.5243584599806946,-1.0743830697190815,normal,2026-07-21 08:34:36.915579
42,1,497,1,1,4,0,-1.3858566345743404,-0.5243584599806946,-1.0743830697190815,normal,2026-07-21 08:39:36.915579
1,0,4485,0,2,4,0,1.1038434306346765,-0.5243584599806946,-1.0743830697190815,normal,2026-07-21 08:44:36.915579
48,1,4852,0,1,4,1,0.314769771371936,-0.5243584599806946,-1.0743830697190815,normal,2026-07-21 08:51:36.915579
15,1,4084,2,3,3,4,1.2093678676426747,-0.5243584599806946,-1.0743830697190815,normal,2026-07-21 08:53:36.915579
21,1,2029,3,0,3,1,0.5442342407342596,-0.5243584599806946,-1.0743830697190815,normal,2026-07-21 08:57:36.915579
15,0,1714,2,2,4,0,0.21368583804348032,-0.3810037715539959,-1.0743830697190815,normal,2026-07-21 09:08:36.915579
32,1,2789,0,0,4,1,1.6246895223974431,-0.3810037715539959,-1.0743830697190815,normal,2026-07-21 09:11:36.915579
35,2,2306,3,2,4,4,-0.7422334995161758,-0.3810037715539959,-1.0743830697190815,normal,2026-07-21 09:13:36.915579
31,1,4601,1,2,4,0,0.1478568127162393,-0.3810037715539959,-1.0743830697190815,normal,2026-07-21 09:25:36.915579
22,0,2025,3,1,3,0,1.1500265911978815,-0.3810037715539959,-1.0743830697190815,normal,2026-07-21 09:32:36.915579
17,2,4422,2,3,4,1,-0.7968651508463026,-0.3810037715539959,-1.0743830697190815,normal,2026-07-21 09:33:36.915579
17,0,4511,3,1,3,0,1.6694213495069457,-0.23764908312729716,-1.0743830697190815,normal,2026-07-21 10:07:36.915579
32,1,4035,2,1,4,0,0.2728252734119303,-0.23764908312729716,-1.0743830697190815,normal,2026-07-21 10:10:36.915579
5,0,3251,3,1,4,4,-1.3034285835878578,-0.23764908312729716,-1.0743830697190815,normal,2026-07-21 10:42:36.915579
15,2,3254,1,3,4,1,1.055930203702818,-0.23764908312729716,-1.0743830697190815,normal,2026-07-21 10:43:36.915579
44,2,1239,2,2,4,0,0.8581067259271904,-0.23764908312729716,-1.0743830697190815,normal,2026-07-21 10:59:36.915579
35,1,213,0,0,4,1,-0.6527506223375199,-0.09429439470059839,-1.0743830697190815,normal,2026-07-21 11:04:36.915579
22,1,4437,3,2,3,4,-0.186574627824183,-0.09429439470059839,-1.0743830697190815,normal,2026-07-21 11:06:36.915579
39,1,3818,3,0,4,4,0.9483969674112176,-0.09429439470059839,-1.0743830697190815,normal,2026-07-21 11:10:36.915579
42,2,4410,2,0,4,4,-1.1622936138250883,-0.09429439470059839,-1.0743830697190815,normal,2026-07-21 11:24:36.915579
33,2,1605,2,2,4,0,-0.08078106938106112,-0.09429439470059839,-1.0743830697190815,normal,2026-07-21 11:24:36.915579
27,0,4159,0,3,3,0,-0.2817571125395674,-0.09429439470059839,-1.0743830697190815,normal,2026-07-21 11:25:36.915579
0,2,4669,2,3,3,4,-1.364845939675034,-0.09429439470059839,-1.0743830697190815,normal,2026-07-21 11:30:36.915579
22,0,3447,0,2,3,1,-0.3925005830930017,-0.09429439470059839,-1.0743830697190815,normal,2026-07-21 11:31:36.915579
49,0,4832,2,0,3,0,-1.6861288758136947,-0.09429439470059839,-1.0743830697190815,normal,2026-07-21 11:37:36.915579
24,1,4049,0,2,4,4,1.4356124912633383,-0.09429439470059839,-1.0743830697190815,normal,2026-07-21 11:43:36.915579
10,0,1229,2,0,4,0,0.7875584640054573,-0.09429439470059839,-1.0743830697190815,normal,2026-07-21 11:45:36.915579
0,0,4311,0,2,4,1,-0.3117929869953461,-0.09429439470059839,-1.0743830697190815,normal,2026-07-21 11:45:36.915579
1,2,2383,1,2,3,0,-1.63135305228618,-0.09429439470059839,-1.0743830697190815,normal,2026-07-21 11:57:36.915579
46,2,1423,3,2,4,4,1.6836463396492023,0.04906029372610037,-1.0743830697190815,normal,2026-07-21 12:04:36.915579
30,1,2784,0,0,4,0,-1.2464805656197013,0.04906029372610037,-1.0743830697190815,normal,2026-07-21 12:06:36.915579
38,2,4094,0,1,3,0,-1.3431432182282665,0.04906029372610037,-1.0743830697190815,normal,2026-07-21 12:23:36.915579
0,0,4346,2,1,3,1,-0.8737858238925735,0.04906029372610037,-1.0743830697190815,normal,2026-07-21 12:34:36.915579
10,2,4570,3,2,3,4,-0.45326435855202024,0.04906029372610037,-1.0743830697190815,normal,2026-07-21 12:35:36.915579
13,2,4858,1,1,4,4,-0.3760745640706255,0.19241498215279915,-1.0743830697190815,normal,2026-07-21 13:00:36.915579
26,0,2663,3,0,4,1,-1.2813510144278821,0.19241498215279915,-1.0743830697190815,normal,2026-07-21 13:06:36.915579
5,0,1104,1,3,3,0,0.3588576293331061,0.19241498215279915,-1.0743830697190815,normal,2026-07-21 13:23:36.915579
16,1,1365,3,1,3,1,1.630273792176262,0.19241498215279915,-1.0743830697190815,normal,2026-07-21 13:35:36.915579
20,1,1525,2,2,4,4,0.6055170361038738,0.19241498215279915,-1.0743830697190815,normal,2026-07-21 13:49:36.915579
37,0,1546,1,1,4,0,-1.515823064779473,0.19241498215279915,-1.0743830697190815,normal,2026-07-21 13:52:36.915579
6,0,901,0,0,3,4,0.8523110035922031,0.19241498215279915,-1.0743830697190815,normal,2026-07-21 13:53:36.915579
32,1,2447,0,2,3,4,1.5781315141210301,0.3357696705794979,-1.0743830697190815,normal,2026-07-21 14:08:36.915579
4,0,2360,3,0,4,1,-1.0685240166441037,0.3357696705794979,-1.0743830697190815,normal,2026-07-21 14:09:36.915579
49,2,1282,0,3,3,4,-0.7001063834394788,0.3357696705794979,-1.0743830697190815,normal,2026-07-21 14:28:36.915579
38,2,3376,2,0,4,0,-0.7284794718853856,0.3357696705794979,-1.0743830697190815,normal,2026-07-21 14:29:36.915579
47,0,1503,3,1,4,1,0.8410271262766564,0.3357696705794979,-1.0743830697190815,normal,2026-07-21 14:31:36.915579
29,0,612,0,1,4,0,-0.2416580187061246,0.3357696705794979,-1.0743830697190815,normal,2026-07-21 14:32:36.915579
1,2,2964,1,1,3,0,-0.3383975631532967,0.3357696705794979,-1.0743830697190815,normal,2026-07-21 14:47:36.915579
32,1,3624,2,1,4,4,-1.586813454773195,0.3357696705794979,-1.0743830697190815,normal,2026-07-21 14:47:36.915579
10,0,4679,0,2,4,4,-0.7149272853309383,0.3357696705794979,-1.0743830697190815,normal,2026-07-21 14:57:36.915579
33,0,92,2,2,4,4,-0.40978202381987855,0.3357696705794979,-1.0743830697190815,normal,2026-07-21 14:59:36.915579
3,2,2645,0,3,3,1,0.549818510513078,0.3357696705794979,-1.0743830697190815,normal,2026-07-21 14:59:36.915579
29,1,2329,3,0,3,4,-1.5738379570082985,0.47912435900619665,-1.0743830697190815,normal,2026-07-21 15:04:36.915579
21,1,1295,1,0,3,1,-0.05469551313370636,0.47912435900619665,-1.0743830697190815,normal,2026-07-21 15:06:36.915579
23,1,2718,3,1,4,0,-1.051059957800536,0.47912435900619665,-1.0743830697190815,normal,2026-07-21 15:15:36.915579
32,0,1874,1,3,3,0,0.14908708213394795,0.47912435900619665,-1.0743830697190815,normal,2026-07-21 15:28:36.915579
15,0,1703,1,0,3,0,0.9884287808858792,0.47912435900619665,-1.0743830697190815,normal,2026-07-21 15:28:36.915579
47,2,139,3,1,3,4,0.057518513833082825,0.47912435900619665,-1.0743830697190815,normal,2026-07-21 15:29:36.915579
38,2,3153,0,1,4,4,1.1435965111943884,0.47912435900619665,-1.0743830697190815,normal,2026-07-21 15:31:36.915579
18,0,408,2,1,4,1,-1.0602196980745702,0.47912435900619665,-1.0743830697190815,normal,2026-07-21 15:32:36.915579
30,1,3038,1,2,4,0,-0.8654430594037366,0.47912435900619665,-1.0743830697190815,normal,2026-07-21 15:33:36.915579
3,2,3339,3,1,3,0,0.13401628176701638,0.6224790474328954,-1.0743830697190815,normal,2026-07-21 16:14:36.915579
29,1,775,3,1,3,0,0.5623326572463335,0.6224790474328954,-1.0743830697190815,normal,2026-07-21 16:29:36.915579
48,1,4482,0,3,3,1,-1.0779432668734361,0.6224790474328954,-1.0743830697190815,normal,2026-07-21 16:40:36.915579
29,2,1975,3,0,3,0,-1.2105528540306771,0.7658337358595942,-1.0743830697190815,normal,2026-07-21 17:01:36.915579
32,1,1278,0,0,4,1,-1.3456229800233357,0.7658337358595942,-1.0743830697190815,normal,2026-07-21 17:20:36.915579
34,0,2629,3,1,4,4,0.20672712664956552,0.7658337358595942,-1.0743830697190815,normal,2026-07-21 17:33:36.915579
2,1,630,2,2,3,4,0.5560083035209248,0.7658337358595942,-1.0743830697190815,normal,2026-07-21 17:35:36.915579
10,2,2062,1,2,4,1,0.23906975626354787,0.7658337358595942,-1.0743830697190815,normal,2026-07-21 17:38:36.915579
47,1,2185,0,0,3,4,-0.8373006464736501,0.7658337358595942,-1.0743830697190815,normal,2026-07-21 17:42:36.915579
38,0,4247,3,3,4,0,-1.431962903298939,0.7658337358595942,-1.0743830697190815,normal,2026-07-21 17:57:36.915579
10,0,1983,0,0,4,4,0.996992609410711,0.909188424286293,-1.0743830697190815,normal,2026-07-21 18:09:36.915579
26,1,2107,3,0,4,1,1.5846000400438267,0.909188424286293,-1.0743830697190815,normal,2026-07-21 18:25:36.915579
18,0,269,3,2,3,0,-0.18702636737599793,0.909188424286293,-1.0743830697190815,normal,2026-07-21 18:40:36.915579
40,2,3484,1,0,4,1,-0.11793905038779393,0.909188424286293,-1.0743830697190815,normal,2026-07-21 18:47:36.915579
3,2,1584,2,0,3,0,-0.06343234829540341,0.909188424286293,-1.0743830697190815,normal,2026-07-21 18:49:36.915579
14,1,698,0,2,4,1,0.16435972357722217,1.0525431127129916,-1.0743830697190815,normal,2026-07-21 19:28:36.915579
30,1,1227,0,2,4,0,-0.18775683984276248,1.0525431127129916,-1.0743830697190815,normal,2026-07-21 19:37:36.915579
29,0,1932,3,2,4,1,0.456058524811919,1.0525431127129916,-1.0743830697190815,normal,2026-07-21 19:44:36.915579
7,2,4609,3,3,4,4,-1.1448199435016946,1.0525431127129916,-1.0743830697190815,normal,2026-07-21 19:49:36.915579
13,0,78,1,2,4,4,1.3544819900533456,1.1958978011396906,-1.0743830697190815,normal,2026-07-21 20:03:36.915579
12,0,4991,2,2,4,0,-1.261041957555863,1.1958978011396906,-1.0743830697190815,normal,2026-07-21 20:13:36.915579
27,1,1729,2,3,4,1,-1.6984892388697366,1.1958978011396906,-1.0743830697190815,normal,2026-07-21 20:16:36.915579
14,2,1705,0,3,4,4,-0.29066695433812956,1.1958978011396906,-1.0743830697190815,normal,2026-07-21 20:26:36.915579
27,1,1952,3,1,3,0,0.20076800915753898,1.1958978011396906,-1.0743830697190815,normal,2026-07-21 20:28:36.915579
21,1,4803,2,2,3,0,0.5948579049770073,1.3392524895663893,-1.0743830697190815,normal,2026-07-21 21:11:36.915579
21,1,1582,3,2,3,4,1.4454642580848338,1.3392524895663893,-1.0743830697190815,normal,2026-07-21 21:19:36.915579
5,0,4954,0,3,4,4,-0.30239295972566566,1.3392524895663893,-1.0743830697190815,normal,2026-07-21 21:36:36.915579
10,1,3301,2,2,4,1,-0.06134665717319406,1.3392524895663893,-1.0743830697190815,normal,2026-07-21 21:36:36.915579
5,2,2376,3,3,5,1,-1.554759169553988,1.3392524895663893,-1.0743830697190815,insider_drift,2026-07-21 21:38:36.998575
10,1,441,0,3,4,4,-1.0570190752925626,1.3392524895663893,-1.0743830697190815,normal,2026-07-21 21:39:36.915579
7,0,1132,1,2,3,4,-0.9554545679728141,1.3392524895663893,-1.0743830697190815,normal,2026-07-21 21:54:36.915579
8,2,475,3,2,3,0,1.2770807430157818,1.3392524895663893,-1.0743830697190815,normal,2026-07-21 21:59:36.915579
30,0,1854,3,0,3,4,-1.5539902511679202,1.482607177993088,-1.0743830697190815,normal,2026-07-21 22:42:36.915579
17,1,1971,3,3,3,0,-0.6253963507531531,1.482607177993088,-1.0743830697190815,normal,2026-07-21 22:45:36.915579
4,1,259,1,2,4,1,0.5400244125705376,1.482607177993088,-1.0743830697190815,normal,2026-07-21 22:45:36.915579
43,1,1696,0,1,4,1,-0.4830118886130235,1.482607177993088,-1.0743830697190815,normal,2026-07-21 22:50:36.915579
31,1,2394,0,0,3,4,-1.0250801278312656,1.6259618664197868,-1.0743830697190815,normal,2026-07-21 23:06:36.915579
29,0,3237,1,1,4,4,0.7340513558149548,1.6259618664197868,-1.0743830697190815,normal,2026-07-21 23:12:36.915579
38,1,3499,1,2,3,1,-1.4042145610417125,1.6259618664197868,-1.0743830697190815,normal,2026-07-21 23:13:36.915579
23,2,1753,1,2,4,4,0.43374066865629735,1.6259618664197868,-1.0743830697190815,normal,2026-07-21 23:18:36.915579
40,0,2005,3,0,3,0,-0.9509660068941425,1.6259618664197868,-1.0743830697190815,normal,2026-07-21 23:21:36.915579
8,0,3243,1,1,4,1,-1.6276718555128797,1.6259618664197868,-1.0743830697190815,normal,2026-07-21 23:26:36.915579
40,2,4523,5,2,0,4,-1.7133485866804996,1.6259618664197868,-1.0743830697190815,low_and_slow,2026-07-21 23:38:36.998575
3,2,1329,3,1,4,1,0.14096538168110534,1.6259618664197868,-1.0743830697190815,normal,2026-07-21 23:42:36.915579
0,2,450,0,0,4,0,-0.3137056714806901,1.6259618664197868,-1.0743830697190815,normal,2026-07-21 23:50:36.915579
16,2,2190,3,1,3,4,-0.24534882695925084,-1.6711959673942849,-0.5790111857957346,normal,2026-07-22 00:22:36.915579
14,2,4564,3,3,3,1,-1.1087000023161535,-1.6711959673942849,-0.5790111857957346,normal,2026-07-22 00:48:36.915579
27,2,1574,1,0,3,1,1.6588679446581633,-1.527841278967586,-0.5790111857957346,normal,2026-07-22 01:09:36.915579
0,2,4192,0,0,4,4,0.5662445295354539,-1.527841278967586,-0.5790111857957346,normal,2026-07-22 01:12:36.915579
23,1,3426,1,1,4,4,-0.0341173348265634,-1.527841278967586,-0.5790111857957346,normal,2026-07-22 01:19:36.915579
29,2,3702,0,1,4,4,1.6632988368578794,-1.527841278967586,-0.5790111857957346,normal,2026-07-22 01:38:36.915579
14,1,2767,3,2,4,1,-0.4266213364747663,-1.527841278967586,-0.5790111857957346,normal,2026-07-22 01:38:36.915579
20,2,486,2,2,3,4,-0.43860685181760023,-1.527841278967586,-0.5790111857957346,normal,2026-07-22 01:46:36.915579
36,1,4691,1,1,3,4,1.3718307111390031,-1.527841278967586,-0.5790111857957346,normal,2026-07-22 01:57:36.915579
26,0,2868,1,1,4,4,-0.8195001858361773,-1.3844865905408872,-0.5790111857957346,normal,2026-07-22 02:07:36.915579
20,2,4508,3,2,4,4,1.5751038979758876,-1.3844865905408872,-0.5790111857957346,normal,2026-07-22 02:07:36.915579
45,0,4521,3,3,4,0,-0.9887198996500782,-1.3844865905408872,-0.5790111857957346,normal,2026-07-22 02:18:36.915579
23,2,124,3,0,4,4,-1.1645138656648597,-1.3844865905408872,-0.5790111857957346,normal,2026-07-22 02:47:36.915579
12,1,3918,0,1,3,4,-0.6857276096200084,-1.3844865905408872,-0.5790111857957346,normal,2026-07-22 02:53:36.915579
15,1,672,1,0,3,1,0.9826426700307179,-1.2411319021141884,-0.5790111857957346,normal,2026-07-22 03:20:36.915579
5,0,59,1,3,3,0,0.8952550954540975,-1.2411319021141884,-0.5790111857957346,normal,2026-07-22 03:46:36.915579
28,2,4199,0,2,3,1,-0.16295922189207163,-1.2411319021141884,-0.5790111857957346,normal,2026-07-22 03:51:36.915579
6,2,4425,3,3,3,1,1.3299150476184751,-1.2411319021141884,-0.5790111857957346,normal,2026-07-22 03:52:36.915579
42,0,4268,0,1,3,0,-0.5740326025638153,-1.0977772136874897,-0.5790111857957346,normal,2026-07-22 04:10:36.915579
10,1,3427,3,1,4,1,0.1410903309188415,-1.0977772136874897,-0.5790111857957346,normal,2026-07-22 04:12:36.915579
30,2,1317,2,2,4,1,1.4748753863519322,-1.0977772136874897,-0.5790111857957346,normal,2026-07-22 04:16:36.915579
8,2,3268,2,1,3,0,1.1890011418917001,-1.0977772136874897,-0.5790111857957346,normal,2026-07-22 04:19:36.915579
10,1,1258,0,0,3,1,-1.2514977580887947,-1.0977772136874897,-0.5790111857957346,normal,2026-07-22 04:30:36.915579
10,0,3874,1,1,3,0,-1.3954008340414086,-1.0977772136874897,-0.5790111857957346,normal,2026-07-22 04:33:36.915579
48,2,3727,2,2,3,1,-1.060565711348301,-1.0977772136874897,-0.5790111857957346,normal,2026-07-22 04:35:36.915579
27,0,4356,2,3,3,1,-1.0571920819294276,-1.0977772136874897,-0.5790111857957346,normal,2026-07-22 04:41:36.915579
47,0,3590,0,0,3,4,-1.1237708026830848,-0.954422525260791,-0.5790111857957346,normal,2026-07-22 05:05:36.915579
48,1,1937,3,2,4,0,0.8397968568589476,-0.954422525260791,-0.5790111857957346,normal,2026-07-22 05:15:36.915579
5,1,1356,2,1,4,1,1.2465642945687108,-0.954422525260791,-0.5790111857957346,normal,2026-07-22 05:20:36.915579
40,0,4927,3,3,3,4,-0.8408953399285176,-0.954422525260791,-0.5790111857957346,normal,2026-07-22 05:27:36.915579
27,1,870,0,3,4,1,-1.157286032835821,-0.954422525260791,-0.5790111857957346,normal,2026-07-22 05:36:36.915579
30,0,765,3,0,4,4,-1.51092121006829,-0.954422525260791,-0.5790111857957346,normal,2026-07-22 05:36:36.915579
20,1,2860,1,0,3,0,-1.6657333156232428,-0.954422525260791,-0.5790111857957346,normal,2026-07-22 05:46:36.915579
45,1,3299,1,2,3,4,-0.5796072608628078,-0.8110678368340922,-0.5790111857957346,normal,2026-07-22 06:11:36.915579
38,1,355,1,3,3,0,-0.7792088624062177,-0.8110678368340922,-0.5790111857957346,normal,2026-07-22 06:15:36.915579
31,0,3573,2,2,3,4,0.33186859398212165,-0.8110678368340922,-0.5790111857957346,normal,2026-07-22 06:16:36.915579
40,2,776,0,2,3,0,-0.04331552101990101,-0.8110678368340922,-0.5790111857957346,normal,2026-07-22 06:26:36.915579
8,2,1625,1,3,3,1,1.1914520692472914,-0.8110678368340922,-0.5790111857957346,normal,2026-07-22 06:33:36.915579
28,0,975,1,2,3,0,0.2627043851553109,-0.8110678368340922,-0.5790111857957346,normal,2026-07-22 06:34:36.915579
21,0,4157,3,0,4,1,0.9128921609345307,-0.6677131484073935,-0.5790111857957346,normal,2026-07-22 07:06:36.915579
46,0,1993,2,3,4,0,0.8588275869141291,-0.6677131484073935,-0.5790111857957346,normal,2026-07-22 07:09:36.915579
38,0,2441,2,0,4,4,-1.2928271213399463,-0.6677131484073935,-0.5790111857957346,normal,2026-07-22 07:15:36.915579
11,0,1535,2,2,4,0,0.9344122642646069,-0.6677131484073935,-0.5790111857957346,normal,2026-07-22 07:17:36.915579
20,2,2401,1,2,4,1,-0.8636361011964769,-0.6677131484073935,-0.5790111857957346,normal,2026-07-22 07:19:36.915579
38,0,4969,2,1,3,0,1.0043453914774858,-0.6677131484073935,-0.5790111857957346,normal,2026-07-22 07:25:36.915579
8,0,4590,3,3,4,1,-1.1976734710640393,-0.6677131484073935,-0.5790111857957346,normal,2026-07-22 07:28:36.915579
16,0,4073,0,1,4,0,0.10660434130369453,-0.6677131484073935,-0.5790111857957346,normal,2026-07-22 07:45:36.915579
16,1,1088,0,2,4,0,0.3939971995764111,-0.6677131484073935,-0.5790111857957346,normal,2026-07-22 07:52:36.915579
39,1,2769,2,3,4,0,1.4495683599704714,-0.6677131484073935,-0.5790111857957346,normal,2026-07-22 07:53:36.915579
29,1,402,0,0,3,1,0.8263696195422364,-0.5243584599806946,-0.5790111857957346,normal,2026-07-22 08:04:36.915579
20,2,1709,0,2,3,1,0.5436767749043604,-0.5243584599806946,-0.5790111857957346,normal,2026-07-22 08:06:36.915579
29,2,3929,1,0,3,4,-1.407799643016754,-0.5243584599806946,-0.5790111857957346,normal,2026-07-22 08:07:36.915579
41,2,1792,0,0,3,0,-0.625540522950541,-0.5243584599806946,-0.5790111857957346,normal,2026-07-22 08:23:36.915579
33,0,1011,2,0,3,4,-0.01641298898734914,-0.5243584599806946,-0.5790111857957346,normal,2026-07-22 08:33:36.915579
30,1,562,1,2,4,4,0.6408296129840438,-0.5243584599806946,-0.5790111857957346,normal,2026-07-22 08:50:36.915579
30,1,3390,2,0,3,0,-1.6969994594967301,-0.5243584599806946,-0.5790111857957346,normal,2026-07-22 08:50:36.915579
29,1,750,2,0,3,1,0.5219740534575926,-0.3810037715539959,-0.5790111857957346,normal,2026-07-22 09:07:36.915579
34,2,955,2,0,4,0,1.4286922257887271,-0.3810037715539959,-0.5790111857957346,normal,2026-07-22 09:23:36.915579
26,0,1233,1,1,4,1,0.31750904312230294,-0.3810037715539959,-0.5790111857957346,normal,2026-07-22 09:28:36.915579
12,0,2893,0,0,4,1,1.2507068423736516,-0.3810037715539959,-0.5790111857957346,normal,2026-07-22 09:29:36.915579
45,1,4100,2,0,4,0,1.474202582764123,-0.3810037715539959,-0.5790111857957346,normal,2026-07-22 09:31:36.915579
20,2,4576,2,0,3,4,0.3087145390816513,-0.3810037715539959,-0.5790111857957346,normal,2026-07-22 09:37:36.915579
21,0,4230,3,2,4,4,1.1745839221529264,-0.3810037715539959,-0.5790111857957346,normal,2026-07-22 09:43:36.915579
19,1,2512,0,2,4,0,-0.5335202150978609,-0.3810037715539959,-0.5790111857957346,normal,2026-07-22 09:55:36.915579
39,2,3158,2,0,4,1,-1.2715665279651678,-0.23764908312729716,-0.5790111857957346,normal,2026-07-22 10:03:36.915579
0,2,1789,0,2,3,4,-0.37981342972288074,-0.23764908312729716,-0.5790111857957346,normal,2026-07-22 10:13:36.915579
13,2,4537,0,2,4,0,0.2698264917062655,-0.23764908312729716,-0.5790111857957346,normal,2026-07-22 10:21:36.915579
8,0,1679,1,1,4,4,1.147710224559852,-0.23764908312729716,-0.5790111857957346,normal,2026-07-22 10:34:36.915579
36,2,779,3,3,4,4,-1.465795312285928,-0.23764908312729716,-0.5790111857957346,normal,2026-07-22 10:35:36.915579
33,1,410,2,1,4,0,0.4961672301251876,-0.23764908312729716,-0.5790111857957346,normal,2026-07-22 10:36:36.915579
23,2,3903,0,0,3,4,1.373003311677757,-0.23764908312729716,-0.5790111857957346,normal,2026-07-22 10:36:36.915579
38,2,4598,3,0,4,1,-0.9516580334416036,-0.23764908312729716,-0.5790111857957346,normal,2026-07-22 10:40:36.915579
8,1,4378,2,0,4,4,-0.6554322252089319,-0.23764908312729716,-0.5790111857957346,normal,2026-07-22 10:41:36.915579
6,1,4867,2,0,4,4,-0.6563741502318651,-0.23764908312729716,-0.5790111857957346,normal,2026-07-22 10:41:36.915579
33,1,4721,1,2,3,0,0.598048916279189,-0.23764908312729716,-0.5790111857957346,normal,2026-07-22 10:46:36.915579
38,1,1164,2,1,4,4,0.04460068494714148,-0.23764908312729716,-0.5790111857957346,normal,2026-07-22 10:52:36.915579
26,2,2807,2,1,4,1,0.670702092282783,-0.09429439470059839,-0.5790111857957346,normal,2026-07-22 11:08:36.915579
29,2,453,0,1,4,0,1.6312061057193692,-0.09429439470059839,-0.5790111857957346,normal,2026-07-22 11:20:36.915579
19,2,2637,3,3,3,0,-1.1492412242215853,-0.09429439470059839,-0.5790111857957346,normal,2026-07-22 11:22:36.915579
25,2,2279,0,3,4,4,-1.6842546372476541,-0.09429439470059839,-0.5790111857957346,normal,2026-07-22 11:39:36.915579
14,1,3364,1,2,4,1,-1.3567819081011465,-0.09429439470059839,-0.5790111857957346,normal,2026-07-22 11:58:36.915579
11,2,1182,2,0,4,1,-0.29405019523682846,0.04906029372610037,-0.5790111857957346,normal,2026-07-22 12:13:36.915579
34,2,1339,1,0,3,1,0.8996763761739881,0.04906029372610037,-0.5790111857957346,normal,2026-07-22 12:24:36.915579
49,2,1220,1,1,4,0,0.15065375334556125,0.04906029372610037,-0.5790111857957346,normal,2026-07-22 12:28:36.915579
34,1,1816,0,0,3,0,1.105333210007683,0.04906029372610037,-0.5790111857957346,normal,2026-07-22 12:30:36.915579
44,1,2716,2,0,4,1,-1.4294446955845665,0.04906029372610037,-0.5790111857957346,normal,2026-07-22 12:32:36.915579
18,1,2327,3,3,3,4,-0.7317377635463486,0.04906029372610037,-0.5790111857957346,normal,2026-07-22 12:34:36.915579
25,1,339,1,3,4,0,-0.28638984581562665,0.04906029372610037,-0.5790111857957346,normal,2026-07-22 12:35:36.915579
30,1,1897,2,2,4,0,0.9005702437977919,0.04906029372610037,-0.5790111857957346,normal,2026-07-22 12:39:36.915579
8,1,3824,1,2,3,4,1.0458381498856764,0.04906029372610037,-0.5790111857957346,normal,2026-07-22 12:41:36.915579
1,0,2609,3,2,4,4,-0.15069497363428808,0.04906029372610037,-0.5790111857957346,normal,2026-07-22 12:56:36.915579
18,2,2912,0,2,4,4,0.8034077942382823,0.04906029372610037,-0.5790111857957346,normal,2026-07-22 12:58:36.915579
22,0,102,3,3,4,4,1.177717264576153,0.19241498215279915,-0.5790111857957346,normal,2026-07-22 13:15:36.915579
23,2,4201,3,3,4,0,0.6421944431193145,0.19241498215279915,-0.5790111857957346,normal,2026-07-22 13:31:36.915579
19,2,1750,2,1,3,1,1.0660510919594373,0.19241498215279915,-0.5790111857957346,normal,2026-07-22 13:35:36.915579
38,0,2091,0,2,4,1,-0.4005934491063668,0.19241498215279915,-0.5790111857957346,normal,2026-07-22 13:42:36.915579
28,0,4118,0,1,3,4,-1.1917431880114904,0.3357696705794979,-0.5790111857957346,normal,2026-07-22 14:13:36.915579
10,0,1912,1,2,4,4,-0.154645291842712,0.3357696705794979,-0.5790111857957346,normal,2026-07-22 14:17:36.915579
27,1,4089,1,2,3,0,1.0946356329615126,0.3357696705794979,-0.5790111857957346,normal,2026-07-22 14:19:36.915579
12,2,4186,1,3,4,1,0.3702856788460411,0.3357696705794979,-0.5790111857957346,normal,2026-07-22 14:44:36.915579
36,0,1704,3,1,4,0,0.08030733250017127,0.3357696705794979,-0.5790111857957346,normal,2026-07-22 14:47:36.915579
42,2,4833,2,1,4,1,0.6678763172139833,0.47912435900619665,-0.5790111857957346,normal,2026-07-22 15:02:36.915579
8,1,4823,2,2,3,1,-1.6521522946293177,0.47912435900619665,-0.5790111857957346,normal,2026-07-22 15:08:36.915579
24,0,2116,2,0,3,0,1.4896482308442622,0.47912435900619665,-0.5790111857957346,normal,2026-07-22 15:11:36.915579
10,2,4093,1,3,3,0,-0.7040855360873804,0.47912435900619665,-0.5790111857957346,normal,2026-07-22 15:12:36.915579
49,1,947,2,1,3,4,1.0312959809091669,0.47912435900619665,-0.5790111857957346,normal,2026-07-22 15:19:36.915579
9,1,1211,2,3,4,0,0.4148252763590259,0.47912435900619665,-0.5790111857957346,normal,2026-07-22 15:20:36.915579
14,0,4426,1,0,4,1,-1.2273825552057391,0.47912435900619665,-0.5790111857957346,normal,2026-07-22 15:22:36.915579
38,2,1168,1,1,4,1,0.1274612525257873,0.47912435900619665,-0.5790111857957346,normal,2026-07-22 15:47:36.915579
48,0,2717,3,2,3,4,0.6903575685266444,0.47912435900619665,-0.5790111857957346,normal,2026-07-22 15:56:36.915579
22,0,796,3,3,4,4,-1.096099352264465,0.47912435900619665,-0.5790111857957346,normal,2026-07-22 15:57:36.915579
49,1,3965,1,3,3,1,-0.4546580231267684,0.6224790474328954,-0.5790111857957346,normal,2026-07-22 16:00:36.915579
36,2,4845,2,1,4,1,1.3762519918588936,0.6224790474328954,-0.5790111857957346,normal,2026-07-22 16:01:36.915579
18,2,3877,1,3,3,0,0.8460635417054012,0.6224790474328954,-0.5790111857957346,normal,2026-07-22 16:03:36.915579
31,0,538,0,1,4,1,1.6998801290750614,0.6224790474328954,-0.5790111857957346,normal,2026-07-22 16:43:36.915579
4,2,2177,2,2,3,4,1.0672429154578424,0.6224790474328954,-0.5790111857957346,normal,2026-07-22 16:51:36.915579
6,2,972,2,2,3,1,0.051434447103320145,0.7658337358595942,-0.5790111857957346,normal,2026-07-22 17:02:36.915579
48,2,2303,1,0,4,4,-0.16937969041573872,0.7658337358595942,-0.5790111857957346,normal,2026-07-22 17:07:36.915579
32,1,4605,0,2,4,4,-0.582327309653523,0.7658337358595942,-0.5790111857957346,normal,2026-07-22 17:12:36.915579
10,1,138,3,2,4,4,-0.2677724093929569,0.7658337358595942,-0.5790111857957346,normal,2026-07-22 17:13:36.915579
20,1,4781,2,0,4,0,0.942505130277972,0.7658337358595942,-0.5790111857957346,normal,2026-07-22 17:48:36.915579
50,1,4069,3,3,4,4,0.3976976193093629,0.7658337358595942,-0.5790111857957346,normal,2026-07-22 17:49:36.915579
31,1,783,3,1,3,1,1.0105351844853323,0.909188424286293,-0.5790111857957346,normal,2026-07-22 18:00:36.915579
44,1,44,0,2,3,4,0.9172749957351178,0.909188424286293,-0.5790111857957346,normal,2026-07-22 18:18:36.915579
20,1,1353,1,3,3,1,0.19093546529569524,0.909188424286293,-0.5790111857957346,normal,2026-07-22 18:29:36.915579
24,0,2438,3,3,3,1,-0.5718700196029992,0.909188424286293,-0.5790111857957346,normal,2026-07-22 18:53:36.915579
31,2,2019,2,0,4,0,-0.06892050327596311,0.909188424286293,-0.5790111857957346,normal,2026-07-22 18:59:36.915579
21,1,470,1,3,4,0,-1.042957480307345,1.0525431127129916,-0.5790111857957346,normal,2026-07-22 19:03:36.915579
7,1,2795,2,3,4,0,0.19325183193372497,1.0525431127129916,-0.5790111857957346,normal,2026-07-22 19:15:36.915579
11,0,4541,0,0,3,4,0.17994954385474957,1.0525431127129916,-0.5790111857957346,normal,2026-07-22 19:15:36.915579
28,1,2210,3,3,4,4,1.2695645657919676,1.0525431127129916,-0.5790111857957346,normal,2026-07-22 19:19:36.915579
8,1,42,1,0,3,1,1.155976097210082,1.0525431127129916,-0.5790111857957346,normal,2026-07-22 19:20:36.915579
33,1,4457,2,1,3,4,-0.9650083789197081,1.0525431127129916,-0.5790111857957346,normal,2026-07-22 19:25:36.915579
12,1,2963,3,0,4,4,1.0490868300668135,1.0525431127129916,-0.5790111857957346,normal,2026-07-22 19:28:36.915579
0,2,2930,2,0,3,0,-0.7341790794221142,1.0525431127129916,-0.5790111857957346,normal,2026-07-22 19:29:36.915579
26,1,4423,1,2,3,0,-0.33887813714458914,1.0525431127129916,-0.5790111857957346,normal,2026-07-22 19:34:36.915579
21,1,1251,2,3,4,1,-0.6201388712884136,1.0525431127129916,-0.5790111857957346,normal,2026-07-22 19:35:36.915579
42,0,905,1,2,3,1,-0.13743113147461625,1.0525431127129916,-0.5790111857957346,normal,2026-07-22 19:42:36.915579
25,2,3198,3,2,3,0,0.4268204031816857,1.0525431127129916,-0.5790111857957346,normal,2026-07-22 19:53:36.915579
5,1,4381,3,2,4,0,1.0096605398211802,1.0525431127129916,-0.5790111857957346,normal,2026-07-22 19:56:36.915579
41,0,1262,3,1,3,4,1.5503255029848482,1.1958978011396906,-0.5790111857957346,normal,2026-07-22 20:27:36.915579
13,2,3503,0,3,4,4,1.350320219288753,1.1958978011396906,-0.5790111857957346,normal,2026-07-22 20:28:36.915579
44,1,2918,2,2,3,4,-1.2593022797073843,1.1958978011396906,-0.5790111857957346,normal,2026-07-22 20:29:36.915579
14,2,4879,2,0,4,1,-0.2340937840831814,1.1958978011396906,-0.5790111857957346,normal,2026-07-22 20:29:36.915579
48,2,1779,3,0,3,0,0.023436206370621597,1.1958978011396906,-0.5790111857957346,normal,2026-07-22 20:30:36.915579
20,1,1985,2,1,4,1,0.26496308291438586,1.1958978011396906,-0.5790111857957346,normal,2026-07-22 20:37:36.915579
6,1,2232,2,0,4,4,0.2566491528650262,1.1958978011396906,-0.5790111857957346,normal,2026-07-22 20:44:36.915579
13,0,3788,1,2,4,1,0.9781637204318724,1.1958978011396906,-0.5790111857957346,normal,2026-07-22 20:48:36.915579
27,0,3319,0,3,4,4,1.5356007158916476,1.1958978011396906,-0.5790111857957346,normal,2026-07-22 20:49:36.915579
39,0,590,0,1,3,0,1.1917788595613703,1.1958978011396906,-0.5790111857957346,normal,2026-07-22 20:54:36.915579
30,0,1761,2,1,3,1,1.3186215588231023,1.1958978011396906,-0.5790111857957346,normal,2026-07-22 20:56:36.915579
50,2,229,1,2,4,4,-0.1878337316813692,1.1958978011396906,-0.5790111857957346,normal,2026-07-22 20:59:36.915579
15,2,3882,1,1,3,0,0.0020506637581071702,1.3392524895663893,-0.5790111857957346,normal,2026-07-22 21:18:36.915579
49,0,2556,3,0,4,0,0.06302589177329443,1.3392524895663893,-0.5790111857957346,normal,2026-07-22 21:21:36.915579
15,2,3873,0,1,4,4,1.277003851177175,1.3392524895663893,-0.5790111857957346,normal,2026-07-22 21:22:36.915579
8,2,2104,0,3,4,1,-0.29918272546383207,1.3392524895663893,-0.5790111857957346,normal,2026-07-22 21:35:36.915579
5,2,4399,0,3,5,1,-1.5451476897281389,1.3392524895663893,-0.5790111857957346,insider_drift,2026-07-22 21:38:36.998575
21,1,310,1,2,4,1,0.4777900806981641,1.3392524895663893,-0.5790111857957346,normal,2026-07-22 21:57:36.915579
40,0,4613,0,3,3,4,-1.3149911938183543,1.482607177993088,-0.5790111857957346,normal,2026-07-22 22:03:36.915579
2,1,1435,3,1,4,1,0.37714827544169727,1.482607177993088,-0.5790111857957346,normal,2026-07-22 22:03:36.915579
37,1,3952,1,2,3,1,0.5453299494344063,1.482607177993088,-0.5790111857957346,normal,2026-07-22 22:10:36.915579
35,2,4466,3,0,3,4,-1.127663452012554,1.482607177993088,-0.5790111857957346,normal,2026-07-22 22:22:36.915579
1,0,1093,3,1,4,1,-0.7178491751979965,1.482607177993088,-0.5790111857957346,normal,2026-07-22 22:32:36.915579
40,2,946,1,1,4,4,1.393120138953259,1.482607177993088,-0.5790111857957346,normal,2026-07-22 22:34:36.915579
35,0,3995,0,3,4,0,-1.6305745224202863,1.6259618664197868,-0.5790111857957346,normal,2026-07-22 23:00:36.915579
39,2,1862,3,1,4,1,0.1799591553345754,1.6259618664197868,-0.5790111857957346,normal,2026-07-22 23:05:36.915579
41,2,3346,0,2,3,1,-0.12315808393323009,1.6259618664197868,-0.5790111857957346,normal,2026-07-22 23:09:36.915579
40,2,2388,3,3,3,1,1.0138607565050761,1.6259618664197868,-0.5790111857957346,normal,2026-07-22 23:10:36.915579
45,1,3713,0,3,3,0,-1.4602398769465872,1.6259618664197868,-0.5790111857957346,normal,2026-07-22 23:12:36.915579
24,1,609,0,2,3,0,-0.024102172848028486,1.6259618664197868,-0.5790111857957346,normal,2026-07-22 23:16:36.915579
17,0,2735,0,3,4,4,0.43527850542843316,1.6259618664197868,-0.5790111857957346,normal,2026-07-22 23:21:36.915579
1,0,2720,2,1,3,0,0.6836968130073311,1.6259618664197868,-0.5790111857957346,normal,2026-07-22 23:29:36.915579
26,1,1924,0,0,4,4,1.3974356933950656,1.6259618664197868,-0.5790111857957346,normal,2026-07-22 23:35:36.915579
40,2,4149,5,2,0,4,-1.7133485866804996,1.6259618664197868,-0.5790111857957346,low_and_slow,2026-07-22 23:38:36.998575
30,0,2542,1,2,4,4,0.73450309536677,1.6259618664197868,-0.5790111857957346,normal,2026-07-22 23:44:36.915579
1,2,2620,2,3,3,4,-1.5045584104235779,1.6259618664197868,-0.5790111857957346,normal,2026-07-22 23:52:36.915579
0,0,3409,1,1,4,4,-0.3980079610332133,-1.6711959673942849,-0.0836393018723879,normal,2026-07-23 00:13:36.915579
38,1,1815,0,0,3,1,-0.8640686177886401,-1.6711959673942849,-0.0836393018723879,normal,2026-07-23 00:27:36.915579
4,2,2647,3,2,4,1,-0.35898535294026573,-1.6711959673942849,-0.0836393018723879,normal,2026-07-23 00:33:36.915579
38,1,668,2,3,4,0,1.6662207267249376,-1.6711959673942849,-0.0836393018723879,normal,2026-07-23 00:51:36.915579
5,2,4350,0,2,4,1,0.39584260370297375,-1.527841278967586,-0.0836393018723879,normal,2026-07-23 01:00:36.915579
34,2,3209,2,2,3,1,0.7684796765511468,-1.527841278967586,-0.0836393018723879,normal,2026-07-23 01:05:36.915579
14,2,578,3,0,4,0,-1.5693974533287565,-1.527841278967586,-0.0836393018723879,normal,2026-07-23 01:07:36.915579
0,0,544,1,2,3,0,-1.4943894647678293,-1.527841278967586,-0.0836393018723879,normal,2026-07-23 01:10:36.915579
2,2,1053,2,1,4,4,1.6695366872648558,-1.527841278967586,-0.0836393018723879,normal,2026-07-23 01:12:36.915579
37,1,2309,1,1,3,4,-0.554924980670027,-1.527841278967586,-0.0836393018723879,normal,2026-07-23 01:44:36.915579
28,0,4980,1,3,4,1,-0.22086838784281293,-1.527841278967586,-0.0836393018723879,normal,2026-07-23 01:58:36.915579
33,0,718,2,0,4,0,1.6190475837396698,-1.3844865905408872,-0.0836393018723879,normal,2026-07-23 02:20:36.915579
26,2,2043,3,2,3,0,-1.2067563194994668,-1.3844865905408872,-0.0836393018723879,normal,2026-07-23 02:21:36.915579
7,2,3377,3,2,4,0,-1.6772959258537392,-1.3844865905408872,-0.0836393018723879,normal,2026-07-23 02:26:36.915579
3,2,769,2,1,4,1,1.5180982111287762,-1.3844865905408872,-0.0836393018723879,normal,2026-07-23 02:27:36.915579
25,0,4016,1,1,4,4,1.1003929093771965,-1.3844865905408872,-0.0836393018723879,normal,2026-07-23 02:28:36.915579
0,0,1734,0,2,3,0,-0.6458976372216896,-1.3844865905408872,-0.0836393018723879,normal,2026-07-23 02:44:36.915579
46,0,2328,2,3,4,1,0.9977711392766048,-1.2411319021141884,-0.0836393018723879,normal,2026-07-23 03:01:36.915579
13,2,1272,3,0,4,1,0.9998087729996847,-1.2411319021141884,-0.0836393018723879,normal,2026-07-23 03:06:36.915579
38,0,3822,2,1,4,1,-0.016297651229438836,-1.2411319021141884,-0.0836393018723879,normal,2026-07-23 03:12:36.915579
37,2,865,2,0,3,0,-1.4317995081418995,-1.2411319021141884,-0.0836393018723879,normal,2026-07-23 03:13:36.915579
24,2,1604,1,1,4,0,-1.6517197780371544,-1.2411319021141884,-0.0836393018723879,normal,2026-07-23 03:14:36.915579
45,0,3258,0,2,3,4,-0.6598823403683001,-1.2411319021141884,-0.0836393018723879,normal,2026-07-23 03:14:36.915579
15,1,4612,3,2,3,0,1.3775975990345126,-1.2411319021141884,-0.0836393018723879,normal,2026-07-23 03:20:36.915579
4,1,3773,0,1,3,4,-1.4050315368269095,-1.2411319021141884,-0.0836393018723879,normal,2026-07-23 03:21:36.915579
23,2,3178,0,0,3,0,-1.0916396256252712,-1.2411319021141884,-0.0836393018723879,normal,2026-07-23 03:23:36.915579
10,0,2357,3,0,4,0,0.5260589323835785,-1.2411319021141884,-0.0836393018723879,normal,2026-07-23 03:24:36.915579
25,2,1120,3,2,3,0,0.10324032336464732,-1.2411319021141884,-0.0836393018723879,normal,2026-07-23 03:31:36.915579
37,2,4438,1,2,4,4,-0.32475887328041664,-1.2411319021141884,-0.0836393018723879,normal,2026-07-23 03:35:36.915579
39,1,307,3,2,3,4,-1.5550090680294602,-1.0977772136874897,-0.0836393018723879,normal,2026-07-23 04:16:36.915579
9,2,81,1,3,4,1,0.5622942113270302,-1.0977772136874897,-0.0836393018723879,normal,2026-07-23 04:19:36.915579
50,0,265,3,2,3,0,0.30291881674666404,-1.0977772136874897,-0.0836393018723879,normal,2026-07-23 04:34:36.915579
15,0,4487,1,0,3,0,0.9983670510258074,-1.0977772136874897,-0.0836393018723879,normal,2026-07-23 04:42:36.915579
4,2,1662,2,1,3,1,-1.2134747438977351,-1.0977772136874897,-0.0836393018723879,normal,2026-07-23 04:48:36.915579
25,2,4820,1,0,4,0,-1.0511080151996652,-1.0977772136874897,-0.0836393018723879,normal,2026-07-23 04:50:36.915579
11,0,1019,3,2,3,4,0.4779246414157259,-1.0977772136874897,-0.0836393018723879,normal,2026-07-23 04:52:36.915579
6,1,353,3,3,4,1,-0.15400132269438002,-0.954422525260791,-0.0836393018723879,normal,2026-07-23 05:02:36.915579
9,0,1553,3,0,3,4,1.1975841933761833,-0.954422525260791,-0.0836393018723879,normal,2026-07-23 05:08:36.915579
40,1,4498,3,2,3,0,0.5544512437891369,-0.954422525260791,-0.0836393018723879,normal,2026-07-23 05:08:36.915579
47,1,4131,3,0,4,4,-0.17514657831124822,-0.954422525260791,-0.0836393018723879,normal,2026-07-23 05:18:36.915579
12,2,3458,3,1,4,0,0.5812096036243012,-0.954422525260791,-0.0836393018723879,normal,2026-07-23 05:30:36.915579
49,2,4213,3,3,4,0,-1.3555324157237862,-0.954422525260791,-0.0836393018723879,normal,2026-07-23 05:35:36.915579
0,1,1511,3,0,4,4,-0.5834902987124508,-0.954422525260791,-0.0836393018723879,normal,2026-07-23 05:37:36.915579
31,1,2619,0,1,4,0,0.955442182123565,-0.954422525260791,-0.0836393018723879,normal,2026-07-23 05:44:36.915579
1,0,237,2,3,4,0,1.418225324258377,-0.954422525260791,-0.0836393018723879,normal,2026-07-23 05:57:36.915579
15,0,442,3,2,4,0,1.6763608379412087,-0.8110678368340922,-0.0836393018723879,normal,2026-07-23 06:01:36.915579
43,2,1398,1,2,3,0,0.16363886259028348,-0.8110678368340922,-0.0836393018723879,normal,2026-07-23 06:04:36.915579
6,0,278,0,1,3,4,-0.4266213364747663,-0.8110678368340922,-0.0836393018723879,normal,2026-07-23 06:21:36.915579
9,0,2911,3,2,3,0,-1.5859195871493912,-0.8110678368340922,-0.0836393018723879,normal,2026-07-23 06:27:36.915579
42,1,854,2,0,4,1,0.9867467719163555,-0.8110678368340922,-0.0836393018723879,normal,2026-07-23 06:33:36.915579
8,2,3800,1,1,4,1,-0.8706717044289984,-0.8110678368340922,-0.0836393018723879,normal,2026-07-23 06:34:36.915579
37,1,1183,3,1,3,0,-0.5041763671895434,-0.8110678368340922,-0.0836393018723879,normal,2026-07-23 06:40:36.915579
14,0,3340,0,0,4,1,-0.7964230227743135,-0.8110678368340922,-0.0836393018723879,normal,2026-07-23 06:41:36.915579
15,1,3365,0,1,4,1,-1.6353994852928628,-0.8110678368340922,-0.0836393018723879,normal,2026-07-23 06:55:36.915579
36,1,1062,2,1,3,0,1.0131398955181374,-0.6677131484073935,-0.0836393018723879,normal,2026-07-23 07:04:36.915579
19,1,3848,0,1,3,0,0.30828202248948783,-0.6677131484073935,-0.0836393018723879,normal,2026-07-23 07:07:36.915579
13,1,3486,0,0,4,0,-0.1868341377794809,-0.6677131484073935,-0.0836393018723879,normal,2026-07-23 07:08:36.915579
50,2,2978,2,2,3,4,-0.7653875544166465,-0.6677131484073935,-0.0836393018723879,normal,2026-07-23 07:09:36.915579
11,0,3479,1,3,3,1,-1.2556979747726909,-0.6677131484073935,-0.0836393018723879,normal,2026-07-23 07:23:36.915579
40,0,2102,1,0,4,0,1.35991247615495,-0.6677131484073935,-0.0836393018723879,normal,2026-07-23 07:30:36.915579
50,2,1068,0,3,4,4,0.432029825247296,-0.6677131484073935,-0.0836393018723879,normal,2026-07-23 07:31:36.915579
21,2,4443,0,0,3,4,-1.0423038996791874,-0.6677131484073935,-0.0836393018723879,normal,2026-07-23 07:56:36.915579
16,2,3012,2,2,3,0,-0.48805791552159433,-0.5243584599806946,-0.0836393018723879,normal,2026-07-23 08:13:36.915579
29,2,1930,1,3,3,0,1.3993195434409316,-0.5243584599806946,-0.0836393018723879,normal,2026-07-23 08:41:36.915579
44,2,2965,0,3,3,1,-0.34095421678697263,-0.5243584599806946,-0.0836393018723879,normal,2026-07-23 08:53:36.915579
21,2,4088,3,1,4,0,-0.679508982172684,-0.5243584599806946,-0.0836393018723879,normal,2026-07-23 08:54:36.915579
44,2,356,1,0,4,1,1.1802739182098292,-0.5243584599806946,-0.0836393018723879,normal,2026-07-23 08:55:36.915579
16,2,70,1,3,4,1,-0.6087492676947824,-0.5243584599806946,-0.0836393018723879,normal,2026-07-23 08:58:36.915579
2,2,1735,3,2,3,1,1.5488645580513192,-0.3810037715539959,-0.0836393018723879,normal,2026-07-23 09:23:36.915579
24,1,3505,1,0,3,0,-1.648586435613928,-0.3810037715539959,-0.0836393018723879,normal,2026-07-23 09:43:36.915579
21,1,4616,1,1,4,1,0.5453395609142319,-0.3810037715539959,-0.0836393018723879,normal,2026-07-23 09:51:36.915579
41,0,2793,0,2,3,1,-0.8523618353607558,-0.23764908312729716,-0.0836393018723879,normal,2026-07-23 10:02:36.915579
10,1,3680,0,1,4,1,-1.3649805003925959,-0.23764908312729716,-0.0836393018723879,normal,2026-07-23 10:06:36.915579
44,2,912,3,0,4,1,-0.9063495175425506,-0.23764908312729716,-0.0836393018723879,normal,2026-07-23 10:10:36.915579
5,0,2851,3,1,4,4,-1.7130314078462465,-0.23764908312729716,-0.0836393018723879,normal,2026-07-23 10:18:36.915579
10,0,3240,0,2,3,1,-0.7106405653286095,-0.23764908312729716,-0.0836393018723879,normal,2026-07-23 10:19:36.915579
18,2,193,0,1,3,4,-0.8707293733079536,-0.23764908312729716,-0.0836393018723879,normal,2026-07-23 10:37:36.915579
15,1,1626,0,1,3,1,1.2086854525750392,-0.23764908312729716,-0.0836393018723879,normal,2026-07-23 10:37:36.915579
40,1,1748,1,0,4,4,-0.786388637836127,-0.23764908312729716,-0.0836393018723879,normal,2026-07-23 10:48:36.915579
41,0,440,3,3,3,4,1.0254810356145279,-0.09429439470059839,-0.0836393018723879,normal,2026-07-23 11:00:36.915579
37,1,2684,2,1,4,0,-0.9555218483315949,-0.09429439470059839,-0.0836393018723879,normal,2026-07-23 11:01:36.915579
7,1,4646,0,2,3,0,0.3491692576686502,-0.09429439470059839,-0.0836393018723879,normal,2026-07-23 11:12:36.915579
4,1,2311,2,1,4,1,-0.33215010126649475,-0.09429439470059839,-0.0836393018723879,normal,2026-07-23 11:17:36.915579
33,0,2379,0,2,3,4,0.5033950629542262,-0.09429439470059839,-0.0836393018723879,normal,2026-07-23 11:31:36.915579
24,1,238,1,1,4,4,1.1690188753337596,-0.09429439470059839,-0.0836393018723879,normal,2026-07-23 11:32:36.915579
22,0,2706,2,3,3,4,-1.5029340703330092,-0.09429439470059839,-0.0836393018723879,normal,2026-07-23 11:32:36.915579
19,0,4837,3,1,4,1,1.0775175873916751,-0.09429439470059839,-0.0836393018723879,normal,2026-07-23 11:43:36.915579
50,1,3915,1,0,3,1,1.0133994054734352,0.04906029372610037,-0.0836393018723879,normal,2026-07-23 12:17:36.915579
38,1,2816,1,2,3,4,-1.0406411136693154,0.04906029372610037,-0.0836393018723879,normal,2026-07-23 12:44:36.915579
46,0,2727,2,3,4,4,-1.3105410786589864,0.04906029372610037,-0.0836393018723879,normal,2026-07-23 12:46:36.915579
21,2,638,3,1,3,4,-0.6285008587369024,0.04906029372610037,-0.0836393018723879,normal,2026-07-23 12:48:36.915579
48,1,3476,0,3,3,0,0.3370107356889509,0.19241498215279915,-0.0836393018723879,normal,2026-07-23 13:09:36.915579
38,2,1615,1,3,3,1,1.5927890208554503,0.19241498215279915,-0.0836393018723879,normal,2026-07-23 13:14:36.915579
19,0,2377,3,0,4,1,0.4514450144955116,0.19241498215279915,-0.0836393018723879,normal,2026-07-23 13:21:36.915579
17,0,1202,3,2,4,4,0.10421108282705807,0.19241498215279915,-0.0836393018723879,normal,2026-07-23 13:21:36.915579
22,2,2348,3,0,4,4,-1.5720117758413874,0.19241498215279915,-0.0836393018723879,normal,2026-07-23 13:28:36.915579
34,1,1328,3,2,3,0,1.2893449912735657,0.19241498215279915,-0.0836393018723879,normal,2026-07-23 13:28:36.915579
10,2,4595,1,1,4,4,1.1966038224339466,0.19241498215279915,-0.0836393018723879,normal,2026-07-23 13:49:36.915579
41,2,2873,2,1,3,1,-0.5747054061516246,0.19241498215279915,-0.0836393018723879,normal,2026-07-23 13:50:36.915579
25,0,291,1,3,3,4,1.3135370859952276,0.19241498215279915,-0.0836393018723879,normal,2026-07-23 13:53:36.915579
17,0,4740,1,3,4,1,0.922993826231498,0.19241498215279915,-0.0836393018723879,normal,2026-07-23 13:54:36.915579
31,0,1041,3,2,3,0,0.09281186775360105,0.19241498215279915,-0.0836393018723879,normal,2026-07-23 13:56:36.915579
24,1,3316,2,3,4,1,0.012882801521839179,0.3357696705794979,-0.0836393018723879,normal,2026-07-23 14:11:36.915579
18,2,1929,3,1,3,4,1.5903092590603807,0.3357696705794979,-0.0836393018723879,normal,2026-07-23 14:14:36.915579
45,2,2170,0,2,3,0,1.5365426409145808,0.3357696705794979,-0.0836393018723879,normal,2026-07-23 14:38:36.915579
9,0,3978,0,2,3,4,1.6413846628549436,0.3357696705794979,-0.0836393018723879,normal,2026-07-23 14:40:36.915579
17,2,1519,0,2,3,4,0.029664445297771885,0.3357696705794979,-0.0836393018723879,normal,2026-07-23 14:40:36.915579
49,0,2800,0,2,3,4,-1.3938149398701434,0.3357696705794979,-0.0836393018723879,normal,2026-07-23 14:40:36.915579
33,1,3774,2,1,4,0,0.6604274203489502,0.3357696705794979,-0.0836393018723879,normal,2026-07-23 14:51:36.915579
12,2,971,3,2,3,4,0.673816211746358,0.47912435900619665,-0.0836393018723879,normal,2026-07-23 15:03:36.915579
17,0,2750,1,3,4,4,-1.644684174804633,0.47912435900619665,-0.0836393018723879,normal,2026-07-23 15:25:36.915579
35,0,2970,0,3,4,4,1.381201903969206,0.47912435900619665,-0.0836393018723879,normal,2026-07-23 15:32:36.915579
42,2,1466,3,3,4,4,-0.6055101989934714,0.47912435900619665,-0.0836393018723879,normal,2026-07-23 15:53:36.915579
34,2,3124,0,0,4,0,-0.5829424443623774,0.47912435900619665,-0.0836393018723879,normal,2026-07-23 15:58:36.915579
43,0,3399,2,1,4,0,-0.05091820156214757,0.47912435900619665,-0.0836393018723879,normal,2026-07-23 15:59:36.915579
48,1,3328,0,2,4,1,0.5384481298790984,0.6224790474328954,-0.0836393018723879,normal,2026-07-23 16:02:36.915579
9,2,636,2,3,4,4,1.1596572939833825,0.6224790474328954,-0.0836393018723879,normal,2026-07-23 16:06:36.915579
41,0,1508,0,0,4,1,0.4763483587242867,0.6224790474328954,-0.0836393018723879,normal,2026-07-23 16:07:36.915579
33,1,2691,2,1,4,4,0.30561003109790197,0.6224790474328954,-0.0836393018723879,normal,2026-07-23 16:09:36.915579
38,0,702,0,2,4,1,0.7049766293417611,0.6224790474328954,-0.0836393018723879,normal,2026-07-23 16:10:36.915579
12,2,360,0,0,4,0,0.816902311913775,0.6224790474328954,-0.0836393018723879,normal,2026-07-23 16:14:36.915579
5,0,4505,0,0,3,0,0.6717497435838007,0.6224790474328954,-0.0836393018723879,normal,2026-07-23 16:29:36.915579
1,1,1300,2,0,4,4,0.638849648139919,0.6224790474328954,-0.0836393018723879,normal,2026-07-23 16:34:36.915579
5,1,1986,2,3,4,1,0.6972970569609078,0.6224790474328954,-0.0836393018723879,normal,2026-07-23 16:38:36.915579
5,1,1056,3,2,3,4,0.4575098582656224,0.6224790474328954,-0.0836393018723879,normal,2026-07-23 16:59:36.915579
27,2,2846,0,1,3,0,-1.6642627592098878,0.7658337358595942,-0.0836393018723879,normal,2026-07-23 17:17:36.915579
6,0,4158,3,0,3,4,-0.6768850481802273,0.7658337358595942,-0.0836393018723879,normal,2026-07-23 17:24:36.915579
24,0,4951,3,0,4,4,-0.5486390728639217,0.7658337358595942,-0.0836393018723879,normal,2026-07-23 17:36:36.915579
11,0,3557,1,3,4,4,1.3812403498885093,0.7658337358595942,-0.0836393018723879,normal,2026-07-23 17:36:36.915579
21,1,4948,1,2,4,0,0.5872360014751086,0.7658337358595942,-0.0836393018723879,normal,2026-07-23 17:55:36.915579
49,1,1242,1,2,4,0,1.6357042782778664,0.909188424286293,-0.0836393018723879,normal,2026-07-23 18:19:36.915579
1,0,524,2,3,3,0,-0.4514093429456313,0.909188424286293,-0.0836393018723879,normal,2026-07-23 18:26:36.915579
31,0,625,1,1,3,1,-1.2681063952278622,1.0525431127129916,-0.0836393018723879,normal,2026-07-23 19:13:36.915579
11,1,4233,1,3,3,4,1.0119961294188617,1.0525431127129916,-0.0836393018723879,normal,2026-07-23 19:20:36.915579
13,0,1374,3,2,3,4,0.6175217744063596,1.0525431127129916,-0.0836393018723879,normal,2026-07-23 19:34:36.915579
8,2,4689,1,2,4,1,1.7153353886350273,1.0525431127129916,-0.0836393018723879,normal,2026-07-23 19:48:36.915579
6,1,1269,1,3,3,1,1.4682530767519222,1.0525431127129916,-0.0836393018723879,normal,2026-07-23 19:55:36.915579
38,2,4849,3,0,3,0,-0.4356849619505421,1.1958978011396906,-0.0836393018723879,normal,2026-07-23 20:01:36.915579
46,0,1575,1,0,3,1,-1.0743581848983943,1.1958978011396906,-0.0836393018723879,normal,2026-07-23 20:03:36.915579
4,2,4815,1,3,3,1,-1.6173971835790473,1.1958978011396906,-0.0836393018723879,normal,2026-07-23 20:07:36.915579
5,2,4021,3,0,4,4,1.2312051498070038,1.1958978011396906,-0.0836393018723879,normal,2026-07-23 20:08:36.915579
1,1,1444,1,2,3,4,0.5075568337188188,1.1958978011396906,-0.0836393018723879,normal,2026-07-23 20:09:36.915579
25,2,3855,0,0,3,4,-0.342069148446771,1.1958978011396906,-0.0836393018723879,normal,2026-07-23 20:26:36.915579
25,2,1726,0,3,4,4,-1.6536132395628467,1.1958978011396906,-0.0836393018723879,normal,2026-07-23 20:27:36.915579
8,2,642,0,0,3,4,0.03743052099705795,1.1958978011396906,-0.0836393018723879,normal,2026-07-23 20:34:36.915579
31,1,607,0,2,3,0,0.16887711909537134,1.1958978011396906,-0.0836393018723879,normal,2026-07-23 20:39:36.915579
41,2,2288,2,3,3,1,0.08847709035214307,1.1958978011396906,-0.0836393018723879,normal,2026-07-23 20:42:36.915579
11,2,361,0,1,3,0,1.4447530085777212,1.1958978011396906,-0.0836393018723879,normal,2026-07-23 20:50:36.915579
19,1,1469,1,3,3,1,1.2739858465118585,1.1958978011396906,-0.0836393018723879,normal,2026-07-23 20:52:36.915579
42,0,149,3,3,4,0,-0.03614535706981748,1.1958978011396906,-0.0836393018723879,normal,2026-07-23 20:56:36.915579
16,1,4559,2,2,4,0,-0.8340135203732096,1.3392524895663893,-0.0836393018723879,normal,2026-07-23 21:15:36.915579
30,0,4846,2,2,3,0,0.9860451338890689,1.3392524895663893,-0.0836393018723879,normal,2026-07-23 21:17:36.915579
0,0,476,3,1,3,1,-0.6235221121871125,1.3392524895663893,-0.0836393018723879,normal,2026-07-23 21:27:36.915579
48,2,2149,3,1,3,4,-1.4948988731985993,1.3392524895663893,-0.0836393018723879,normal,2026-07-23 21:27:36.915579
10,0,2563,0,2,3,4,-0.7873786202581895,1.3392524895663893,-0.0836393018723879,normal,2026-07-23 21:27:36.915579
34,2,3708,3,0,4,0,1.1804949822458237,1.3392524895663893,-0.0836393018723879,normal,2026-07-23 21:29:36.915579
35,1,3023,3,1,4,0,0.052933837956152786,1.3392524895663893,-0.0836393018723879,normal,2026-07-23 21:32:36.915579
43,0,1733,3,2,3,4,0.5353820678146525,1.3392524895663893,-0.0836393018723879,normal,2026-07-23 21:33:36.915579
39,0,3215,3,1,4,0,-0.5863929656198572,1.3392524895663893,-0.0836393018723879,normal,2026-07-23 21:33:36.915579
5,2,697,0,3,5,1,-1.5355362099022898,1.3392524895663893,-0.0836393018723879,insider_drift,2026-07-23 21:38:36.998575
33,2,2877,2,3,3,4,-0.09618827154189734,1.3392524895663893,-0.0836393018723879,normal,2026-07-23 21:40:36.915579
40,0,3044,1,0,3,4,1.6625491414314635,1.3392524895663893,-0.0836393018723879,normal,2026-07-23 21:43:36.915579
29,2,311,1,2,4,0,-1.7017475305306997,1.482607177993088,-0.0836393018723879,normal,2026-07-23 22:10:36.915579
47,2,1901,1,3,3,4,-0.04596828945183537,1.482607177993088,-0.0836393018723879,normal,2026-07-23 22:18:36.915579
10,2,4854,0,0,4,1,1.6174232436491012,1.482607177993088,-0.0836393018723879,normal,2026-07-23 22:18:36.915579
7,2,2047,2,2,3,0,-0.6930996146464349,1.482607177993088,-0.0836393018723879,normal,2026-07-23 22:27:36.915579
25,1,1186,3,1,3,4,0.261368389459518,1.482607177993088,-0.0836393018723879,normal,2026-07-23 22:35:36.915579
30,0,2014,3,0,4,4,-1.3500827066625296,1.482607177993088,-0.0836393018723879,normal,2026-07-23 22:53:36.915579
3,2,1676,0,0,3,1,-0.14950315013588278,1.482607177993088,-0.0836393018723879,normal,2026-07-23 22:56:36.915579
40,0,2704,0,3,3,0,-1.5089412452241648,1.6259618664197868,-0.0836393018723879,normal,2026-07-23 23:09:36.915579
22,0,2393,2,3,3,0,-0.5704379091089476,1.6259618664197868,-0.0836393018723879,normal,2026-07-23 23:26:36.915579
40,2,1566,0,1,4,1,1.4337766986166012,1.6259618664197868,-0.0836393018723879,normal,2026-07-23 23:36:36.915579
40,2,145,5,2,0,4,-1.7133485866804996,1.6259618664197868,-0.0836393018723879,low_and_slow,2026-07-23 23:38:36.998575
42,0,1802,0,2,3,1,1.7270229481032597,1.6259618664197868,-0.0836393018723879,normal,2026-07-23 23:40:36.915579
13,0,2412,0,0,4,0,0.04427389463306268,1.6259618664197868,-0.0836393018723879,normal,2026-07-23 23:41:36.915579
22,2,738,0,1,4,4,1.5918470958325168,1.6259618664197868,-0.0836393018723879,normal,2026-07-23 23:44:36.915579
6,2,47,1,3,3,0,1.411545345779412,1.6259618664197868,-0.0836393018723879,normal,2026-07-23 23:44:36.915579
36,2,3293,0,2,4,1,0.8117697816867715,1.6259618664197868,-0.0836393018723879,normal,2026-07-23 23:48:36.915579
40,1,2926,1,0,3,1,-0.20277958281056463,1.6259618664197868,-0.0836393018723879,normal,2026-07-23 23:50:36.915579
33,0,876,0,0,4,0,0.40357023348295645,-1.6711959673942849,0.41173258205095886,normal,2026-07-24 00:02:36.915579
36,0,1827,2,3,3,4,1.3876223724928736,-1.6711959673942849,0.41173258205095886,normal,2026-07-24 00:03:36.915579
2,1,3980,1,3,3,4,1.7192184264846702,-1.6711959673942849,0.41173258205095886,normal,2026-07-24 00:22:36.915579
21,2,3854,1,1,3,1,1.2527252531370798,-1.6711959673942849,0.41173258205095886,normal,2026-07-24 00:37:36.915579
46,1,4822,1,0,4,0,1.454056921049143,-1.6711959673942849,0.41173258205095886,normal,2026-07-24 00:43:36.915579
21,1,197,0,2,3,1,0.07176272693499125,-1.6711959673942849,0.41173258205095886,normal,2026-07-24 00:48:36.915579
19,0,4962,3,0,4,0,0.9674661433857021,-1.6711959673942849,0.41173258205095886,normal,2026-07-24 00:48:36.915579
7,0,2785,2,2,3,4,-1.2870217875251333,-1.6711959673942849,0.41173258205095886,normal,2026-07-24 00:50:36.915579
8,2,4386,0,0,4,0,-1.2682794018647274,-1.6711959673942849,0.41173258205095886,normal,2026-07-24 00:59:36.915579
38,1,4097,2,0,3,1,-1.2471245347680333,-1.527841278967586,0.41173258205095886,normal,2026-07-24 01:03:36.915579
6,1,2052,0,0,4,0,-0.960366034163823,-1.527841278967586,0.41173258205095886,normal,2026-07-24 01:23:36.915579
8,0,3429,2,3,4,4,-1.06570785305513,-1.527841278967586,0.41173258205095886,normal,2026-07-24 01:48:36.915579
1,1,4963,1,1,4,1,-0.7625137219487176,-1.527841278967586,0.41173258205095886,normal,2026-07-24 01:59:36.915579
31,2,3064,3,1,4,0,0.7128195968796539,-1.3844865905408872,0.41173258205095886,normal,2026-07-24 02:02:36.915579
37,0,112,3,0,4,4,-1.4794916710377632,-1.3844865905408872,0.41173258205095886,normal,2026-07-24 02:14:36.915579
11,0,396,2,0,4,4,0.09537813286710263,-1.3844865905408872,0.41173258205095886,normal,2026-07-24 02:22:36.915579
47,0,420,1,3,3,4,0.068341040116989,-1.3844865905408872,0.41173258205095886,normal,2026-07-24 02:24:36.915579
15,0,4239,1,3,3,0,-0.04846727420655607,-1.3844865905408872,0.41173258205095886,normal,2026-07-24 02:29:36.915579
13,2,3422,1,0,4,0,-1.2341105910838337,-1.3844865905408872,0.41173258205095886,normal,2026-07-24 02:39:36.915579
49,1,2990,1,1,3,0,-1.485604572207003,-1.3844865905408872,0.41173258205095886,normal,2026-07-24 02:42:36.915579
19,0,3771,2,0,4,4,0.9933018011575848,-1.3844865905408872,0.41173258205095886,normal,2026-07-24 02:45:36.915579
5,0,1332,2,1,3,4,-1.209678209366525,-1.3844865905408872,0.41173258205095886,normal,2026-07-24 02:47:36.915579
21,2,1141,0,0,3,1,1.2347325629030905,-1.3844865905408872,0.41173258205095886,normal,2026-07-24 02:48:36.915579
4,2,1230,2,3,3,1,-0.7332179314395293,-1.2411319021141884,0.41173258205095886,normal,2026-07-24 03:12:36.915579
36,2,983,1,0,3,1,0.5931951189671354,-1.2411319021141884,0.41173258205095886,normal,2026-07-24 03:15:36.915579
49,1,1465,1,3,4,1,-0.09643817001736942,-1.2411319021141884,0.41173258205095886,normal,2026-07-24 03:38:36.915579
49,2,4960,0,2,3,4,-1.2415594879488667,-1.2411319021141884,0.41173258205095886,normal,2026-07-24 03:41:36.915579
33,1,2162,1,1,3,0,1.559725530254529,-1.0977772136874897,0.41173258205095886,normal,2026-07-24 04:18:36.915579
45,2,4458,1,1,3,1,1.2777631580834172,-1.0977772136874897,0.41173258205095886,normal,2026-07-24 04:26:36.915579
14,1,2302,3,2,3,4,0.34406556188112436,-1.0977772136874897,0.41173258205095886,normal,2026-07-24 04:34:36.915579
43,2,1347,0,3,4,1,1.366861576069039,-1.0977772136874897,0.41173258205095886,normal,2026-07-24 04:42:36.915579
6,0,2692,2,0,4,0,0.7788120173639347,-1.0977772136874897,0.41173258205095886,normal,2026-07-24 04:51:36.915579
48,1,1379,2,3,4,0,0.3146255991745482,-0.954422525260791,0.41173258205095886,normal,2026-07-24 05:00:36.915579
30,0,186,1,3,3,1,0.08946707277420551,-0.954422525260791,0.41173258205095886,normal,2026-07-24 05:00:36.915579
42,0,1877,2,3,3,0,-1.378225119592616,-0.954422525260791,0.41173258205095886,normal,2026-07-24 05:14:36.915579
0,0,4460,0,0,4,1,-0.29199333855409687,-0.8110678368340922,0.41173258205095886,normal,2026-07-24 06:01:36.915579
36,1,4113,0,2,4,1,1.6273903482285073,-0.8110678368340922,0.41173258205095886,normal,2026-07-24 06:11:36.915579
29,1,982,3,0,4,0,-0.054186104702936375,-0.8110678368340922,0.41173258205095886,normal,2026-07-24 06:59:36.915579
8,0,2685,1,2,4,0,0.31341455271649143,-0.6677131484073935,0.41173258205095886,normal,2026-07-24 07:00:36.915579
47,0,2001,1,0,4,4,-1.5263188007493005,-0.6677131484073935,0.41173258205095886,normal,2026-07-24 07:31:36.915579
4,1,1134,3,0,4,1,0.7211911958079685,-0.5243584599806946,0.41173258205095886,normal,2026-07-24 08:01:36.915579
43,0,1701,3,2,4,1,0.3189507650961803,-0.5243584599806946,0.41173258205095886,normal,2026-07-24 08:15:36.915579
26,1,4188,0,2,3,1,-0.2935984556850135,-0.5243584599806946,0.41173258205095886,normal,2026-07-24 08:16:36.915579
28,2,4219,1,1,4,4,-0.06776712569686137,-0.5243584599806946,0.41173258205095886,normal,2026-07-24 08:34:36.915579
25,0,1261,3,3,4,4,1.1676444337186629,-0.5243584599806946,0.41173258205095886,normal,2026-07-24 08:48:36.915579
31,2,48,3,1,4,0,1.5271233906852484,-0.5243584599806946,0.41173258205095886,normal,2026-07-24 08:50:36.915579
16,1,1279,1,3,3,4,-1.301506287622688,-0.5243584599806946,0.41173258205095886,normal,2026-07-24 08:57:36.915579
24,2,886,3,2,4,0,-0.7799777807922855,-0.5243584599806946,0.41173258205095886,normal,2026-07-24 08:57:36.915579
31,2,2284,1,2,3,0,-1.5124782698000774,-0.3810037715539959,0.41173258205095886,normal,2026-07-24 09:03:36.915579
47,1,4477,0,2,4,0,-1.3977844810382192,-0.3810037715539959,0.41173258205095886,normal,2026-07-24 09:03:36.915579
14,0,1003,0,1,3,1,1.4550276805115534,-0.3810037715539959,0.41173258205095886,normal,2026-07-24 09:04:36.915579
30,0,1071,3,2,3,1,0.17840209560278797,-0.3810037715539959,0.41173258205095886,normal,2026-07-24 09:14:36.915579
31,1,3719,1,3,3,0,-0.19335072110140664,-0.3810037715539959,0.41173258205095886,normal,2026-07-24 09:36:36.915579
18,1,4401,3,2,4,1,-0.31157192295935154,-0.3810037715539959,0.41173258205095886,normal,2026-07-24 09:51:36.915579
1,0,3168,1,0,4,1,0.6465292205207722,-0.3810037715539959,0.41173258205095886,normal,2026-07-24 09:59:36.915579
25,0,3780,3,3,3,0,1.6964199963377558,-0.23764908312729716,0.41173258205095886,normal,2026-07-24 10:01:36.915579
27,1,4694,0,3,4,1,-0.48008038726613955,-0.23764908312729716,0.41173258205095886,normal,2026-07-24 10:02:36.915579
43,1,866,3,3,3,4,0.24772969958663799,-0.23764908312729716,0.41173258205095886,normal,2026-07-24 10:05:36.915579
12,1,3100,3,2,3,1,0.47729028374721993,-0.23764908312729716,0.41173258205095886,normal,2026-07-24 10:10:36.915579
4,1,2641,3,1,4,4,1.4320466322479481,-0.23764908312729716,0.41173258205095886,normal,2026-07-24 10:18:36.915579
17,1,4435,1,2,4,0,-1.0631800338609316,-0.23764908312729716,0.41173258205095886,normal,2026-07-24 10:26:36.915579
47,0,4161,1,0,4,4,-0.06372069269017884,-0.23764908312729716,0.41173258205095886,normal,2026-07-24 10:33:36.915579
2,0,1250,2,2,3,0,0.34803510304920016,-0.23764908312729716,0.41173258205095886,normal,2026-07-24 10:36:36.915579
19,0,2577,0,1,3,4,1.2422679630865563,-0.23764908312729716,0.41173258205095886,normal,2026-07-24 10:47:36.915579
17,1,976,1,3,4,0,-0.4244203075946469,-0.23764908312729716,0.41173258205095886,normal,2026-07-24 10:50:36.915579
26,2,1147,2,3,4,0,1.7016486413630179,-0.23764908312729716,0.41173258205095886,normal,2026-07-24 10:57:36.915579
23,1,1919,2,3,3,4,0.41801628766120796,-0.09429439470059839,0.41173258205095886,normal,2026-07-24 11:01:36.915579
33,1,1609,2,1,3,0,0.0954165787864062,-0.09429439470059839,0.41173258205095886,normal,2026-07-24 11:02:36.915579
17,0,2414,3,0,3,0,1.1568315189145826,-0.09429439470059839,0.41173258205095886,normal,2026-07-24 11:09:36.915579
37,0,606,0,3,4,0,0.14166701970839235,-0.09429439470059839,0.41173258205095886,normal,2026-07-24 11:15:36.915579
45,0,3249,3,2,4,4,-1.0358065393169131,-0.09429439470059839,0.41173258205095886,normal,2026-07-24 11:35:36.915579
18,1,2398,1,3,3,1,0.5893985844359246,-0.09429439470059839,0.41173258205095886,normal,2026-07-24 11:44:36.915579
18,2,1311,0,3,3,0,-1.6388019491512134,-0.09429439470059839,0.41173258205095886,normal,2026-07-24 11:51:36.915579
6,1,2317,3,0,3,1,0.7113490404662992,-0.09429439470059839,0.41173258205095886,normal,2026-07-24 11:54:36.915579
6,1,1420,3,1,4,0,-1.6026627850060202,0.04906029372610037,0.41173258205095886,normal,2026-07-24 12:05:36.915579
5,1,2469,3,3,3,0,0.7657596277604315,0.04906029372610037,0.41173258205095886,normal,2026-07-24 12:11:36.915579
31,0,3471,2,0,3,0,-1.5678788395162722,0.04906029372610037,0.41173258205095886,normal,2026-07-24 12:15:36.915579
31,2,789,1,1,4,1,1.2446227756438892,0.04906029372610037,0.41173258205095886,normal,2026-07-24 12:20:36.915579
3,2,4224,2,3,3,0,1.143173606082051,0.04906029372610037,0.41173258205095886,normal,2026-07-24 12:22:36.915579
31,1,4141,1,0,3,4,-1.344979010875004,0.04906029372610037,0.41173258205095886,normal,2026-07-24 12:22:36.915579
28,2,4569,2,0,4,4,0.8408445081599653,0.04906029372610037,0.41173258205095886,normal,2026-07-24 12:23:36.915579
25,1,1842,1,3,4,4,-1.1151204708398206,0.04906029372610037,0.41173258205095886,normal,2026-07-24 12:27:36.915579
2,2,646,2,0,3,0,-1.0366811839810655,0.04906029372610037,0.41173258205095886,normal,2026-07-24 12:42:36.915579
24,0,994,0,1,4,4,0.2976709487617504,0.04906029372610037,0.41173258205095886,normal,2026-07-24 12:53:36.915579
31,1,3386,3,1,4,0,1.2696895150297038,0.04906029372610037,0.41173258205095886,normal,2026-07-24 12:53:36.915579
12,1,30,2,1,4,4,0.45383827297214785,0.04906029372610037,0.41173258205095886,normal,2026-07-24 12:57:36.915579
2,1,2886,3,0,3,0,0.9943686754182542,0.19241498215279915,0.41173258205095886,normal,2026-07-24 13:00:36.915579
16,2,1077,0,0,4,4,-0.06276915618741975,0.19241498215279915,0.41173258205095886,normal,2026-07-24 13:01:36.915579
38,1,4631,1,3,4,0,1.4425615911774272,0.19241498215279915,0.41173258205095886,normal,2026-07-24 13:17:36.915579
45,1,3808,0,3,4,1,-0.9008229166426873,0.19241498215279915,0.41173258205095886,normal,2026-07-24 13:32:36.915579
12,2,2580,1,0,3,1,1.2220357980531436,0.19241498215279915,0.41173258205095886,normal,2026-07-24 13:32:36.915579
5,1,4392,1,2,4,0,-0.9658541891443828,0.19241498215279915,0.41173258205095886,normal,2026-07-24 13:35:36.915579
14,1,2364,0,1,3,4,-0.24895313189394427,0.3357696705794979,0.41173258205095886,normal,2026-07-24 14:07:36.915579
1,2,3224,3,3,3,1,-0.43787637935083573,0.3357696705794979,0.41173258205095886,normal,2026-07-24 14:19:36.915579
2,1,487,3,0,4,1,-1.1156875481495458,0.3357696705794979,0.41173258205095886,normal,2026-07-24 14:19:36.915579
50,0,258,1,0,4,4,-1.2611957412330765,0.3357696705794979,0.41173258205095886,normal,2026-07-24 14:24:36.915579
9,1,3114,1,3,3,0,-0.4815221092400169,0.3357696705794979,0.41173258205095886,normal,2026-07-24 14:26:36.915579
9,0,399,2,2,3,1,0.968581075045501,0.3357696705794979,0.41173258205095886,normal,2026-07-24 14:42:36.915579
18,0,329,1,1,3,0,-0.00855079848980445,0.3357696705794979,0.41173258205095886,normal,2026-07-24 14:46:36.915579
8,2,696,3,1,3,0,1.5943653035468892,0.47912435900619665,0.41173258205095886,normal,2026-07-24 15:00:36.915579
45,0,465,3,3,3,1,-0.025120989709568445,0.47912435900619665,0.41173258205095886,normal,2026-07-24 15:15:36.915579
27,0,1685,2,3,4,1,1.1186547210463098,0.47912435900619665,0.41173258205095886,normal,2026-07-24 15:16:36.915579
19,1,834,2,0,3,0,1.0269035346287536,0.47912435900619665,0.41173258205095886,normal,2026-07-24 15:17:36.915579
11,2,3836,2,3,4,1,0.0062508804420031575,0.47912435900619665,0.41173258205095886,normal,2026-07-24 15:22:36.915579
50,0,2648,1,2,3,1,0.03955465803857065,0.47912435900619665,0.41173258205095886,normal,2026-07-24 15:33:36.915579
14,2,2522,1,0,3,1,1.5536222405651148,0.47912435900619665,0.41173258205095886,normal,2026-07-24 15:36:36.915579
36,2,1863,2,2,4,0,-0.7627828433838414,0.47912435900619665,0.41173258205095886,normal,2026-07-24 15:39:36.915579
33,0,3143,3,1,3,4,-0.42502583082367523,0.47912435900619665,0.41173258205095886,normal,2026-07-24 15:43:36.915579
3,2,60,2,0,4,4,-1.7106862067687394,0.47912435900619665,0.41173258205095886,normal,2026-07-24 15:58:36.915579
36,1,3082,3,2,3,4,0.937286096732536,0.47912435900619665,0.41173258205095886,normal,2026-07-24 15:58:36.915579
34,0,583,2,3,4,0,-1.4700820322882566,0.47912435900619665,0.41173258205095886,normal,2026-07-24 15:58:36.915579
46,0,1114,3,3,4,0,1.7162388677386566,0.7658337358595942,0.41173258205095886,normal,2026-07-24 17:08:36.915579
2,0,3707,3,2,4,1,-0.12078404841624532,0.7658337358595942,0.41173258205095886,normal,2026-07-24 17:19:36.915579
37,0,1294,0,0,4,4,-1.6566793016272927,0.7658337358595942,0.41173258205095886,normal,2026-07-24 17:20:36.915579
37,0,2072,2,3,4,4,0.754754483359834,0.7658337358595942,0.41173258205095886,normal,2026-07-24 17:33:36.915579
25,1,1720,3,2,3,4,-1.3059467913022302,0.7658337358595942,0.41173258205095886,normal,2026-07-24 17:49:36.915579
35,2,2811,1,2,4,0,-0.644648144844329,0.909188424286293,0.41173258205095886,normal,2026-07-24 18:03:36.915579
48,2,4733,1,2,3,4,-0.7731344071562809,0.909188424286293,0.41173258205095886,normal,2026-07-24 18:13:36.915579
50,1,4366,2,0,3,1,0.7982752640112792,0.909188424286293,0.41173258205095886,normal,2026-07-24 18:21:36.915579
6,2,3899,2,3,3,1,1.3587398756161966,0.909188424286293,0.41173258205095886,normal,2026-07-24 18:26:36.915579
20,0,4153,1,2,3,1,1.0058640052899699,0.909188424286293,0.41173258205095886,normal,2026-07-24 18:28:36.915579
6,0,426,2,3,3,1,-1.659341681539053,0.909188424286293,0.41173258205095886,normal,2026-07-24 18:35:36.915579
34,1,4560,2,2,4,1,-0.21942666586893556,0.909188424286293,0.41173258205095886,normal,2026-07-24 18:56:36.915579
16,1,2611,2,1,4,0,0.700766801178039,0.909188424286293,0.41173258205095886,normal,2026-07-24 18:56:36.915579
31,0,3540,1,3,3,4,0.8600963022511409,1.0525431127129916,0.41173258205095886,normal,2026-07-24 19:07:36.915579
36,0,2022,1,2,3,0,1.4727608607902456,1.0525431127129916,0.41173258205095886,normal,2026-07-24 19:13:36.915579
16,1,1158,2,0,3,1,0.27718888525286584,1.0525431127129916,0.41173258205095886,normal,2026-07-24 19:16:36.915579
24,1,906,2,0,3,1,0.5889564563639356,1.0525431127129916,0.41173258205095886,normal,2026-07-24 19:18:36.915579
15,0,4398,0,1,4,4,0.5272795903214613,1.0525431127129916,0.41173258205095886,normal,2026-07-24 19:26:36.915579
49,0,4291,1,1,3,4,-1.6133026931732355,1.0525431127129916,0.41173258205095886,normal,2026-07-24 19:50:36.915579
0,1,747,2,1,4,4,-1.4667372373088614,1.1958978011396906,0.41173258205095886,normal,2026-07-24 20:08:36.915579
21,0,1310,2,1,3,4,-1.6109863265352058,1.1958978011396906,0.41173258205095886,normal,2026-07-24 20:09:36.915579
42,0,1970,1,2,3,0,-1.3198834370497114,1.1958978011396906,0.41173258205095886,normal,2026-07-24 20:14:36.915579
5,0,2055,0,0,3,4,-1.2829465200789731,1.1958978011396906,0.41173258205095886,normal,2026-07-24 20:26:36.915579
26,0,4937,1,2,3,4,-0.14319801937012577,1.1958978011396906,0.41173258205095886,normal,2026-07-24 20:30:36.915579
41,1,758,1,1,4,4,-1.6074973593584225,1.1958978011396906,0.41173258205095886,normal,2026-07-24 20:42:36.915579
27,2,951,1,2,3,0,0.8130288855439576,1.1958978011396906,0.41173258205095886,normal,2026-07-24 20:43:36.915579
43,0,3317,0,0,3,0,-1.7065917163629276,1.1958978011396906,0.41173258205095886,normal,2026-07-24 20:48:36.915579
37,2,1702,2,0,3,0,-0.2899749277906684,1.1958978011396906,0.41173258205095886,normal,2026-07-24 20:51:36.915579
12,0,4263,2,0,3,1,-1.5456186522396054,1.1958978011396906,0.41173258205095886,normal,2026-07-24 20:52:36.915579
20,2,2801,2,1,4,4,-0.8213936473618697,1.3392524895663893,0.41173258205095886,normal,2026-07-24 21:17:36.915579
35,0,3687,3,1,4,0,-0.7343616975388054,1.3392524895663893,0.41173258205095886,normal,2026-07-24 21:19:36.915579
20,2,4375,0,3,3,0,1.6933154883540065,1.3392524895663893,0.41173258205095886,normal,2026-07-24 21:29:36.915579
5,2,4540,0,3,5,1,-1.5259247300764405,1.3392524895663893,0.41173258205095886,insider_drift,2026-07-24 21:38:36.998575
18,1,4451,2,3,4,4,1.6130500203283402,1.3392524895663893,0.41173258205095886,normal,2026-07-24 21:48:36.915579
41,1,2676,3,1,4,4,-0.5174305978693894,1.3392524895663893,0.41173258205095886,normal,2026-07-24 21:48:36.915579
5,0,3005,1,3,3,1,0.045206208176170076,1.3392524895663893,0.41173258205095886,normal,2026-07-24 21:49:36.915579
37,1,4573,0,1,4,0,-0.6330951460936584,1.3392524895663893,0.41173258205095886,normal,2026-07-24 21:54:36.915579
22,2,1879,0,2,4,1,-0.4677296356899232,1.482607177993088,0.41173258205095886,normal,2026-07-24 22:09:36.915579
11,0,3052,1,3,4,4,-0.01838334235164818,1.482607177993088,0.41173258205095886,normal,2026-07-24 22:10:36.915579
10,1,2332,0,2,3,0,0.7015164966044555,1.482607177993088,0.41173258205095886,normal,2026-07-24 22:14:36.915579
16,2,295,0,1,3,1,1.2508317916113878,1.482607177993088,0.41173258205095886,normal,2026-07-24 22:15:36.915579
24,0,208,1,2,4,0,-1.5099216161664015,1.482607177993088,0.41173258205095886,normal,2026-07-24 22:19:36.915579
17,0,2982,2,3,4,1,-1.1325076378447818,1.482607177993088,0.41173258205095886,normal,2026-07-24 22:21:36.915579
15,2,1876,3,1,3,1,1.0149372422455716,1.482607177993088,0.41173258205095886,normal,2026-07-24 22:31:36.915579
24,2,4217,3,2,3,0,0.5956076004034233,1.482607177993088,0.41173258205095886,normal,2026-07-24 22:33:36.915579
34,0,3878,1,1,4,4,0.46047019405198386,1.482607177993088,0.41173258205095886,normal,2026-07-24 22:53:36.915579
15,2,3219,1,2,4,1,1.2329448276554824,1.482607177993088,0.41173258205095886,normal,2026-07-24 22:53:36.915579
11,1,4843,2,2,4,1,1.5950477186145247,1.482607177993088,0.41173258205095886,normal,2026-07-24 22:56:36.915579
27,2,1666,3,2,3,0,1.2732649855249198,1.482607177993088,0.41173258205095886,normal,2026-07-24 22:59:36.915579
1,0,3202,0,3,3,1,0.3472757961429581,1.6259618664197868,0.41173258205095886,normal,2026-07-24 23:31:36.915579
10,0,105,0,1,4,1,-1.2049397498123813,1.6259618664197868,0.41173258205095886,normal,2026-07-24 23:34:36.915579
0,2,2585,3,2,4,4,-0.17470445023925935,1.6259618664197868,0.41173258205095886,normal,2026-07-24 23:47:36.915579
22,1,3626,3,1,4,0,1.4609964094834058,1.6259618664197868,0.41173258205095886,normal,2026-07-24 23:58:36.915579
42,0,867,3,0,4,4,0.6932121780349219,-1.6711959673942849,0.9071044659743056,normal,2026-07-25 00:01:36.915579
22,0,3432,2,2,4,1,-1.5581039645333836,-1.6711959673942849,0.9071044659743056,normal,2026-07-25 00:05:36.915579
2,2,3604,1,0,3,0,-1.2434721724342106,-1.6711959673942849,0.9071044659743056,normal,2026-07-25 00:08:36.915579
2,1,4352,2,2,4,4,-0.4841364317526477,-1.6711959673942849,0.9071044659743056,normal,2026-07-25 00:23:36.915579
32,0,2325,2,0,4,0,-1.6301804517474265,-1.6711959673942849,0.9071044659743056,normal,2026-07-25 00:34:36.915579
50,0,989,0,2,4,1,-0.10676089935033144,-1.6711959673942849,0.9071044659743056,normal,2026-07-25 00:37:36.915579
7,1,4512,1,2,4,1,-0.9393072818653874,-1.6711959673942849,0.9071044659743056,normal,2026-07-25 00:38:36.915579
50,1,2948,2,3,3,4,-1.608045213708496,-1.6711959673942849,0.9071044659743056,normal,2026-07-25 00:58:36.915579
23,1,1684,2,0,3,0,0.5679553729444552,-1.527841278967586,0.9071044659743056,normal,2026-07-25 01:03:36.915579
1,1,4228,1,3,3,1,0.7098592610932923,-1.527841278967586,0.9071044659743056,normal,2026-07-25 01:04:36.915579
25,1,75,3,1,4,0,0.5113725912096811,-1.527841278967586,0.9071044659743056,normal,2026-07-25 01:10:36.915579
5,0,3544,0,2,4,0,-1.5068074967028264,-1.527841278967586,0.9071044659743056,normal,2026-07-25 01:22:36.915579
28,2,4394,3,2,4,1,-1.3060429061004888,-1.527841278967586,0.9071044659743056,normal,2026-07-25 01:22:36.915579
33,0,1534,1,1,4,0,0.7687103520669669,-1.527841278967586,0.9071044659743056,normal,2026-07-25 01:34:36.915579
35,2,3856,2,1,4,1,1.1663468839421733,-1.527841278967586,0.9071044659743056,normal,2026-07-25 01:36:36.915579
12,0,1115,0,0,4,4,0.18088185739785698,-1.527841278967586,0.9071044659743056,normal,2026-07-25 01:37:36.915579
10,2,3546,0,2,3,0,0.8196608066237937,-1.527841278967586,0.9071044659743056,normal,2026-07-25 01:39:36.915579
30,2,37,2,2,4,4,0.6288633206008614,-1.527841278967586,0.9071044659743056,normal,2026-07-25 01:48:36.915579
44,1,3795,0,3,4,0,0.08938056945577273,-1.527841278967586,0.9071044659743056,normal,2026-07-25 01:50:36.915579
50,0,4066,0,3,3,4,0.5484921262971106,-1.527841278967586,0.9071044659743056,normal,2026-07-25 01:50:36.915579
9,0,1491,2,3,4,4,-0.47210285901068455,-1.527841278967586,0.9071044659743056,normal,2026-07-25 01:58:36.915579
9,1,418,1,2,3,0,0.8547138735486655,-1.3844865905408872,0.9071044659743056,normal,2026-07-25 02:06:36.915579
12,0,2628,2,1,4,1,-1.3282165900587228,-1.3844865905408872,0.9071044659743056,normal,2026-07-25 02:07:36.915579
10,0,4347,1,0,4,4,0.7704788643549233,-1.3844865905408872,0.9071044659743056,normal,2026-07-25 02:13:36.915579
29,2,1502,0,3,3,4,-0.8917112337677823,-1.3844865905408872,0.9071044659743056,normal,2026-07-25 02:23:36.915579
5,2,1375,1,0,4,1,-0.04022062451597754,-1.3844865905408872,0.9071044659743056,normal,2026-07-25 02:33:36.915579
6,0,4583,1,2,3,0,-0.2183405686486145,-1.3844865905408872,0.9071044659743056,normal,2026-07-25 02:38:36.915579
32,1,1938,3,2,4,4,0.9376897788852213,-1.3844865905408872,0.9071044659743056,normal,2026-07-25 02:39:36.915579
44,2,1045,3,3,4,0,-0.7162825039863832,-1.3844865905408872,0.9071044659743056,normal,2026-07-25 02:51:36.915579
25,1,4345,2,1,3,0,-0.19223578944160827,-1.2411319021141884,0.9071044659743056,normal,2026-07-25 03:03:36.915579
0,1,880,0,3,4,4,-1.711474348114459,-1.2411319021141884,0.9071044659743056,normal,2026-07-25 03:39:36.915579
2,2,2979,0,3,4,1,0.6954516528343446,-1.2411319021141884,0.9071044659743056,normal,2026-07-25 03:41:36.915579
44,2,4982,2,2,4,1,-0.16339173848423488,-1.2411319021141884,0.9071044659743056,normal,2026-07-25 03:44:36.915579
45,2,522,2,2,3,1,-1.382829018429198,-1.2411319021141884,0.9071044659743056,normal,2026-07-25 03:54:36.915579
0,1,3709,1,2,4,1,0.14435823405963008,-1.0977772136874897,0.9071044659743056,normal,2026-07-25 04:07:36.915579
41,2,4782,3,1,4,1,-0.7099197043416708,-1.0977772136874897,0.9071044659743056,normal,2026-07-25 04:08:36.915579
36,0,4033,2,3,3,1,-0.37124960119804923,-1.0977772136874897,0.9071044659743056,normal,2026-07-25 04:51:36.915579
22,1,4495,2,1,4,0,-1.4422952441117267,-1.0977772136874897,0.9071044659743056,normal,2026-07-25 04:53:36.915579
36,2,4436,3,1,4,4,1.589799850629611,-0.954422525260791,0.9071044659743056,normal,2026-07-25 05:00:36.915579
3,1,3477,3,3,4,1,-0.09945617468268593,-0.954422525260791,0.9071044659743056,normal,2026-07-25 05:48:36.915579
7,1,10,0,0,3,4,0.6967876485301376,-0.954422525260791,0.9071044659743056,normal,2026-07-25 05:48:36.915579
28,1,182,2,3,3,0,-0.6054236956750386,-0.954422525260791,0.9071044659743056,normal,2026-07-25 05:51:36.915579
40,0,3530,0,1,4,1,0.20871670297351624,-0.954422525260791,0.9071044659743056,normal,2026-07-25 05:54:36.915579
6,2,4602,0,1,4,0,-0.1637281402781395,-0.8110678368340922,0.9071044659743056,normal,2026-07-25 06:05:36.915579
50,0,3898,2,2,3,0,-0.2813149844675783,-0.8110678368340922,0.9071044659743056,normal,2026-07-25 06:11:36.915579
35,2,2301,3,3,4,1,-0.09584225826816664,-0.8110678368340922,0.9071044659743056,normal,2026-07-25 06:11:36.915579
33,0,1312,0,3,3,0,0.4092217836205559,-0.8110678368340922,0.9071044659743056,normal,2026-07-25 06:23:36.915579
38,1,1082,3,0,4,4,0.046849771226390106,-0.8110678368340922,0.9071044659743056,normal,2026-07-25 06:24:36.915579
43,1,77,0,0,4,1,-1.047167308471067,-0.8110678368340922,0.9071044659743056,normal,2026-07-25 06:42:36.915579
28,1,2390,2,2,3,1,-1.0243208209250236,-0.8110678368340922,0.9071044659743056,normal,2026-07-25 06:46:36.915579
14,1,4420,3,3,4,4,-0.05221575133863734,-0.6677131484073935,0.9071044659743056,normal,2026-07-25 07:08:36.915579
11,2,4372,0,0,3,0,1.4543740998833958,-0.6677131484073935,0.9071044659743056,normal,2026-07-25 07:15:36.915579
37,2,463,0,0,4,4,-0.27802785836713806,-0.6677131484073935,0.9071044659743056,normal,2026-07-25 07:30:36.915579
29,1,1280,3,1,4,4,-0.3175887093303331,-0.6677131484073935,0.9071044659743056,normal,2026-07-25 07:34:36.915579
46,2,382,3,0,3,0,-1.0147381755386518,-0.6677131484073935,0.9071044659743056,normal,2026-07-25 07:40:36.915579
29,0,4788,2,1,3,0,0.3090797753150332,-0.5243584599806946,0.9071044659743056,normal,2026-07-25 08:14:36.915579
6,2,3263,2,3,4,1,-1.48262501346099,-0.5243584599806946,0.9071044659743056,normal,2026-07-25 08:17:36.915579
37,2,63,0,0,3,4,-1.3769756272152558,-0.5243584599806946,0.9071044659743056,normal,2026-07-25 08:29:36.915579
11,0,2705,3,1,3,1,-1.534113710888064,-0.5243584599806946,0.9071044659743056,normal,2026-07-25 08:32:36.915579
16,1,4103,1,2,4,0,1.2692377754778892,-0.5243584599806946,0.9071044659743056,normal,2026-07-25 08:36:36.915579
19,1,2794,0,1,3,1,0.4355668498232088,-0.5243584599806946,0.9071044659743056,normal,2026-07-25 08:39:36.915579
48,1,3905,2,2,4,4,-1.0099901045046824,-0.5243584599806946,0.9071044659743056,normal,2026-07-25 08:45:36.915579
10,0,4873,2,2,3,0,1.5755940834470057,-0.5243584599806946,0.9071044659743056,normal,2026-07-25 08:51:36.915579
3,1,2409,0,3,3,1,-0.23021074623353838,-0.5243584599806946,0.9071044659743056,normal,2026-07-25 08:58:36.915579
47,2,1484,2,0,3,0,-1.5513470942158116,-0.3810037715539959,0.9071044659743056,normal,2026-07-25 09:24:36.915579
2,1,1363,0,0,4,4,-1.695798024518499,-0.3810037715539959,0.9071044659743056,normal,2026-07-25 09:46:36.915579
21,1,2217,3,0,3,4,-1.0658904711718213,-0.3810037715539959,0.9071044659743056,normal,2026-07-25 09:58:36.915579
39,0,303,0,2,3,0,-0.1493205320191916,-0.23764908312729716,0.9071044659743056,normal,2026-07-25 10:03:36.915579
12,1,2535,1,2,4,0,1.369168331227243,-0.23764908312729716,0.9071044659743056,normal,2026-07-25 10:05:36.915579
35,0,3693,1,3,4,1,0.5916380592353475,-0.23764908312729716,0.9071044659743056,normal,2026-07-25 10:32:36.915579
49,1,3806,2,0,4,1,-0.7751912638390126,-0.09429439470059839,0.9071044659743056,normal,2026-07-25 11:08:36.915579
24,0,3699,3,3,3,4,-1.2335242908144568,-0.09429439470059839,0.9071044659743056,normal,2026-07-25 11:20:36.915579
23,2,1344,1,0,3,0,0.41404674649313217,-0.09429439470059839,0.9071044659743056,normal,2026-07-25 11:32:36.915579
49,1,445,1,3,3,0,-0.294780667703593,-0.09429439470059839,0.9071044659743056,normal,2026-07-25 11:40:36.915579
2,1,2312,2,2,3,0,-0.966863394526097,-0.09429439470059839,0.9071044659743056,normal,2026-07-25 11:43:36.915579
40,2,4295,2,1,4,1,1.6363386359463727,-0.09429439470059839,0.9071044659743056,normal,2026-07-25 11:44:36.915579
7,2,2038,1,2,4,4,-1.6449532962397566,-0.09429439470059839,0.9071044659743056,normal,2026-07-25 11:54:36.915579
21,0,3591,3,0,4,4,-0.7647339737884887,0.04906029372610037,0.9071044659743056,normal,2026-07-25 12:08:36.915579
32,1,236,2,0,3,0,0.7116373848610749,0.04906029372610037,0.9071044659743056,normal,2026-07-25 12:13:36.915579
18,0,1030,3,2,4,0,-1.1076811854546136,0.04906029372610037,0.9071044659743056,normal,2026-07-25 12:28:36.915579
34,0,3956,3,2,3,1,-0.06857449000223263,0.04906029372610037,0.9071044659743056,normal,2026-07-25 12:48:36.915579
16,0,3841,0,0,4,1,1.4472904392517452,0.04906029372610037,0.9071044659743056,normal,2026-07-25 12:48:36.915579
11,2,4614,0,1,3,4,0.615138127409549,0.04906029372610037,0.9071044659743056,normal,2026-07-25 12:52:36.915579
32,2,2233,2,3,3,1,0.07409831653267267,0.04906029372610037,0.9071044659743056,normal,2026-07-25 12:53:36.915579
4,0,1533,1,3,4,4,-1.197817643261427,0.19241498215279915,0.9071044659743056,normal,2026-07-25 13:10:36.915579
10,2,2865,1,3,3,1,-1.520157842180931,0.19241498215279915,0.9071044659743056,normal,2026-07-25 13:16:36.915579
14,1,4762,3,3,3,1,0.499713866180926,0.19241498215279915,0.9071044659743056,normal,2026-07-25 13:30:36.915579
48,2,1805,2,0,4,1,0.03952582359909314,0.19241498215279915,0.9071044659743056,normal,2026-07-25 13:33:36.915579
37,2,4277,2,1,3,0,0.1615820059075519,0.3357696705794979,0.9071044659743056,normal,2026-07-25 14:07:36.915579
32,0,3906,2,2,4,1,1.2153654310540043,0.3357696705794979,0.9071044659743056,normal,2026-07-25 14:07:36.915579
21,1,4152,0,0,4,1,1.6429705570262083,0.3357696705794979,0.9071044659743056,normal,2026-07-25 14:25:36.915579
8,1,1318,2,1,3,0,-0.11273923980200966,0.3357696705794979,0.9071044659743056,normal,2026-07-25 14:30:36.915579
11,1,4842,2,2,3,4,-1.5736265044521298,0.3357696705794979,0.9071044659743056,normal,2026-07-25 14:31:36.915579
44,2,2114,1,0,4,1,-0.9586455792749959,0.3357696705794979,0.9071044659743056,normal,2026-07-25 14:41:36.915579
42,1,3946,0,0,3,4,-0.6726271626173761,0.3357696705794979,0.9071044659743056,normal,2026-07-25 14:43:36.915579
37,1,4976,2,2,4,4,1.672324016414352,0.3357696705794979,0.9071044659743056,normal,2026-07-25 14:50:36.915579
31,1,2701,3,1,3,4,0.4790491845553503,0.3357696705794979,0.9071044659743056,normal,2026-07-25 14:54:36.915579
33,0,3067,3,0,4,4,-1.2302371647140162,0.3357696705794979,0.9071044659743056,normal,2026-07-25 14:59:36.915579
14,0,4729,0,3,3,4,-0.8872899530478916,0.47912435900619665,0.9071044659743056,normal,2026-07-25 15:05:36.915579
38,0,988,1,3,4,0,-0.6793744214551222,0.47912435900619665,0.9071044659743056,normal,2026-07-25 15:05:36.915579
34,2,3892,3,3,3,4,-0.7069113111561802,0.47912435900619665,0.9071044659743056,normal,2026-07-25 15:54:36.915579
13,0,916,3,3,4,4,1.4336805838183424,0.6224790474328954,0.9071044659743056,normal,2026-07-25 16:05:36.915579
14,2,4945,0,0,4,4,-1.6059499111064608,0.6224790474328954,0.9071044659743056,normal,2026-07-25 16:13:36.915579
43,2,1249,3,1,4,1,-0.4447774218657955,0.6224790474328954,0.9071044659743056,normal,2026-07-25 16:14:36.915579
28,2,1602,3,0,3,1,-0.9850387028767779,0.6224790474328954,0.9071044659743056,normal,2026-07-25 16:15:36.915579
43,2,2435,2,1,3,0,1.4927527388280115,0.6224790474328954,0.9071044659743056,normal,2026-07-25 16:51:36.915579
5,1,2131,0,0,3,4,0.5867169815645128,0.6224790474328954,0.9071044659743056,normal,2026-07-25 16:54:36.915579
20,1,558,2,3,3,4,-0.587306056203313,0.6224790474328954,0.9071044659743056,normal,2026-07-25 16:56:36.915579
16,0,3772,0,0,3,0,0.8594234986633316,0.7658337358595942,0.9071044659743056,normal,2026-07-25 17:04:36.915579
23,1,1809,2,1,4,1,0.38892233822836253,0.7658337358595942,0.9071044659743056,normal,2026-07-25 17:19:36.915579
19,0,4682,3,3,3,0,-0.551743580847671,0.7658337358595942,0.9071044659743056,normal,2026-07-25 17:23:36.915579
39,1,3949,2,0,3,1,-0.23092199574065123,0.7658337358595942,0.9071044659743056,normal,2026-07-25 17:35:36.915579
8,0,3997,2,2,3,1,1.0355058090728884,0.7658337358595942,0.9071044659743056,normal,2026-07-25 17:39:36.915579
40,0,55,0,0,3,0,-1.2658669204284392,0.7658337358595942,0.9071044659743056,normal,2026-07-25 17:39:36.915579
21,1,162,0,1,3,1,0.712627367283137,0.7658337358595942,0.9071044659743056,normal,2026-07-25 17:46:36.915579
20,2,4756,0,2,4,0,1.6369249362157492,0.7658337358595942,0.9071044659743056,normal,2026-07-25 17:54:36.915579
37,1,2404,1,1,4,0,-1.1885329537496567,0.909188424286293,0.9071044659743056,normal,2026-07-25 18:12:36.915579
16,0,1614,1,0,4,0,0.02143701856684504,0.909188424286293,0.9071044659743056,normal,2026-07-25 18:16:36.915579
13,0,3384,0,0,4,1,-0.8456434109624872,0.909188424286293,0.9071044659743056,normal,2026-07-25 18:24:36.915579
8,1,4864,0,3,4,4,-0.8850312552888172,0.909188424286293,0.9071044659743056,normal,2026-07-25 18:39:36.915579
12,0,4330,2,0,4,4,0.7341570820930393,0.909188424286293,0.9071044659743056,normal,2026-07-25 18:40:36.915579
19,2,4754,0,1,3,0,1.5271618366045518,0.909188424286293,0.9071044659743056,normal,2026-07-25 18:49:36.915579
43,0,2240,1,0,3,4,0.004126743400490672,1.0525431127129916,0.9071044659743056,normal,2026-07-25 19:01:36.915579
29,0,2108,0,3,4,0,-0.98987327722918,1.0525431127129916,0.9071044659743056,normal,2026-07-25 19:01:36.915579
21,0,2158,0,0,3,4,1.14847914294592,1.0525431127129916,0.9071044659743056,normal,2026-07-25 19:02:36.915579
47,1,2743,1,1,4,4,-1.0318850555479668,1.0525431127129916,0.9071044659743056,normal,2026-07-25 19:06:36.915579
5,2,472,0,3,3,4,0.2538041548365748,1.0525431127129916,0.9071044659743056,normal,2026-07-25 19:13:36.915579
22,2,3128,1,1,4,0,-1.0414580894545127,1.0525431127129916,0.9071044659743056,normal,2026-07-25 19:15:36.915579
15,1,3657,0,2,3,0,0.6959995071844178,1.0525431127129916,0.9071044659743056,normal,2026-07-25 19:18:36.915579
43,1,2129,0,0,4,4,-0.7700010647330541,1.0525431127129916,0.9071044659743056,normal,2026-07-25 19:25:36.915579
45,1,4405,0,3,4,1,-1.2219616805839602,1.0525431127129916,0.9071044659743056,normal,2026-07-25 19:27:36.915579
37,0,2782,1,3,3,0,0.28380158337305017,1.0525431127129916,0.9071044659743056,normal,2026-07-25 19:27:36.915579
19,2,1401,0,3,3,4,0.4623444326180243,1.0525431127129916,0.9071044659743056,normal,2026-07-25 19:37:36.915579
35,1,800,3,1,4,1,1.6846267105914388,1.0525431127129916,0.9071044659743056,normal,2026-07-25 19:50:36.915579
20,2,4812,2,3,4,4,-1.598731689757248,1.0525431127129916,0.9071044659743056,normal,2026-07-25 19:51:36.915579
29,2,1681,3,0,4,4,-1.0408814006649618,1.0525431127129916,0.9071044659743056,normal,2026-07-25 19:53:36.915579
8,1,3525,0,3,3,4,-0.856167981371792,1.0525431127129916,0.9071044659743056,normal,2026-07-25 19:57:36.915579
28,2,3392,0,1,4,0,-0.36458884567873573,1.1958978011396906,0.9071044659743056,normal,2026-07-25 20:02:36.915579
46,1,1500,0,3,3,4,-0.4677296356899232,1.1958978011396906,0.9071044659743056,normal,2026-07-25 20:02:36.915579
20,1,3410,1,2,3,0,-0.4789558441265151,1.1958978011396906,0.9071044659743056,normal,2026-07-25 20:18:36.915579
14,0,4417,3,3,4,4,0.18967636143850905,1.1958978011396906,0.9071044659743056,normal,2026-07-25 20:21:36.915579
41,1,3803,2,1,4,0,1.2835781033780562,1.1958978011396906,0.9071044659743056,normal,2026-07-25 20:28:36.915579
10,1,1658,1,0,4,4,1.3061746924486273,1.1958978011396906,0.9071044659743056,normal,2026-07-25 20:31:36.915579
5,2,949,0,3,3,0,-0.7837935382831477,1.1958978011396906,0.9071044659743056,normal,2026-07-25 20:31:36.915579
27,2,3734,2,3,3,1,-0.3204433188386104,1.1958978011396906,0.9071044659743056,normal,2026-07-25 20:37:36.915579
46,0,1407,3,3,3,0,0.5815171709787286,1.1958978011396906,0.9071044659743056,normal,2026-07-25 20:49:36.915579
27,0,872,1,0,4,0,0.8372882606244008,1.1958978011396906,0.9071044659743056,normal,2026-07-25 20:50:36.915579
20,2,24,0,3,3,4,-1.233062939782816,1.3392524895663893,0.9071044659743056,normal,2026-07-25 21:12:36.915579
19,1,4891,0,3,3,1,0.9787211862617715,1.3392524895663893,0.9071044659743056,normal,2026-07-25 21:15:36.915579
12,0,1083,2,2,3,1,-1.069658171263554,1.3392524895663893,0.9071044659743056,normal,2026-07-25 21:19:36.915579
11,0,875,3,1,4,0,0.7524861741209339,1.3392524895663893,0.9071044659743056,normal,2026-07-25 21:31:36.915579
8,1,2654,2,0,3,0,-0.8110324721096043,1.3392524895663893,0.9071044659743056,normal,2026-07-25 21:38:36.915579
5,2,1482,2,3,5,1,-1.5163132502505914,1.3392524895663893,0.9071044659743056,insider_drift,2026-07-25 21:38:36.998575
27,1,2765,2,1,3,1,0.5089312753339156,1.3392524895663893,0.9071044659743056,normal,2026-07-25 21:46:36.915579
36,0,3308,3,1,4,0,0.4167091264048924,1.3392524895663893,0.9071044659743056,normal,2026-07-25 21:49:36.915579
37,2,1103,0,0,4,4,0.11957022758876508,1.482607177993088,0.9071044659743056,normal,2026-07-25 22:12:36.915579
28,1,2810,3,3,4,1,0.9776350890414509,1.482607177993088,0.9071044659743056,normal,2026-07-25 22:23:36.915579
38,2,2627,3,3,4,4,-1.4145469018545003,1.482607177993088,0.9071044659743056,normal,2026-07-25 22:30:36.915579
29,2,2112,2,3,4,4,1.3374696707615923,1.482607177993088,0.9071044659743056,normal,2026-07-25 22:32:36.915579
47,0,4030,0,0,3,1,-1.7068512263182254,1.482607177993088,0.9071044659743056,normal,2026-07-25 22:36:36.915579
40,2,90,1,2,4,1,-0.1269161725451372,1.482607177993088,0.9071044659743056,normal,2026-07-25 22:56:36.915579
14,1,3998,3,1,3,0,0.9554710165630423,1.6259618664197868,0.9071044659743056,normal,2026-07-25 23:12:36.915579
43,0,2566,1,2,3,4,-0.30270052708009276,1.6259618664197868,0.9071044659743056,normal,2026-07-25 23:21:36.915579
42,2,4628,2,1,4,0,0.945042560951996,1.6259618664197868,0.9071044659743056,normal,2026-07-25 23:22:36.915579
1,2,1284,2,0,3,1,-0.5258983115959625,1.6259618664197868,0.9071044659743056,normal,2026-07-25 23:27:36.915579
40,1,4036,1,2,4,4,-0.9579343297678831,1.6259618664197868,0.9071044659743056,normal,2026-07-25 23:31:36.915579
47,2,2579,1,3,3,4,-0.4527165042019469,1.6259618664197868,0.9071044659743056,normal,2026-07-25 23:42:36.915579
48,2,999,1,1,3,1,1.0443291475530183,1.6259618664197868,0.9071044659743056,normal,2026-07-25 23:42:36.915579
19,1,1908,1,1,3,1,-1.0520403287427724,1.6259618664197868,0.9071044659743056,normal,2026-07-25 23:53:36.915579
30,0,3618,3,3,3,0,1.4723379556779082,1.6259618664197868,0.9071044659743056,normal,2026-07-25 23:56:36.915579
37,2,3226,3,0,3,4,0.6546220865341373,-1.6711959673942849,1.4024763498976525,normal,2026-07-26 00:00:36.915579
9,1,3112,1,0,4,1,-1.1578146642262428,-1.6711959673942849,1.4024763498976525,normal,2026-07-26 00:08:36.915579
26,0,1176,0,0,3,4,-0.3874353332247792,-1.6711959673942849,1.4024763498976525,normal,2026-07-26 00:19:36.915579
14,0,480,3,1,4,1,0.4574233549471896,-1.6711959673942849,1.4024763498976525,normal,2026-07-26 00:20:36.915579
19,0,4237,1,2,4,0,-0.7379852254331506,-1.6711959673942849,1.4024763498976525,normal,2026-07-26 00:24:36.915579
39,2,2565,2,1,3,4,-0.7826497721838716,-1.6711959673942849,1.4024763498976525,normal,2026-07-26 00:51:36.915579
21,1,2902,1,2,3,0,1.4236461988801563,-1.527841278967586,1.4024763498976525,normal,2026-07-26 01:17:36.915579
24,0,4170,3,2,4,1,-0.9096174206833393,-1.527841278967586,1.4024763498976525,normal,2026-07-26 01:20:36.915579
21,1,4915,0,1,4,0,-0.8110036376701267,-1.527841278967586,1.4024763498976525,normal,2026-07-26 01:21:36.915579
8,0,4639,0,2,3,0,0.13130584445612697,-1.527841278967586,1.4024763498976525,normal,2026-07-26 01:57:36.915579
16,2,1351,2,1,3,0,0.20276719696131554,-1.527841278967586,1.4024763498976525,normal,2026-07-26 01:59:36.915579
42,0,2060,2,3,3,0,-0.7014519906150978,-1.527841278967586,1.4024763498976525,normal,2026-07-26 01:59:36.915579
30,0,2273,3,0,3,1,0.5829877273920832,-1.3844865905408872,1.4024763498976525,normal,2026-07-26 02:01:36.915579
1,1,5000,3,0,4,1,-1.6037969396254705,-1.3844865905408872,1.4024763498976525,normal,2026-07-26 02:09:36.915579
10,2,1111,3,2,4,1,-0.509683745129755,-1.3844865905408872,1.4024763498976525,normal,2026-07-26 02:14:36.915579
25,2,4567,3,2,4,0,1.665038514706358,-1.3844865905408872,1.4024763498976525,normal,2026-07-26 02:18:36.915579
49,2,942,3,2,3,0,0.1197336227458046,-1.3844865905408872,1.4024763498976525,normal,2026-07-26 02:25:36.915579
36,2,3716,2,1,3,1,-1.4064540358411353,-1.3844865905408872,1.4024763498976525,normal,2026-07-26 02:25:36.915579
37,0,2519,0,2,3,0,-0.0633650679366223,-1.3844865905408872,1.4024763498976525,normal,2026-07-26 02:34:36.915579
12,2,2928,2,2,4,4,1.012342142692592,-1.3844865905408872,1.4024763498976525,normal,2026-07-26 02:40:36.915579
16,2,3690,2,3,3,1,-0.43135018454908414,-1.3844865905408872,1.4024763498976525,normal,2026-07-26 02:44:36.915579
26,2,2660,2,1,3,4,-1.218962898878295,-1.3844865905408872,1.4024763498976525,normal,2026-07-26 02:45:36.915579
24,0,3239,2,3,3,1,-0.9409027875164785,-1.3844865905408872,1.4024763498976525,normal,2026-07-26 02:59:36.915579
3,1,1528,1,3,4,0,1.2711024025641038,-1.2411319021141884,1.4024763498976525,normal,2026-07-26 03:13:36.915579
15,2,493,1,1,3,1,1.2875476445461316,-1.2411319021141884,1.4024763498976525,normal,2026-07-26 03:35:36.915579
0,1,1542,0,3,4,4,1.4190807459628778,-1.2411319021141884,1.4024763498976525,normal,2026-07-26 03:39:36.915579
36,2,1638,3,3,3,0,-0.4221904442750499,-1.2411319021141884,1.4024763498976525,normal,2026-07-26 03:57:36.915579
9,2,3185,3,2,3,1,1.0217037240429694,-1.0977772136874897,1.4024763498976525,normal,2026-07-26 04:07:36.915579
49,0,1683,0,1,3,0,1.0573623141968698,-1.0977772136874897,1.4024763498976525,normal,2026-07-26 04:12:36.915579
22,0,4304,0,0,3,0,-1.0490127125976298,-1.0977772136874897,1.4024763498976525,normal,2026-07-26 04:18:36.915579
14,0,525,2,0,3,4,1.1100140006828711,-1.0977772136874897,1.4024763498976525,normal,2026-07-26 04:19:36.915579
38,1,4522,3,3,3,1,0.0023678425923601234,-1.0977772136874897,1.4024763498976525,normal,2026-07-26 04:33:36.915579
37,1,3302,2,1,4,4,-0.06920884767073875,-1.0977772136874897,1.4024763498976525,normal,2026-07-26 04:53:36.915579
8,1,3654,0,3,3,1,-1.5778651670553294,-0.954422525260791,1.4024763498976525,normal,2026-07-26 05:06:36.915579
34,0,3004,0,3,4,4,1.3675536026165003,-0.954422525260791,1.4024763498976525,normal,2026-07-26 05:06:36.915579
6,1,2996,3,0,3,4,1.7028116304219456,-0.954422525260791,1.4024763498976525,normal,2026-07-26 05:26:36.915579
40,1,1554,2,2,3,4,-0.7664640401571416,-0.954422525260791,1.4024763498976525,normal,2026-07-26 05:32:36.915579
7,2,3006,1,3,3,1,-0.8552452793085106,-0.954422525260791,1.4024763498976525,normal,2026-07-26 05:35:36.915579
2,1,3127,1,2,4,4,-0.08971013413927498,-0.954422525260791,1.4024763498976525,normal,2026-07-26 05:55:36.915579
6,1,1065,3,3,4,4,0.7264102293534049,-0.954422525260791,1.4024763498976525,normal,2026-07-26 05:57:36.915579
41,1,2509,2,3,4,1,0.8606826025205178,-0.8110678368340922,1.4024763498976525,normal,2026-07-26 06:00:36.915579
22,0,2461,3,0,4,4,-0.7834090790901138,-0.8110678368340922,1.4024763498976525,normal,2026-07-26 06:07:36.915579
20,1,2871,1,2,3,0,-0.9614329084244924,-0.8110678368340922,1.4024763498976525,normal,2026-07-26 06:09:36.915579
42,0,3485,3,3,3,4,-1.0372578727706165,-0.8110678368340922,1.4024763498976525,normal,2026-07-26 06:14:36.915579
25,2,4400,2,0,4,1,1.6125982807765251,-0.8110678368340922,1.4024763498976525,normal,2026-07-26 06:18:36.915579
38,2,2915,1,1,3,0,0.44300613520841586,-0.8110678368340922,1.4024763498976525,normal,2026-07-26 06:19:36.915579
49,2,1664,2,0,4,0,-0.9570692965835567,-0.8110678368340922,1.4024763498976525,normal,2026-07-26 06:24:36.915579
42,0,1785,3,2,3,1,-0.35070986881020944,-0.8110678368340922,1.4024763498976525,normal,2026-07-26 06:25:36.915579
25,2,3611,0,0,4,1,-0.6208501207955265,-0.8110678368340922,1.4024763498976525,normal,2026-07-26 06:42:36.915579
6,2,3960,1,1,3,0,1.2537921273977493,-0.8110678368340922,1.4024763498976525,normal,2026-07-26 06:45:36.915579
6,0,2354,0,1,3,1,1.4482900331536335,-0.8110678368340922,1.4024763498976525,normal,2026-07-26 06:49:36.915579
7,0,4142,0,1,3,1,-0.8121858496887061,-0.8110678368340922,1.4024763498976525,normal,2026-07-26 06:49:36.915579
3,1,4079,2,0,4,4,0.5018860606215682,-0.8110678368340922,1.4024763498976525,normal,2026-07-26 06:50:36.915579
1,0,407,1,0,4,1,1.5351681992994841,-0.8110678368340922,1.4024763498976525,normal,2026-07-26 06:50:36.915579
8,1,4058,2,2,3,1,-0.7825440459057874,-0.8110678368340922,1.4024763498976525,normal,2026-07-26 06:53:36.915579
20,2,4829,0,0,4,1,-0.3017489905773337,-0.8110678368340922,1.4024763498976525,normal,2026-07-26 06:56:36.915579
15,2,3472,2,0,3,0,-0.951129402051182,-0.6677131484073935,1.4024763498976525,normal,2026-07-26 07:14:36.915579
27,1,1742,0,3,4,0,-0.5310020073834884,-0.6677131484073935,1.4024763498976525,normal,2026-07-26 07:15:36.915579
9,2,3628,2,2,4,0,-0.3592160284560861,-0.6677131484073935,1.4024763498976525,normal,2026-07-26 07:19:36.915579
25,2,956,2,0,3,4,0.33018658501259807,-0.6677131484073935,1.4024763498976525,normal,2026-07-26 07:20:36.915579
25,1,3495,1,3,3,4,-0.003350987904020183,-0.6677131484073935,1.4024763498976525,normal,2026-07-26 07:26:36.915579
40,1,3187,0,0,4,1,-1.0983099926244106,-0.6677131484073935,1.4024763498976525,normal,2026-07-26 07:36:36.915579
49,1,2234,1,3,4,1,-1.6312761604475732,-0.6677131484073935,1.4024763498976525,normal,2026-07-26 07:52:36.915579
22,2,746,1,0,3,4,1.6273038449100745,-0.5243584599806946,1.4024763498976525,normal,2026-07-26 08:20:36.915579
35,2,3850,2,3,4,0,0.052059193292000434,-0.5243584599806946,1.4024763498976525,normal,2026-07-26 08:28:36.915579
32,1,3174,0,0,4,0,1.3825475111448249,-0.5243584599806946,1.4024763498976525,normal,2026-07-26 08:36:36.915579
37,2,167,2,2,3,0,-0.8713925654159371,-0.5243584599806946,1.4024763498976525,normal,2026-07-26 08:37:36.915579
34,0,2130,2,0,4,4,-1.5877938257154318,-0.5243584599806946,1.4024763498976525,normal,2026-07-26 08:38:36.915579
39,2,2859,0,0,4,1,-0.2897826981941516,-0.5243584599806946,1.4024763498976525,normal,2026-07-26 08:39:36.915579
43,2,1883,3,0,4,1,0.10857469466799358,-0.3810037715539959,1.4024763498976525,normal,2026-07-26 09:00:36.915579
14,0,4969,0,3,4,4,0.9684945717270681,-0.3810037715539959,1.4024763498976525,normal,2026-07-26 09:02:36.915579
29,2,1844,3,0,3,0,1.5092748726486462,-0.3810037715539959,1.4024763498976525,normal,2026-07-26 09:07:36.915579
29,2,1213,3,1,3,1,-0.9642106260941627,-0.3810037715539959,1.4024763498976525,normal,2026-07-26 09:15:36.915579
3,1,3941,2,2,3,0,0.17003049667447329,-0.3810037715539959,1.4024763498976525,normal,2026-07-26 09:20:36.915579
40,2,2924,1,3,3,1,-0.11267195944322855,-0.3810037715539959,1.4024763498976525,normal,2026-07-26 09:28:36.915579
50,1,2813,0,2,4,4,-0.9220450640981623,-0.3810037715539959,1.4024763498976525,normal,2026-07-26 09:29:36.915579
28,2,4478,1,1,3,0,0.10271169197422565,-0.3810037715539959,1.4024763498976525,normal,2026-07-26 09:45:36.915579
23,0,2257,1,1,3,0,-0.5880941975490325,-0.3810037715539959,1.4024763498976525,normal,2026-07-26 09:50:36.915579
39,1,3211,3,1,4,0,-0.9439976840204019,-0.23764908312729716,1.4024763498976525,normal,2026-07-26 10:08:36.915579
23,2,3080,0,3,3,0,-0.7387060864200893,-0.23764908312729716,1.4024763498976525,normal,2026-07-26 10:17:36.915579
44,1,913,2,0,3,0,-0.29532852205366655,-0.23764908312729716,1.4024763498976525,normal,2026-07-26 10:26:36.915579
22,1,3298,3,3,4,4,1.2613275275812152,-0.23764908312729716,1.4024763498976525,normal,2026-07-26 10:32:36.915579
34,2,4735,2,0,3,0,-0.4335704363888553,-0.23764908312729716,1.4024763498976525,normal,2026-07-26 10:47:36.915579
20,0,51,1,1,3,4,0.1274612525257873,-0.09429439470059839,1.4024763498976525,normal,2026-07-26 11:01:36.915579
50,0,2324,1,3,3,1,-0.9548105988244822,-0.09429439470059839,1.4024763498976525,normal,2026-07-26 11:20:36.915579
36,0,3660,3,1,4,4,-0.4863278491529415,-0.09429439470059839,1.4024763498976525,normal,2026-07-26 11:28:36.915579
18,1,1386,3,2,4,4,0.3240256264442289,-0.09429439470059839,1.4024763498976525,normal,2026-07-26 11:29:36.915579
46,1,4234,2,0,3,0,-1.6889354279228426,-0.09429439470059839,1.4024763498976525,normal,2026-07-26 11:31:36.915579
28,0,899,1,1,4,1,-0.06645035296071992,-0.09429439470059839,1.4024763498976525,normal,2026-07-26 11:55:36.915579
15,2,3769,2,3,4,4,0.5564119856736106,0.04906029372610037,1.4024763498976525,normal,2026-07-26 12:06:36.915579
19,2,286,3,3,4,1,0.8262350588246742,0.04906029372610037,1.4024763498976525,normal,2026-07-26 12:07:36.915579
43,2,2049,2,2,4,1,0.14180158042595434,0.04906029372610037,1.4024763498976525,normal,2026-07-26 12:14:36.915579
17,2,4363,3,1,3,0,1.4095269350159838,0.04906029372610037,1.4024763498976525,normal,2026-07-26 12:24:36.915579
26,1,345,2,3,3,4,0.7336092277429658,0.04906029372610037,1.4024763498976525,normal,2026-07-26 12:36:36.915579
41,0,1002,0,3,3,0,0.5106709531823942,0.04906029372610037,1.4024763498976525,normal,2026-07-26 12:37:36.915579
7,0,111,3,0,3,4,-0.1530786206310987,0.04906029372610037,1.4024763498976525,normal,2026-07-26 12:37:36.915579
2,0,3362,0,3,3,0,0.253016013490855,0.04906029372610037,1.4024763498976525,normal,2026-07-26 12:51:36.915579
19,2,2481,0,1,4,0,1.4424174189800394,0.19241498215279915,1.4024763498976525,normal,2026-07-26 13:02:36.915579
48,1,3469,0,0,3,4,-0.8273815992933737,0.19241498215279915,1.4024763498976525,normal,2026-07-26 13:37:36.915579
36,2,978,3,2,3,1,1.1544670948774238,0.19241498215279915,1.4024763498976525,normal,2026-07-26 13:38:36.915579
21,1,4489,0,0,3,1,1.5432226193935459,0.19241498215279915,1.4024763498976525,normal,2026-07-26 13:47:36.915579
39,0,165,2,1,4,4,1.3538572438646652,0.19241498215279915,1.4024763498976525,normal,2026-07-26 13:50:36.915579
27,0,3464,0,1,4,4,-0.7792857542448244,0.19241498215279915,1.4024763498976525,normal,2026-07-26 13:52:36.915579
4,1,4106,3,2,4,0,1.2952560513664626,0.19241498215279915,1.4024763498976525,normal,2026-07-26 13:52:36.915579
35,1,1693,0,3,3,4,-1.625941789144227,0.19241498215279915,1.4024763498976525,normal,2026-07-26 13:54:36.915579
19,2,4022,2,0,4,0,-1.2061315733107865,0.3357696705794979,1.4024763498976525,normal,2026-07-26 14:12:36.915579
26,0,2228,0,0,4,0,1.05006720100905,0.3357696705794979,1.4024763498976525,normal,2026-07-26 14:21:36.915579
36,2,3715,3,2,4,1,0.23025602926324432,0.3357696705794979,1.4024763498976525,normal,2026-07-26 14:30:36.915579
0,1,4389,2,3,4,0,-1.2164158567244452,0.3357696705794979,1.4024763498976525,normal,2026-07-26 14:34:36.915579
23,1,995,2,0,4,4,1.4677148338816746,0.3357696705794979,1.4024763498976525,normal,2026-07-26 14:47:36.915579
24,0,3895,2,0,4,0,-0.2956457008879195,0.47912435900619665,1.4024763498976525,normal,2026-07-26 15:00:36.915579
30,1,843,1,2,3,4,-0.5452942778845261,0.47912435900619665,1.4024763498976525,normal,2026-07-26 15:09:36.915579
3,0,745,1,2,3,1,-0.3221637737274373,0.47912435900619665,1.4024763498976525,normal,2026-07-26 15:23:36.915579
25,1,2314,3,3,3,1,0.41184571761301275,0.47912435900619665,1.4024763498976525,normal,2026-07-26 15:32:36.915579
3,2,2670,1,0,3,4,-0.1993867304320399,0.47912435900619665,1.4024763498976525,normal,2026-07-26 15:47:36.915579
34,1,4054,3,1,4,0,-0.3571399488137026,0.47912435900619665,1.4024763498976525,normal,2026-07-26 15:53:36.915579
19,0,3597,1,1,3,1,1.506170364664897,0.47912435900619665,1.4024763498976525,normal,2026-07-26 15:57:36.915579
14,2,1009,1,3,4,0,0.6516233048284725,0.6224790474328954,1.4024763498976525,normal,2026-07-26 16:38:36.915579
16,1,242,2,0,3,1,-1.583891564906137,0.6224790474328954,1.4024763498976525,normal,2026-07-26 16:51:36.915579
4,1,2455,0,2,4,0,0.7211623613684912,0.7658337358595942,1.4024763498976525,normal,2026-07-26 17:03:36.915579
32,2,2224,3,1,3,0,0.58792802802257,0.7658337358595942,1.4024763498976525,normal,2026-07-26 17:14:36.915579
25,0,1571,1,0,4,1,0.5467524484486319,0.7658337358595942,1.4024763498976525,normal,2026-07-26 17:25:36.915579
22,0,2248,1,1,3,4,-1.1285188737170544,0.7658337358595942,1.4024763498976525,normal,2026-07-26 17:31:36.915579
13,0,3598,3,2,3,0,-0.5875271202393075,0.7658337358595942,1.4024763498976525,normal,2026-07-26 17:31:36.915579
45,0,3277,2,3,3,0,-0.6014157085876594,0.7658337358595942,1.4024763498976525,normal,2026-07-26 17:51:36.915579
22,2,4409,0,1,3,4,-1.2832444759535746,0.7658337358595942,1.4024763498976525,normal,2026-07-26 17:53:36.915579
0,2,133,2,2,4,4,-0.09605371082433535,0.7658337358595942,1.4024763498976525,normal,2026-07-26 17:54:36.915579
15,2,4367,1,2,3,0,0.976347150744787,0.909188424286293,1.4024763498976525,normal,2026-07-26 18:14:36.915579
6,1,4565,2,3,4,1,-1.2300353236376733,0.909188424286293,1.4024763498976525,normal,2026-07-26 18:28:36.915579
8,1,641,0,2,4,0,-0.0624327543935149,0.909188424286293,1.4024763498976525,normal,2026-07-26 18:35:36.915579
27,1,2946,2,1,4,0,-0.32695029068071024,0.909188424286293,1.4024763498976525,normal,2026-07-26 18:52:36.915579
7,1,3167,3,1,4,1,1.6542832687812332,1.0525431127129916,1.4024763498976525,normal,2026-07-26 19:07:36.915579
29,2,3444,1,0,4,0,-0.4080231230117482,1.0525431127129916,1.4024763498976525,normal,2026-07-26 19:11:36.915579
21,0,613,2,3,4,4,1.3383058695064414,1.0525431127129916,1.4024763498976525,normal,2026-07-26 19:13:36.915579
5,0,2056,0,2,3,0,0.8938518193995235,1.0525431127129916,1.4024763498976525,normal,2026-07-26 19:15:36.915579
3,1,1418,0,2,3,0,-0.3729123872079212,1.0525431127129916,1.4024763498976525,normal,2026-07-26 19:33:36.915579
19,0,4581,1,1,4,4,0.08675663546331588,1.0525431127129916,1.4024763498976525,normal,2026-07-26 19:35:36.915579
1,0,4748,1,0,3,0,1.5541989293546656,1.0525431127129916,1.4024763498976525,normal,2026-07-26 19:36:36.915579
22,0,1997,1,1,4,1,-0.3006436703973611,1.0525431127129916,1.4024763498976525,normal,2026-07-26 19:42:36.915579
26,1,2165,1,0,4,1,1.5455870434307046,1.0525431127129916,1.4024763498976525,normal,2026-07-26 19:44:36.915579
9,0,3460,3,3,4,1,0.054106438494906414,1.0525431127129916,1.4024763498976525,normal,2026-07-26 19:46:36.915579
12,1,3907,1,2,4,4,-0.013567990958897748,1.0525431127129916,1.4024763498976525,normal,2026-07-26 19:54:36.915579
32,2,4549,2,0,4,0,-1.5260592907940025,1.0525431127129916,1.4024763498976525,normal,2026-07-26 19:59:36.915579
26,2,247,2,3,4,1,-1.353129545767324,1.1958978011396906,1.4024763498976525,normal,2026-07-26 20:07:36.915579
47,0,3835,3,2,4,1,0.17362519012934088,1.1958978011396906,1.4024763498976525,normal,2026-07-26 20:10:36.915579
27,0,1579,3,3,4,4,1.5610134685511923,1.1958978011396906,1.4024763498976525,normal,2026-07-26 20:17:36.915579
42,0,4504,3,2,3,1,-1.6695875190334082,1.1958978011396906,1.4024763498976525,normal,2026-07-26 20:25:36.915579
10,0,4355,0,0,3,4,0.5472041880004467,1.1958978011396906,1.4024763498976525,normal,2026-07-26 20:26:36.915579
36,1,1738,1,1,4,1,0.7098304266538151,1.1958978011396906,1.4024763498976525,normal,2026-07-26 20:41:36.915579
27,1,416,1,0,3,1,-0.6979534119584886,1.1958978011396906,1.4024763498976525,normal,2026-07-26 20:43:36.915579
22,1,4966,2,2,3,1,0.5655909489072962,1.1958978011396906,1.4024763498976525,normal,2026-07-26 20:50:36.915579
36,1,4553,2,3,3,0,0.989543712545678,1.3392524895663893,1.4024763498976525,normal,2026-07-26 21:02:36.915579
6,0,3394,1,2,3,1,1.1725174539903687,1.3392524895663893,1.4024763498976525,normal,2026-07-26 21:20:36.915579
6,2,3785,2,1,3,0,-0.24974127323966383,1.3392524895663893,1.4024763498976525,normal,2026-07-26 21:26:36.915579
6,1,3379,3,0,4,4,-0.2872164330806498,1.3392524895663893,1.4024763498976525,normal,2026-07-26 21:34:36.915579
5,2,1204,2,3,5,1,-1.506701770424742,1.3392524895663893,1.4024763498976525,insider_drift,2026-07-26 21:38:36.998575
5,2,4150,2,3,5,1,-1.497090290598893,1.3392524895663893,-1.5697549536424282,insider_drift,2026-07-27 21:38:36.998575
5,2,3470,4,3,5,1,-1.4874788107730437,1.3392524895663893,-1.0743830697190815,insider_drift,2026-07-28 21:38:36.998575
5,2,3074,4,3,5,1,-1.4778673309471946,1.3392524895663893,-0.5790111857957346,insider_drift,2026-07-29 21:38:36.998575
5,2,742,4,3,5,1,-1.4682558511213455,1.3392524895663893,-0.0836393018723879,insider_drift,2026-07-30 21:38:36.998575
